Keyword,Volume,Previous organic traffic,Current organic traffic,Organic traffic change,Current paid traffic,Previous average position,Current average position,Position change,Current locations,Locations change,Top location code,Top location,Top location's volume,Top location's traffic,Top location's traffic change
portainer docker compose,3260,414,399,-15,,3.60,3.28,-0.32,25,,DE,Germany,3260,399,-15
echo command in linux,2220,152,251,99,,3.83,3.73,-0.11,11,-1,IN,India,2220,251,99
npm workspaces,2410,204,227,23,,4.81,4.88,0.07,26,-1,US,United States,2410,227,23
jq select,2020,240,227,-14,,3.54,3.58,0.04,26,,US,United States,2020,227,-14
nx monorepo,3510,208,213,5,,5.47,6.05,0.58,20,1,US,United States,3510,213,5
cmake vs make,880,165,172,8,,2.50,2.21,-0.29,14,,US,United States,880,172,8
docker scout,1320,99,99,-1,,5.18,5.18,0.00,11,,US,United States,1320,99,-1
portainer docker,2850,68,83,16,,9.15,8.95,-0.20,19,-1,IT,Italy,2850,83,16
how to read csv file in python,1170,68,73,5,,7.53,7.35,-0.18,17,,GB,United Kingdom,1170,73,5
make vs cmake,530,74,70,-4,,2.92,2.85,-0.08,13,,US,United States,530,70,-4
echo command linux,450,33,68,35,,3.80,2.30,-1.50,10,,US,United States,450,68,35
python makefile,190,69,67,-2,,1.57,1.64,0.07,14,,US,United States,190,67,-2
docker compose portainer,470,74,58,-16,,2.73,3.45,0.73,11,,DE,Germany,470,58,-16
makefile python,200,62,58,-4,,1.27,1.83,0.56,12,1,US,United States,200,58,-4
flux vs argocd,490,64,58,-6,,3.12,4.00,0.88,8,,US,United States,490,58,-6
golang sqlite,740,52,56,4,,4.67,5.56,0.89,18,,US,United States,740,56,4
turbo repo,520,25,54,30,,6.67,6.60,-0.07,5,-1,US,United States,520,54,30
python named tuple,1460,56,53,-3,,8.06,7.90,-0.15,21,3,US,United States,1460,53,-3
bash eval,870,65,52,-13,,4.75,5.30,0.55,20,,DE,Germany,870,52,-13
# /bin/bash,9950,21,52,31,,11.67,7.92,-3.75,12,3,UY,Uruguay,9950,52,31
convert json to csv,4050,10,51,41,,19.17,19.60,0.43,5,-1,US,United States,4050,51,41
jq tutorial,470,45,47,2,,4.58,4.42,-0.17,12,,US,United States,470,47,2
grpc gateway,770,46,47,1,,6.27,7.36,1.09,11,,US,United States,770,47,1
argocd vs flux,470,47,47,0,,4.00,4.22,0.22,9,,US,United States,470,47,0
docker portainer,1360,56,46,-10,,9.22,8.73,-0.49,15,-3,US,United States,1360,46,-10
bash loop,980,57,46,-11,,8.00,9.86,1.86,7,-1,US,United States,980,46,-11
jq examples,1090,41,46,5,,8.31,7.62,-0.69,21,5,DE,Germany,1090,46,5
python read yaml,650,76,45,-31,,5.40,5.74,0.34,19,-1,DE,Germany,650,45,-31
github composite actions,350,44,44,0,,3.14,3.14,0.00,7,,US,United States,350,44,0
json to csv,32150,184,43,-140,,26.48,28.18,1.70,33,10,US,United States,32150,43,-140
how to read a csv file in python,470,44,41,-4,,6.08,5.86,-0.22,14,1,GB,United Kingdom,470,41,-4
github actions concurrency,500,37,40,3,,6.10,5.33,-0.77,9,-1,US,United States,500,40,3
bash for loop,2800,16,39,24,,12.40,14.75,2.35,8,3,RU,Russian Federation,2800,39,24
lxc vs docker,1240,45,39,-6,,9.31,8.60,-0.71,15,-1,US,United States,1240,39,-6
linux echo command,290,45,39,-6,,3.12,3.50,0.38,8,,DE,Germany,290,39,-6
golang error handling,850,42,39,-3,,6.25,6.88,0.62,8,,US,United States,850,39,-3
go chi,740,48,37,-11,,6.94,7.67,0.73,15,-2,US,United States,740,37,-11
json to csv converter,6350,46,34,-12,,17.67,23.75,6.08,4,1,US,United States,6350,34,-12
python concatenate lists,1630,35,34,-1,,8.26,8.23,-0.02,30,-1,FR,France,1630,34,-1
python read csv file,1210,89,33,-56,,8.05,8.62,0.56,13,-6,GB,United Kingdom,1210,33,-56
nerdctl,1910,31,33,2,,4.67,5.31,0.65,16,1,US,United States,1910,33,2
docker multistage build,880,32,31,0,,8.86,8.44,-0.41,9,-5,DE,Germany,880,31,0
awk examples,700,23,31,7,,7.58,7.44,-0.15,16,4,US,United States,700,31,7
golang csv,200,33,30,-2,,2.50,2.17,-0.33,6,,US,United States,200,30,-2
lunar hub,110,40,30,-11,,1.00,1.50,0.50,2,,US,United States,110,30,-11
mongodb docker,2050,31,28,-3,,10.40,12.15,1.75,13,-2,GB,United Kingdom,2050,28,-3
fluxcd vs argocd,220,29,28,-1,,3.00,3.25,0.25,4,,US,United States,220,28,-1
go sqlite,360,29,28,-1,,5.83,6.17,0.33,12,,US,United States,360,28,-1
portainer docker-compose,300,35,28,-7,,3.12,3.76,0.65,17,,DE,Germany,300,28,-7
go error handling,490,26,27,1,,6.00,6.17,0.17,6,,US,United States,490,27,1
cmake cross compile,250,24,25,2,,4.00,3.50,-0.50,8,,US,United States,250,25,2
npm monorepo,180,26,25,0,,2.75,3.00,0.25,8,,US,United States,180,25,0
cosine similarity python,1040,43,25,-18,,8.00,9.06,1.06,16,-5,IN,India,1040,25,-18
python read yaml file,410,26,25,-1,,5.08,5.31,0.23,13,,DE,Germany,410,25,-1
earthly,12660,22,24,2,,6.26,6.21,-0.06,29,-5,HK,Hong Kong,12660,24,2
docker multi stage build,330,27,24,-3,,6.44,6.71,0.27,7,-2,DE,Germany,330,24,-3
portainer port,1540,10,24,14,,12.00,11.40,-0.60,5,2,CA,Canada,1540,24,14
free ci,180,34,24,-10,,3.00,3.33,0.33,3,,IN,India,180,24,-10
python yaml,3690,18,23,5,,19.25,16.80,-2.45,10,2,DE,Germany,3690,23,5
bazel gazelle,200,23,23,0,,4.00,4.00,0.00,4,,US,United States,200,23,0
linux capabilities,190,23,23,-1,,3.60,3.60,0.00,10,,US,United States,190,23,-1
npm workspace,270,21,23,2,,4.50,4.25,-0.25,4,,US,United States,270,23,2
portainer compose,210,20,22,3,,3.80,3.40,-0.40,5,,US,United States,210,22,3
jq filter,720,7,22,15,,16.75,12.00,-4.75,5,1,DE,Germany,720,22,15
bash read file,380,27,22,-6,,5.40,6.20,0.80,15,,DE,Germany,380,22,-6
eval bash,250,17,22,5,,4.91,4.27,-0.64,11,,US,United States,250,22,5
read yaml file python,340,35,22,-13,,4.67,5.17,0.50,12,,DE,Germany,340,22,-13
awk tutorial,440,33,21,-12,,7.08,7.33,0.25,12,,US,United States,440,21,-12
subprocess run,1190,17,21,4,,8.80,10.25,1.45,4,-1,DE,Germany,1190,21,4
sqlite golang,240,23,21,-2,,4.92,5.17,0.25,12,,US,United States,240,21,-2
bash pushd,290,22,21,-1,,5.67,6.17,0.50,6,,US,United States,290,21,-1
earthfile,10,21,21,0,,1.00,1.00,0.00,4,,US,United States,10,21,0
powerlevel 10k,270,17,20,4,,6.75,7.50,0.75,4,,US,United States,270,20,4
docker debug,300,16,20,4,,6.50,5.67,-0.83,6,,US,United States,300,20,4
golang chi,300,18,19,1,,6.00,6.00,0.00,12,-2,US,United States,300,19,1
vscode makefile,110,19,19,0,,2.75,2.88,0.12,8,,US,United States,110,19,0
go package manager,170,20,18,-2,,3.40,4.00,0.60,5,,US,United States,170,18,-2
upload artifact github actions,270,7,18,11,,5.67,5.75,0.08,4,1,IN,India,270,18,11
python create venv,6750,6,18,12,,28.12,23.82,-4.31,11,3,US,United States,6750,18,12
fish shell,3420,11,18,6,,14.67,13.50,-1.17,8,2,VN,Vietnam,3420,18,6
python abstract class,1270,8,18,10,,20.25,19.25,-1.00,4,,US,United States,1270,18,10
read csv file in python,650,9,18,9,,6.31,7.38,1.07,16,3,GB,United Kingdom,650,18,9
k9s tutorial,110,15,18,3,,2.50,3.00,0.50,2,,US,United States,110,18,3
docker networks,390,21,17,-3,,10.75,11.00,0.25,5,-3,DE,Germany,390,17,-3
npx vs npm,1760,36,17,-19,,10.00,11.38,1.38,8,-6,US,United States,1760,17,-19
awk command,1750,10,17,7,,29.33,29.67,0.33,3,,US,United States,1750,17,7
makefile windows,160,16,17,1,,5.27,5.73,0.47,15,,FR,France,160,17,1
golang http server,250,23,16,-6,,8.75,8.00,-0.75,1,-3,US,United States,250,16,-6
github action concurrency,190,16,16,0,,6.00,5.67,-0.33,6,,US,United States,190,16,0
docker networking,1430,22,16,-6,,8.35,9.43,1.08,7,-10,DE,Germany,1430,16,-6
rg command,200,5,16,11,,10.00,6.00,-4.00,1,,US,United States,200,16,11
makefile set environment variable,220,18,16,-2,,4.50,4.38,-0.12,8,,US,United States,220,16,-2
docker sbom,160,16,16,0,,4.00,3.75,-0.25,4,,US,United States,160,16,0
github composite action,130,17,16,-1,,2.75,3.25,0.50,4,,US,United States,130,16,-1
jq map,430,15,16,1,,8.89,8.78,-0.11,9,,US,United States,430,16,1
yaml safe_load,270,17,16,-1,,5.38,5.75,0.38,8,,US,United States,270,16,-1
aws ecs tutorial,340,25,16,-9,,4.40,6.00,1.60,5,,IN,India,340,16,-9
containerd vs docker,690,21,16,-5,,9.21,9.38,0.16,8,-6,GB,United Kingdom,690,16,-5
jq select and,140,16,16,0,,3.25,3.25,0.00,4,,US,United States,140,16,0
what is nix,780,18,16,-2,,9.40,10.00,0.60,5,,IN,India,780,16,-2
chi golang,290,18,15,-3,,6.08,6.33,0.25,12,,RU,Russian Federation,290,15,-3
makefile environment variables,130,16,15,0,,2.43,2.57,0.14,7,,US,United States,130,15,0
python concat lists,450,9,15,7,,8.69,8.64,-0.05,14,1,FR,France,450,15,7
cmake vs makefile,130,17,15,-1,,3.00,3.25,0.25,4,,US,United States,130,15,-1
10x developer,600,15,15,0,,9.67,9.67,0.00,3,,US,United States,600,15,0
dockerfile volume,940,17,15,-3,,7.39,7.83,0.44,18,,US,United States,940,15,-3
ast python,260,15,15,0,,7.22,7.22,0.00,9,,US,United States,260,15,0
yaml dump,200,16,14,-2,,5.14,4.86,-0.29,7,,US,United States,200,14,-2
pyinstaller documentation,230,12,14,2,,6.00,6.50,0.50,2,,US,United States,230,14,2
cargo chef,270,16,14,-2,,6.75,7.00,0.25,4,,US,United States,270,14,-2
python pants,150,16,14,-1,,5.00,4.00,-1.00,1,,US,United States,150,14,-1
jq command,1350,12,14,2,,23.50,14.75,-8.75,4,,GB,United Kingdom,1350,14,2
where does docker store images,250,12,14,2,,7.17,6.17,-1.00,6,,US,United States,250,14,2
pip install yaml,1650,2,14,11,,23.00,17.00,-6.00,4,1,NL,Netherlands,1650,14,11
concatenate lists python,680,13,14,1,,9.28,9.28,0.00,25,,GB,United Kingdom,680,14,1
terraform depends on,540,13,14,0,,10.33,10.17,-0.17,6,,GB,United Kingdom,540,14,0
github workflow triggers,150,14,,,,5.00,,,0,-1,US,United States,150,14,
monorepo vs polyrepo,410,19,14,-6,,7.38,9.25,1.88,4,-4,US,United States,410,14,-6
python load yaml file,240,7,13,6,,5.25,5.60,0.35,5,1,DE,Germany,240,13,6
what is echo command in linux,130,11,13,2,,6.00,5.50,-0.50,2,,IN,India,130,13,2
python load yaml,240,13,13,1,,6.22,5.50,-0.72,8,-1,US,United States,240,13,1
bash read command,150,15,13,-2,,5.00,6.00,1.00,1,,US,United States,150,13,-2
generate sbom from container image,100,16,13,-3,,2.00,3.00,1.00,1,,US,United States,100,13,-3
miniconda create environment,100,13,13,0,,4.00,3.00,-1.00,1,,US,United States,100,13,0
gradle monorepo,40,5,13,8,,2.00,1.00,-1.00,1,,US,United States,40,13,8
portainer kubernetes,260,14,13,-1,,6.80,6.60,-0.20,5,,DE,Germany,260,13,-1
docker volumes,2110,13,13,0,,10.33,12.50,2.17,10,-2,IN,India,2110,13,0
python yaml dump,190,11,13,2,,6.17,6.00,-0.17,6,,DE,Germany,190,13,2
mitm proxy,500,12,12,0,,7.48,7.16,-0.32,19,-4,US,United States,500,12,0
git advanced commands,80,12,12,0,,2.50,2.50,0.00,2,,IN,India,80,12,0
pnpm vs npm,2720,14,12,-1,,9.00,12.40,3.40,5,1,IN,India,2720,12,-1
echo linux command,140,12,12,0,,3.80,3.80,0.00,5,,IN,India,140,12,0
bash conditional statements,110,12,12,0,,4.75,4.25,-0.50,4,,US,United States,110,12,0
how to use k9s,100,12,12,0,,4.00,4.00,0.00,1,,US,United States,100,12,0
what is portainer,450,14,12,-1,,10.33,10.50,0.17,2,-1,US,United States,450,12,-1
golang zip,110,12,12,0,,4.00,4.00,0.00,2,,US,United States,110,12,0
what does echo do in linux,240,13,12,-1,,4.00,5.00,1.00,2,,US,United States,240,12,-1
where are docker images stored,370,13,12,-1,,7.67,8.00,0.33,9,,US,United States,370,12,-1
python data class,670,9,12,3,,10.11,10.33,0.22,6,-3,US,United States,670,12,3
sbom for containers,150,12,12,0,,5.50,5.50,0.00,2,,US,United States,150,12,0
argocd vs fluxcd,110,11,12,1,,4.00,4.50,0.50,2,,US,United States,110,12,1
g++ makefile,30,14,12,-3,,1.00,1.00,0.00,1,,US,United States,30,12,-3
github actions composite,90,12,12,0,,3.00,3.00,0.00,2,,US,United States,90,12,0
python ast,520,15,12,-3,,7.09,7.40,0.31,10,-1,IN,India,520,12,-3
bala priya c,100,11,11,0,,3.00,3.00,0.00,1,,IN,India,100,11,0
concatenate two lists python,230,7,11,5,,7.50,7.20,-0.30,10,2,IT,Italy,230,11,5
echo in linux,220,7,11,5,,6.00,5.25,-0.75,4,,IN,India,220,11,5
python subprocess run,1550,9,11,3,,22.75,24.50,1.75,4,,DE,Germany,1550,11,3
terraform aws_route53_record,180,12,11,0,,7.00,7.33,0.33,3,,US,United States,180,11,0
read csv file python,550,32,11,-21,,8.00,8.56,0.56,9,-2,GB,United Kingdom,550,11,-21
how to run a makefile in vscode,30,11,11,0,,2.00,2.00,0.00,1,,US,United States,30,11,0
conditionals in bash,30,11,11,0,,1.00,1.00,0.00,1,,US,United States,30,11,0
abc python,320,10,11,0,,13.50,10.00,-3.50,2,,US,United States,320,11,0
powerlevel10k zsh,350,,11,,,,9.00,,1,1,US,United States,350,11,
golang gorm,210,11,11,0,,6.36,6.23,-0.13,13,-1,US,United States,210,11,0
ci free,30,11,11,0,,1.00,1.00,0.00,1,,US,United States,30,11,0
container sbom,100,11,11,0,,4.00,4.00,0.00,1,,US,United States,100,11,0
echo linux,550,10,10,0,,9.50,10.88,1.38,8,-2,BR,Brazil,550,10,0
python abstract base class,170,12,10,-2,,8.50,8.50,0.00,2,,US,United States,170,10,-2
jq example,220,3,10,7,,6.67,7.14,0.48,7,4,DE,Germany,220,10,7
reading csv file in python,40,17,10,-7,,7.00,5.80,-1.20,5,-2,GB,United Kingdom,40,10,-7
docker volume create,230,10,10,0,,8.43,8.17,-0.26,6,-1,DE,Germany,230,10,0
docker create volume,250,13,10,-3,,8.40,8.44,0.04,9,-1,DE,Germany,250,10,-3
load yaml file python,150,6,10,4,,5.00,5.50,0.50,6,1,GB,United Kingdom,150,10,4
how to run makefile in vscode,30,10,10,0,,2.00,2.00,0.00,1,,US,United States,30,10,0
install cmake windows,50,10,10,0,,3.42,3.92,0.50,12,,US,United States,50,10,0
python concat two lists,210,5,10,5,,9.00,8.12,-0.88,8,3,US,United States,210,10,5
composite actions,70,10,10,0,,2.00,2.00,0.00,1,,US,United States,70,10,0
create yum repository,80,8,10,1,,3.00,3.00,0.00,1,,US,United States,80,10,1
named tuple python,440,8,9,1,,9.57,8.18,-1.39,11,4,GB,United Kingdom,440,9,1
bash echo commands,170,6,9,3,,8.00,6.00,-2.00,2,,US,United States,170,9,3
what is echo in linux,130,10,9,-1,,5.00,5.33,0.33,3,,US,United States,130,9,-1
bazel query,120,9,9,0,,6.00,6.50,0.50,2,,US,United States,120,9,0
argo vs flux,80,9,9,0,,4.00,4.00,0.00,1,,US,United States,80,9,0
bash conditional,240,8,9,1,,6.75,6.12,-0.62,8,,BR,Brazil,240,9,1
argo cd vs flux,100,9,9,0,,5.00,5.00,0.00,1,,US,United States,100,9,0
advanced git commands,60,9,9,0,,2.50,2.50,0.00,2,,IN,India,60,9,0
pushd command,180,8,9,1,,3.50,5.50,2.00,2,,US,United States,180,9,1
read yaml python,130,10,9,-1,,5.25,5.38,0.12,8,,US,United States,130,9,-1
golang tui,120,11,9,-2,,6.00,5.75,-0.25,4,-4,US,United States,120,9,-2
sed replace,800,4,9,5,,10.50,10.71,0.21,7,-1,US,United States,800,9,5
if statements in bash,70,4,9,5,,7.00,3.00,-4.00,1,,US,United States,70,9,5
cmake make,60,10,9,-2,,4.00,5.50,1.50,4,,DE,Germany,60,9,-2
uv python,17200,0,9,9,,44.00,31.75,-12.25,4,3,US,United States,17200,9,9
bazel monorepo,70,8,8,0,,3.00,3.00,0.00,1,,US,United States,70,8,0
github concurrency,70,8,8,0,,3.00,3.00,0.00,1,,US,United States,70,8,0
where are docker images stored linux,100,8,8,0,,6.00,5.00,-1.00,1,,US,United States,100,8,0
spinnaker kubernetes,90,9,8,-1,,4.00,3.67,-0.33,3,,US,United States,90,8,-1
cmake windows,430,8,8,0,,6.35,6.12,-0.23,16,-1,IN,India,430,8,0
pushd popd,230,8,8,0,,8.25,8.25,0.00,4,,US,United States,230,8,0
python open csv,100,9,8,-1,,7.25,6.40,-0.85,5,-3,GB,United Kingdom,100,8,-1
golang grpc example,90,9,8,-1,,4.00,5.00,1.00,2,,US,United States,90,8,-1
depends on terraform,310,7,8,1,,10.40,9.40,-1.00,5,,US,United States,310,8,1
pyinstaller tutorial,150,9,8,-1,,6.83,7.33,0.50,6,,US,United States,150,8,-1
golang makefile,90,8,8,0,,4.83,5.00,0.17,6,,US,United States,90,8,0
bash conditionals,300,7,8,1,,5.67,5.33,-0.33,6,,GB,United Kingdom,300,8,1
pushd,1750,6,8,2,,9.80,9.80,0.00,10,,IN,India,1750,8,2
signals in django,100,3,8,5,,11.00,6.00,-5.00,1,,IN,India,100,8,5
bash script if statement,150,8,8,0,,10.50,6.00,-4.50,1,-1,US,United States,150,8,0
bash read from file,140,9,8,-1,,6.43,6.71,0.29,7,,US,United States,140,8,-1
go makefile,110,8,8,0,,4.60,4.80,0.20,5,,US,United States,110,8,0
docker compose vs kubernetes,490,23,8,-15,,9.50,11.00,1.50,4,-6,US,United States,490,8,-15
jq to csv,150,8,,,,7.00,,,0,-1,US,United States,150,8,
bash format string,50,8,8,0,,2.33,2.67,0.33,3,,US,United States,50,8,0
github workflow concurrency,60,8,8,0,,4.00,3.00,-1.00,1,,US,United States,60,8,0
select jq,80,7,7,0,,4.33,4.33,0.00,3,,RU,Russian Federation,80,7,0
elastic container registry,200,,7,,,,8.00,,1,1,US,United States,200,7,
pants build,70,7,7,0,,3.75,3.75,0.00,4,,US,United States,70,7,0
earlthy,100,7,7,0,,6.00,6.00,0.00,1,,US,United States,100,7,0
sbom docker image,50,7,7,0,,2.00,2.00,0.00,1,,US,United States,50,7,0
bash string manipulation,320,8,7,-1,,7.80,7.80,0.00,5,,DE,Germany,320,7,-1
read file bash,100,7,7,0,,6.30,6.10,-0.20,10,,FR,France,100,7,0
ecs tutorial,140,9,7,-2,,5.00,6.33,1.33,3,,US,United States,140,7,-2
kaniko vs buildah,20,7,7,0,,1.00,1.00,0.00,1,,US,United States,20,7,0
makefile variables,70,52,7,-45,,1.92,2.15,0.23,13,,US,United States,70,7,-45
go workspaces,160,8,7,-1,,7.11,7.17,0.06,6,-3,US,United States,160,7,-1
ninja install,270,6,7,1,,8.33,9.00,0.67,4,1,US,United States,270,7,1
make for windows,270,7,7,0,,7.27,7.20,-0.07,10,-1,IN,India,270,7,0
bash conditions,160,5,7,2,,8.25,7.60,-0.65,5,1,RU,Russian Federation,160,7,2
sbom container,200,17,7,-10,,4.00,8.00,4.00,1,,US,United States,200,7,-10
how to make a python package,100,4,7,3,,7.00,7.00,0.00,1,,US,United States,100,7,3
create venv python,2800,5,7,2,,25.00,26.43,1.43,7,4,IN,India,2800,7,2
python setup.py,210,2,7,5,,11.00,9.00,-2.00,4,,SG,Singapore,210,7,5
python make file,70,7,7,0,,3.14,2.86,-0.29,7,,US,United States,70,7,0
use of echo command in linux,60,5,7,3,,6.00,3.00,-3.00,1,,IN,India,60,7,3
yaml safe load,200,6,7,1,,8.00,7.80,-0.20,5,1,US,United States,200,7,1
grpc golang example,60,7,7,0,,3.50,3.50,0.00,2,,US,United States,60,7,0
python concat list,250,5,7,2,,9.07,9.00,-0.07,16,1,KR,South Korea,250,7,2
error handling in golang,80,8,7,-1,,6.50,5.50,-1.00,2,,IN,India,80,7,-1
makefile for python,20,8,7,-1,,1.00,1.50,0.50,2,,US,United States,20,7,-1
how to use makefile in vscode,20,7,7,0,,2.00,1.00,-1.00,1,,US,United States,20,7,0
grpc golang,200,7,,,,8.00,,,0,-1,RU,Russian Federation,200,7,
shell script sleep,140,5,7,2,,6.83,7.29,0.45,7,1,US,United States,140,7,2
how to run makefile in windows,80,9,7,-2,,5.50,6.00,0.50,2,,IN,India,80,7,-2
makefile vs cmake,70,7,7,0,,4.50,4.50,0.00,2,,US,United States,70,7,0
magic methods in python,300,,7,,,,11.00,,1,1,IN,India,300,7,
python subprocess,7150,7,7,0,,14.57,15.22,0.65,9,2,NL,Netherlands,7150,7,0
bash if statements,100,7,,,,8.00,,,0,-1,US,United States,100,7,
gazelle bazel,90,8,7,-2,,4.50,5.00,0.50,2,,US,United States,90,7,-2
go workspace,200,11,7,-5,,7.33,8.56,1.22,9,,US,United States,200,7,-5
what does the echo command do in linux,90,7,7,0,,5.00,5.00,0.00,1,,US,United States,90,7,0
flux vs argo,60,7,7,0,,3.00,4.00,1.00,1,,US,United States,60,7,0
docker pull through cache,60,5,7,1,,4.00,3.00,-1.00,1,,US,United States,60,7,1
how to use portainer,70,7,7,0,,4.00,5.00,1.00,1,,US,United States,70,7,0
terraform cdk,220,10,7,-4,,9.57,9.20,-0.37,5,-2,GB,United Kingdom,220,7,-4
docker vs lxc,170,7,6,-1,,7.62,8.12,0.50,8,,GB,United Kingdom,170,6,-1
monorepo nx,70,5,6,1,,5.00,4.00,-1.00,1,,US,United States,70,6,1
terraform depends_on,300,14,6,-7,,10.00,9.80,-0.20,5,-8,US,United States,300,6,-7
vite monorepo,90,7,6,0,,6.00,6.67,0.67,3,,US,United States,90,6,0
concat two lists python,180,6,6,0,,8.60,8.40,-0.20,10,,US,United States,180,6,0
what is turborepo,80,4,6,2,,8.00,6.00,-2.00,1,,US,United States,80,6,2
jq select contains,160,6,6,0,,8.00,8.38,0.38,8,,US,United States,160,6,0
jq syntax,240,4,6,3,,10.33,9.00,-1.33,3,,US,United States,240,6,3
power level 10k,110,7,6,-1,,6.57,7.50,0.93,6,-1,US,United States,110,6,-1
concat lists python,220,5,6,1,,9.25,8.69,-0.56,13,1,US,United States,220,6,1
how to import csv file in python,180,9,6,-3,,7.83,8.83,1.00,6,,IN,India,180,6,-3
docker run network,150,6,6,0,,7.00,7.00,0.00,1,,DE,Germany,150,6,0
concurrency github actions,70,6,6,0,,5.00,5.00,0.00,1,,US,United States,70,6,0
gorm golang,120,15,6,-9,,6.88,7.08,0.21,12,-4,IN,India,120,6,-9
from abc import abc,150,6,6,0,,9.00,9.00,0.00,1,,US,United States,150,6,0
github action composite,40,6,6,0,,3.00,3.00,0.00,3,,US,United States,40,6,0
what does echo do in terminal,80,3,6,3,,8.00,5.00,-3.00,1,,US,United States,80,6,3
kubernetes reverse proxy,60,7,6,-1,,3.00,3.50,0.50,2,,US,United States,60,6,-1
npm workspaces monorepo,50,6,6,0,,3.00,3.00,0.00,1,,US,United States,50,6,0
mysql docker image,530,6,6,0,,11.75,13.20,1.45,5,1,DE,Germany,530,6,0
python cosine similarity,180,15,6,-10,,8.50,9.00,0.50,5,-3,US,United States,180,6,-10
streamlit dashboard,800,2,6,4,,22.00,18.50,-3.50,2,,US,United States,800,6,4
bash script sleep,190,4,6,1,,9.40,8.50,-0.90,6,1,US,United States,190,6,1
go grpc example,40,6,6,0,,3.00,3.00,0.00,1,,US,United States,40,6,0
advanced git,120,1,6,5,,7.00,7.00,0.00,2,1,IN,India,120,6,5
lerna monorepo,80,7,6,-1,,5.00,6.20,1.20,5,1,US,United States,80,6,-1
docker network connect,130,5,6,0,,7.83,8.50,0.67,6,,DE,Germany,130,6,0
jq select examples,40,6,6,0,,3.00,2.67,-0.33,3,,US,United States,40,6,0
multi stage build docker,110,5,6,0,,7.25,7.25,0.00,4,,DE,Germany,110,6,0
docker init,160,,6,,,,9.00,,2,2,US,United States,160,6,
rust generics,240,18,6,-13,,8.00,10.00,2.00,2,-2,US,United States,240,6,-13
polyrepo,200,4,6,1,,10.00,9.00,-1.00,1,,US,United States,200,6,1
bash sleep command,220,12,6,-6,,8.75,9.00,0.25,2,-2,US,United States,220,6,-6
python abc module,100,7,6,-1,,7.00,8.00,1.00,1,,US,United States,100,6,-1
syslog analysis,90,,6,,,,6.00,,1,1,US,United States,90,6,
python subprocess.run,550,5,5,1,,15.33,14.50,-0.83,2,-1,DE,Germany,550,5,1
install make windows,140,2,5,4,,8.00,8.00,0.00,5,,FR,France,140,5,4
travis ci bitbucket,40,5,5,0,,2.00,2.00,0.00,1,,US,United States,40,5,0
list concatenation python,220,3,5,2,,10.00,9.60,-0.40,5,,US,United States,220,5,2
go zip,40,5,5,0,,3.00,3.00,0.00,1,,US,United States,40,5,0
awk example,110,7,5,-1,,6.00,8.75,2.75,4,1,US,United States,110,5,-1
python data classes,170,5,5,0,,9.75,9.50,-0.25,2,-2,US,United States,170,5,0
lima vm,110,7,5,-2,,5.20,5.60,0.40,5,,US,United States,110,5,-2
python closure,340,7,5,-2,,9.38,9.83,0.46,6,-2,DE,Germany,340,5,-2
golang read csv,50,2,5,3,,7.00,3.00,-4.00,1,,US,United States,50,5,3
# /bin/bash meaning,160,6,5,0,,8.50,8.00,-0.50,4,,IN,India,160,5,0
how to create a python package,70,5,,,,6.00,,,0,-1,US,United States,70,5,
ninja build system,190,4,5,1,,10.50,10.00,-0.50,2,,US,United States,190,5,1
where docker images are stored,110,5,5,0,,6.50,6.50,0.00,4,,US,United States,110,5,0
how to use echo command in linux,70,4,5,1,,6.50,5.50,-1.00,2,,IN,India,70,5,1
abstract base class python,150,5,5,0,,10.50,10.00,-0.50,1,-1,US,United States,150,5,0
postgres docker,8600,3,5,2,,25.92,25.18,-0.74,17,5,NL,Netherlands,8600,5,2
kubernetes vs docker compose,300,15,5,-10,,8.88,10.75,1.88,4,-4,US,United States,300,5,-10
making a python package,150,7,5,-1,,7.00,8.00,1.00,1,,US,United States,150,5,-1
jq query,160,7,5,-2,,7.83,8.50,0.67,6,,US,United States,160,5,-2
canary deployment kubernetes,210,1,5,4,,8.00,9.50,1.50,2,,DE,Germany,210,5,4
csv reader python,560,6,5,-1,,12.00,11.20,-0.80,5,,DE,Germany,560,5,-1
bash variables,820,0,5,5,,12.00,10.67,-1.33,6,3,GB,United Kingdom,820,5,5
multistage dockerfile,70,8,5,-3,,7.60,7.00,-0.60,3,-2,DE,Germany,70,5,-3
terraform docker aws,10,5,5,0,,1.00,1.00,0.00,1,,US,United States,10,5,0
yaml dump python,70,5,5,0,,5.75,5.00,-0.75,4,,US,United States,70,5,0
concat list python,220,4,5,1,,9.90,9.77,-0.13,13,3,US,United States,220,5,1
composite action,40,5,5,0,,4.00,3.00,-1.00,1,,US,United States,40,5,0
python logging level,110,1,5,4,,9.50,8.50,-1.00,2,,GB,United Kingdom,110,5,4
bin bash,910,4,5,1,,12.50,7.29,-5.21,7,1,SG,Singapore,910,5,1
docker slim,160,5,5,0,,9.00,9.00,0.00,6,1,DE,Germany,160,5,0
open csv file python,80,6,5,-1,,7.12,8.00,0.88,9,1,GB,United Kingdom,80,5,-1
github actions download artifact,80,5,5,-1,,6.00,5.50,-0.50,2,-1,DE,Germany,80,5,-1
docker vs containerd,170,10,5,-5,,9.50,9.50,0.00,6,-4,US,United States,170,5,-5
mysql docker,1600,3,5,2,,17.00,14.86,-2.14,7,1,VN,Vietnam,1600,5,2
backstage developer portal,300,,5,,,,12.00,,1,1,US,United States,300,5,
github artifacts,290,4,5,1,,14.00,13.00,-1.00,2,1,US,United States,290,5,1
docker-compose portainer,20,5,5,0,,3.00,3.00,0.00,2,,DE,Germany,20,5,0
python namedtuple,1810,19,5,-14,,10.00,10.80,0.80,5,,DE,Germany,1810,5,-14
kaniko vs docker,80,5,5,0,,6.50,6.50,0.00,2,,US,United States,80,5,0
makefile golang,70,5,5,0,,5.25,5.50,0.25,4,,RU,Russian Federation,70,5,0
grafana docker,2530,1,5,4,,29.43,26.62,-2.80,8,1,RU,Russian Federation,2530,5,4
python concatenate two lists,160,4,5,1,,10.14,9.14,-1.00,7,,US,United States,160,5,1
pyyaml example,120,8,5,-3,,5.50,6.75,1.25,4,,US,United States,120,5,-3
makefile variable,10,5,5,0,,1.17,1.00,-0.17,6,,US,United States,10,5,0
golang sqlite3 example,10,5,5,0,,1.00,1.00,0.00,1,,US,United States,10,5,0
concatenate list python,260,4,5,0,,8.64,8.36,-0.29,14,,IN,India,260,5,0
python 3.11 new features,160,0,5,4,,6.00,7.50,1.50,2,1,DE,Germany,160,5,4
pants monorepo,40,5,5,0,,3.00,3.00,0.00,1,,US,United States,40,5,0
automate scripts,100,5,,,,7.00,,,0,-1,US,United States,100,5,
python pyinstaller,90,0,5,4,,9.00,7.00,-2.00,3,2,CA,Canada,90,5,4
docker network,2340,11,5,-7,,10.50,14.75,4.25,12,,CH,Switzerland,2340,5,-7
how to load csv file in python,90,5,5,0,,8.00,7.67,-0.33,3,,IN,India,90,5,0
mitmproxy tutorial,30,5,5,0,,2.00,2.00,0.00,1,,US,United States,30,5,0
if statement in bash,90,6,5,-1,,7.00,8.00,1.00,1,,US,United States,90,5,-1
docker networking tutorial,70,5,,,,7.00,,,0,-1,IN,India,70,5,
what is echo command,80,4,5,0,,7.50,7.50,0.00,2,,US,United States,80,5,0
how to use mongodb docker image,50,5,5,0,,4.00,4.00,0.00,1,,US,United States,50,5,0
flux cd vs argo cd,50,3,5,2,,7.00,5.00,-2.00,1,,US,United States,50,5,2
install make in windows,80,2,5,3,,11.00,7.00,-4.00,1,,IN,India,80,5,3
docker run volume,400,0,4,4,,27.50,25.50,-2.00,2,,CH,Switzerland,400,4,4
bash script variables,190,4,,,,10.75,,,0,-4,GB,United Kingdom,190,4,
github download artifact,100,4,,,,7.00,,,0,-2,US,United States,100,4,
terminal tools,120,4,,,,8.00,,,0,-2,US,United States,120,4,
terminal user interface,100,4,4,1,,9.00,9.00,0.00,1,,US,United States,100,4,1
makefile environment variable,30,5,4,0,,2.20,2.40,0.20,5,,US,United States,30,4,0
python yaml safe_load,120,4,4,0,,7.50,7.50,0.00,2,,US,United States,120,4,0
golang return error,260,3,4,2,,8.29,9.43,1.14,7,,RU,Russian Federation,260,4,2
conda remove env,400,,4,,,,15.00,,2,2,BR,Brazil,400,4,
what is ripgrep,50,4,4,0,,6.00,6.00,0.00,1,,US,United States,50,4,0
lima macos,50,4,4,0,,5.00,5.50,0.50,2,,US,United States,50,4,0
make cmake,30,4,4,0,,5.33,2.50,-2.83,2,-1,DE,Germany,30,4,0
create virtual environment python,5600,2,4,2,,26.00,24.25,-1.75,4,,IN,India,5600,4,2
buildah vs docker,30,4,4,0,,2.00,2.00,0.00,1,,US,United States,30,4,0
npm vs pnpm,800,4,4,1,,13.00,7.00,-6.00,2,-1,US,United States,800,4,1
python named tuples,100,4,4,1,,8.50,8.00,-0.50,2,,US,United States,100,4,1
ninja build,640,3,4,1,,8.00,16.00,8.00,3,2,IN,India,640,4,1
python closures,120,6,4,-1,,8.50,9.50,1.00,2,,US,United States,120,4,-1
golang package manager,60,5,4,-1,,3.67,4.33,0.67,3,,US,United States,60,4,-1
oh my zsh powerlevel10k,100,4,4,0,,9.00,9.00,0.00,2,-1,US,United States,100,4,0
windows makefile,20,4,4,0,,4.17,4.17,0.00,6,,US,United States,20,4,0
buildah vs kaniko,30,4,4,0,,3.00,3.00,0.00,1,,US,United States,30,4,0
github actions composite actions,30,4,4,0,,3.00,2.00,-1.00,1,,US,United States,30,4,0
docker create network,350,0,4,4,,45.50,24.00,-21.50,2,,US,United States,350,4,4
yaml.safe_load,440,6,4,-2,,6.50,6.10,-0.40,10,,GB,United Kingdom,440,4,-2
go package management,40,4,4,0,,3.00,3.00,0.00,1,,US,United States,40,4,0
python concatenate list,320,4,4,0,,9.60,9.20,-0.40,15,,CA,Canada,320,4,0
read yaml file in python,80,3,4,1,,8.50,7.00,-1.50,2,,IN,India,80,4,1
debug docker container,60,4,4,1,,6.00,4.33,-1.67,3,,US,United States,60,4,1
bash jq,240,5,4,-1,,11.50,12.00,0.50,2,,US,United States,240,4,-1
python list concat,170,5,4,-1,,9.38,9.57,0.20,7,-1,US,United States,170,4,-1
what does echo do,480,21,4,-17,,7.00,4.50,-2.50,2,,US,United States,480,4,-17
golang sqlite3,50,4,4,0,,4.50,5.00,0.50,4,,US,United States,50,4,0
subprocess run python,360,3,4,1,,12.75,12.00,-0.75,3,-1,GB,United Kingdom,360,4,1
octopus deployment,70,,4,,,,6.00,,1,1,GB,United Kingdom,70,4,
git lfs track,160,4,,,,10.00,,,0,-2,US,United States,160,4,
terraform aws_route53_zone,90,4,4,0,,7.00,7.00,0.00,1,,US,United States,90,4,0
sbom docker,60,6,4,-2,,4.00,6.00,2.00,1,,US,United States,60,4,-2
portainer o que é,150,5,4,-1,,8.00,9.00,1.00,1,,BR,Brazil,150,4,-1
docker run portainer,30,5,4,0,,2.00,2.50,0.50,4,,US,United States,30,4,0
github actions composite action,30,4,4,0,,3.00,2.00,-1.00,1,,US,United States,30,4,0
composite actions github,30,4,4,0,,3.00,3.00,0.00,1,,US,United States,30,4,0
terraform vpc resource,150,,4,,,,9.00,,1,1,IN,India,150,4,
pyscript,3300,4,4,0,,13.60,10.25,-3.35,4,-1,US,United States,3300,4,0
bazel list targets,50,4,4,0,,6.00,6.00,0.00,1,,US,United States,50,4,0
what is cmake,1150,4,4,0,,13.00,14.50,1.50,2,,DE,Germany,1150,4,0
how to create a makefile,70,6,4,-2,,7.00,6.33,-0.67,3,,US,United States,70,4,-2
github actions artifacts,290,6,4,-2,,10.67,11.50,0.83,4,-2,GB,United Kingdom,290,4,-2
docker image location,120,2,4,2,,8.80,8.71,-0.09,7,2,DE,Germany,120,4,2
makefile flags,0,5,4,-1,,1.20,1.40,0.20,5,,RU,Russian Federation,0,4,-1
install portainer docker compose,40,5,4,-1,,3.00,4.00,1.00,1,,US,United States,40,4,-1
docker postgres,6940,2,4,2,,26.15,25.80,-0.35,15,2,NL,Netherlands,6940,4,2
linux capabilities explained,10,4,4,0,,1.00,1.00,0.00,1,,US,United States,10,4,0
typescript monorepo,100,1,4,3,,7.50,7.67,0.17,3,1,CA,Canada,100,4,3
nix package manager,420,2,4,2,,9.50,12.00,2.50,2,,GB,United Kingdom,420,4,2
django admin panel customization,50,4,4,0,,5.00,5.00,0.00,1,,IN,India,50,4,0
terraform init,920,1,4,3,,32.50,21.75,-10.75,4,2,US,United States,920,4,3
composite action github,30,4,4,0,,2.00,3.00,1.00,1,,US,United States,30,4,0
makefile export environment variable,90,4,4,0,,5.67,6.00,0.33,3,,US,United States,90,4,0
amazon ecs tutorial,50,7,4,-3,,3.00,5.00,2.00,1,,US,United States,50,4,-3
bash echo command,90,5,4,-1,,7.00,7.25,0.25,4,-1,US,United States,90,4,-1
nx monorepo tutorial,30,4,4,0,,3.00,3.00,0.00,1,,US,United States,30,4,0
python yaml file,70,4,4,0,,5.50,6.00,0.50,2,,US,United States,70,4,0
python hatch,60,3,4,1,,7.50,7.00,-0.50,2,,US,United States,60,4,1
jq select field,30,4,4,0,,2.50,2.50,0.00,2,,US,United States,30,4,0
python list concatenation,140,3,4,1,,10.22,9.12,-1.10,8,-1,CA,Canada,140,4,1
docker makefile,20,6,4,-2,,1.40,1.80,0.40,5,,US,United States,20,4,-2
docker cgroups,80,4,4,0,,6.67,6.67,0.00,3,,DE,Germany,80,4,0
golang csv writer,30,4,4,0,,3.00,3.00,0.00,1,,US,United States,30,4,0
buf protobuf,50,4,4,0,,5.00,5.00,0.00,1,,US,United States,50,4,0
loop bash,80,3,4,1,,8.50,8.00,-0.50,2,,US,United States,80,4,1
cflags makefile,30,4,4,0,,3.67,3.67,0.00,3,,US,United States,30,4,0
git lfs untrack,60,2,4,1,,9.00,6.00,-3.00,1,,US,United States,60,4,1
replica set in kubernetes,200,1,4,3,,18.00,12.00,-6.00,1,,IN,India,200,4,3
what is nvidia container,400,7,4,-3,,12.00,12.33,0.33,3,2,US,United States,400,4,-3
volumes in docker,80,4,4,0,,8.00,8.00,0.00,1,,IN,India,80,4,0
sqlite go,50,4,4,0,,6.33,6.33,0.00,3,,US,United States,50,4,0
nx framework,50,4,4,0,,5.00,5.00,0.00,1,,US,United States,50,4,0
what is the echo command in linux,40,5,4,-1,,4.00,5.00,1.00,1,,US,United States,40,4,-1
docker debugging,40,4,4,0,,4.00,5.00,1.00,1,,US,United States,40,4,0
pushd vs cd,40,4,4,0,,5.00,5.00,0.00,1,,US,United States,40,4,0
pants build system,40,4,4,0,,4.00,4.00,0.00,1,,US,United States,40,4,0
grpc go example,40,4,4,0,,4.00,4.00,0.00,1,,US,United States,40,4,0
portainer tutorial,40,5,4,-1,,3.00,4.00,1.00,1,,US,United States,40,4,-1
namedtuple python,470,7,4,-3,,9.67,10.00,0.33,2,-1,US,United States,470,4,-3
download artifact github actions,80,4,4,0,,8.00,8.00,0.00,1,,US,United States,80,4,0
how to make a makefile,90,2,4,1,,8.50,7.50,-1.00,2,,US,United States,90,4,1
jq select example,30,5,4,-1,,3.00,3.00,0.00,1,,US,United States,30,4,-1
vscode run makefile,10,4,4,0,,1.00,1.00,0.00,1,,US,United States,10,4,0
golang sqlite example,10,4,4,0,,1.00,1.00,0.00,2,,US,United States,10,4,0
text processing in linux,10,1,4,2,,2.00,1.00,-1.00,1,,IN,India,10,4,2
load yaml python,60,3,4,0,,6.50,6.00,-0.50,4,,US,United States,60,4,0
package.json workspaces,50,4,4,0,,6.00,5.00,-1.00,1,,US,United States,50,4,0
actions upload artifact,90,4,4,0,,8.00,8.00,0.00,1,,US,United States,90,4,0
ecs terraform,90,4,,,,8.00,,,0,-2,US,United States,90,4,
gorm tutorial,40,3,4,0,,4.50,4.00,-0.50,2,,US,United States,40,4,0
how to read in a csv file in python,70,4,,,,8.00,,,0,-1,US,United States,70,4,
python yaml example,70,8,4,-4,,3.50,6.00,2.50,2,,US,United States,70,4,-4
docker network types,60,4,4,0,,6.00,6.00,0.00,1,,DE,Germany,60,4,0
portainer install docker compose,30,4,4,0,,4.00,4.00,0.00,1,,US,United States,30,4,0
composite github actions,20,4,4,0,,3.00,3.00,0.00,1,,US,United States,20,4,0
bash sleep,1780,0,4,4,,13.00,11.00,-2.00,4,3,US,United States,1780,4,4
docker network mode,220,3,4,0,,7.00,17.00,10.00,2,1,DE,Germany,220,4,0
terraform string interpolation,170,6,3,-2,,7.00,11.00,4.00,2,1,US,United States,170,3,-2
python create virtualenv,1250,0,3,3,,29.00,21.50,-7.50,2,1,US,United States,1250,3,3
docker network external,70,6,3,-2,,6.50,7.50,1.00,2,-2,DE,Germany,70,3,-2
poetry add dependency,110,4,3,0,,8.75,9.25,0.50,4,,US,United States,110,3,0
linux jq,250,3,3,0,,19.67,13.00,-6.67,2,-1,GB,United Kingdom,250,3,0
how to use setup.py,60,3,3,0,,6.00,6.00,0.00,1,,US,United States,60,3,0
import csv file in python,100,3,,,,10.00,,,0,-2,IN,India,100,3,
visual studio makefile,50,3,3,1,,5.00,4.33,-0.67,3,,US,United States,50,3,1
how to use pyinstaller,210,10,3,-7,,8.75,12.00,3.25,3,-1,US,United States,210,3,-7
python virtualenv,200,,3,,,,13.00,,1,1,IN,India,200,3,
pull through cache,40,3,3,0,,1.00,4.00,3.00,1,,US,United States,40,3,0
echo terminal command,50,3,3,1,,7.00,6.00,-1.00,1,,US,United States,50,3,1
portainer docker compose file,40,4,3,-1,,4.00,4.00,0.00,1,,US,United States,40,3,-1
how to use mitmproxy,40,3,3,0,,4.00,4.00,0.00,1,,US,United States,40,3,0
python create file,1200,4,3,0,,19.00,21.50,2.50,2,-1,RU,Russian Federation,1200,3,0
sed inline replace,70,,3,,,,7.00,,1,1,US,United States,70,3,
syslog facilities,60,3,3,0,,7.00,7.00,0.00,1,,US,United States,60,3,0
python open csv file,60,7,3,-4,,5.83,7.00,1.17,6,,DE,Germany,60,3,-4
chi router,80,4,3,-1,,6.71,7.00,0.29,6,-1,US,United States,80,3,-1
bash do loop,40,3,3,0,,6.00,6.00,0.00,1,,US,United States,40,3,0
docker build secrets,230,14,3,-11,,8.50,11.50,3.00,2,-2,GB,United Kingdom,230,3,-11
bash meaning in hindi,2200,0,3,3,,42.00,16.00,-26.00,1,,IN,India,2200,3,3
postgresql docker,3440,2,3,2,,27.67,28.85,1.18,13,1,DE,Germany,3440,3,2
how to read a file in bash,30,3,3,1,,4.00,3.00,-1.00,1,,US,United States,30,3,1
django admin customization,70,4,3,0,,6.00,7.33,1.33,3,,IN,India,70,3,0
read a csv file in python,80,7,3,-3,,6.86,6.83,-0.02,6,-1,GB,United Kingdom,80,3,-3
bash eval command,70,3,3,0,,6.00,6.33,0.33,3,,US,United States,70,3,0
earthly technologies,10,3,3,0,,1.00,1.00,0.00,1,,US,United States,10,3,0
macos linux vm,50,3,,,,6.00,,,0,-1,US,United States,50,3,
pytest fixtures,1200,1,3,2,,22.00,23.00,1.00,4,2,IN,India,1200,3,2
python make,20,8,3,-5,,1.50,2.50,1.00,2,,US,United States,20,3,-5
bash script conditionals,20,8,3,-5,,2.00,3.00,1.00,1,,US,United States,20,3,-5
portainer ce docker compose,20,3,3,0,,2.00,2.00,0.00,1,,US,United States,20,3,0
what does echo mean in linux,30,3,3,0,,5.00,5.00,0.00,1,,US,United States,30,3,0
golang graphql mongodb,50,5,3,-2,,4.00,6.00,2.00,1,,US,United States,50,3,-2
jq select or,50,3,3,0,,6.00,6.00,0.00,1,,US,United States,50,3,0
error handling in python,1100,5,3,-2,,19.00,21.00,2.00,1,,IN,India,1100,3,-2
what is awk,100,3,,,,9.00,,,0,-1,US,United States,100,3,
golang http server example,40,3,3,1,,7.00,5.00,-2.00,1,,US,United States,40,3,1
bash read,600,23,3,-20,,6.00,15.50,9.50,2,1,US,United States,600,3,-20
multi stage docker build,250,0,3,3,,11.00,11.67,0.67,3,2,CA,Canada,250,3,3
python parse yaml,90,2,3,1,,9.00,8.00,-1.00,4,2,DE,Germany,90,3,1
uniq command in linux,350,,3,,,,4.00,,1,1,IN,India,350,3,
multistage docker build,100,2,3,1,,8.00,9.00,1.00,2,1,IN,India,100,3,1
makefile ?=,80,3,3,0,,6.00,6.50,0.50,2,,US,United States,80,3,0
what is an awk,40,3,3,0,,7.00,7.00,0.00,1,,US,United States,40,3,0
how to create virtual environment in python,1650,2,3,1,,24.00,33.50,9.50,2,1,IN,India,1650,3,1
load csv file in python,50,3,3,0,,8.00,8.00,0.00,1,,IN,India,50,3,0
grpc backwards compatibility,20,3,3,0,,2.00,2.00,0.00,1,,US,United States,20,3,0
nx getting started,40,3,3,0,,5.00,5.00,0.00,1,,US,United States,40,3,0
bazel test,150,8,3,-4,,7.00,10.00,3.00,1,,US,United States,150,3,-4
nx repo,80,5,3,-2,,6.00,8.00,2.00,1,,US,United States,80,3,-2
golang server,100,2,3,1,,10.00,9.50,-0.50,2,,US,United States,100,3,1
terraform route53,80,4,3,-1,,7.83,7.83,0.00,6,,US,United States,80,3,-1
closure in python,310,1,3,2,,20.00,14.50,-5.50,2,1,IN,India,310,3,2
docker buildkit secrets,30,3,3,0,,4.00,3.00,-1.00,1,,US,United States,30,3,0
poly repo,100,3,3,0,,9.00,9.00,0.00,1,,US,United States,100,3,0
how to read yaml file in python,60,4,3,-1,,7.00,8.00,1.00,2,,US,United States,60,3,-1
makefile docker,20,5,3,-2,,2.00,2.00,0.00,4,,US,United States,20,3,-2
how to install cmake,80,3,3,0,,7.38,7.62,0.25,8,,US,United States,80,3,0
bash do while loop,70,,3,,,,9.00,,2,2,US,United States,70,3,
how to concatenate lists in python,120,3,3,0,,9.00,8.33,-0.67,3,,US,United States,120,3,0
how to use ripgrep,40,4,3,-1,,4.00,5.00,1.00,1,,US,United States,40,3,-1
echo command is used for,80,4,3,-1,,7.00,9.00,2.00,1,,IN,India,80,3,-1
pyyaml load,60,2,3,1,,8.00,6.50,-1.50,2,,US,United States,60,3,1
upload artifact,60,1,3,2,,8.00,6.50,-1.50,2,1,US,United States,60,3,2
django template filters,70,3,3,0,,8.00,7.00,-1.00,3,,US,United States,70,3,0
python yaml.dump,40,3,3,0,,5.50,5.00,-0.50,2,,US,United States,40,3,0
postgresql docker setup,60,3,3,0,,7.00,7.00,0.00,1,,US,United States,60,3,0
python read yaml file to dict,70,3,3,0,,7.00,6.00,-1.00,2,,US,United States,70,3,0
makefile define,60,4,3,-2,,5.33,6.33,1.00,3,,US,United States,60,3,-2
syslog messages,60,4,3,-1,,6.00,7.00,1.00,1,,US,United States,60,3,-1
docker namespaces,110,5,3,-2,,9.33,9.67,0.33,3,,US,United States,110,3,-2
abstract syntax tree example,50,3,,,,6.00,,,0,-1,US,United States,50,3,
difference between make and cmake,30,3,3,0,,3.00,3.00,0.00,1,,US,United States,30,3,0
bash string formatting,20,3,3,0,,2.00,2.00,0.00,1,,US,United States,20,3,0
github actions using composite,20,3,3,0,,2.00,3.00,1.00,1,,US,United States,20,3,0
linux echo,490,11,3,-8,,5.33,20.40,15.07,5,2,BR,Brazil,490,3,-8
make flags,40,9,3,-6,,5.33,5.00,-0.33,2,-1,US,United States,40,3,-6
python import yaml,210,5,3,-2,,10.60,11.67,1.07,3,-2,US,United States,210,3,-2
github actions upload artifact,220,3,3,0,,11.00,10.50,-0.50,2,,US,United States,220,3,0
aws ecr tutorial,30,3,3,0,,4.00,4.00,0.00,1,,US,United States,30,3,0
shell scripting automation examples,10,3,3,0,,1.00,1.00,0.00,1,,IN,India,10,3,0
rpm repository,60,3,3,0,,7.25,6.50,-0.75,4,,US,United States,60,3,0
engineer interviews,30,3,,,,5.00,,,0,-1,US,United States,30,3,
python abstract base class example,50,4,3,-1,,5.00,6.00,1.00,1,,US,United States,50,3,-1
poetry add dev dependency,180,7,3,-4,,9.83,11.50,1.67,4,-2,GB,United Kingdom,180,3,-4
read csv in python,60,4,3,-1,,7.60,7.83,0.23,6,-4,GB,United Kingdom,60,3,-1
comando echo linux,90,3,3,0,,10.00,10.00,0.00,1,,BR,Brazil,90,3,0
bazel cquery,60,3,,,,7.00,,,0,-1,US,United States,60,3,
terraform environment variables,250,,3,,,,14.00,,1,1,US,United States,250,3,
gha concurrency,20,3,3,0,,3.00,3.00,0.00,1,,US,United States,20,3,0
k9s documentation,30,3,3,0,,4.00,4.00,0.00,1,,US,United States,30,3,0
read csv python,3180,6,3,-4,,8.47,9.83,1.37,6,-9,DE,Germany,3180,3,-4
what is npx vs npm,80,3,,,,10.00,,,0,-1,US,United States,80,3,
git lfs migrate,70,3,,,,9.00,,,0,-1,US,United States,70,3,
windows make command,30,2,3,1,,9.00,6.00,-3.00,1,,US,United States,30,3,1
docker volumes list,110,3,,,,10.50,,,0,-2,RU,Russian Federation,110,3,
install ninja,90,2,3,0,,9.00,9.00,0.00,4,,US,United States,90,3,0
what does echo do linux,30,3,3,-1,,4.00,4.00,0.00,1,,US,United States,30,3,-1
testing github actions,90,3,,,,9.00,,,0,-2,US,United States,90,3,
golang grpc client example,30,3,3,0,,4.00,4.00,0.00,2,,US,United States,30,3,0
hatch python,40,3,3,0,,8.00,8.00,0.00,2,,US,United States,40,3,0
jq map select,20,3,3,0,,3.00,3.00,0.00,1,,US,United States,20,3,0
go csv,20,5,3,-2,,3.00,3.00,0.00,1,,US,United States,20,3,-2
difference between cmake and make,20,3,3,0,,4.00,4.00,0.00,1,,US,United States,20,3,0
sed regex replace,30,3,3,0,,5.50,5.80,0.30,10,,GB,United Kingdom,30,3,0
ecs getting started,70,3,,,,9.00,,,0,-1,US,United States,70,3,
docker images location,50,2,3,0,,6.67,5.67,-1.00,3,,DE,Germany,50,3,0
rust concurrency,50,3,3,0,,6.33,8.00,1.67,3,,US,United States,50,3,0
echo command in unix,70,3,3,0,,7.50,7.50,0.00,2,,US,United States,70,3,0
bash evaluate expression,60,3,3,0,,6.33,7.00,0.67,3,,US,United States,60,3,0
sed replace regex,60,3,3,0,,6.83,6.75,-0.08,12,,US,United States,60,3,0
dockerfile volumes,70,4,3,-1,,6.80,7.60,0.80,5,,US,United States,70,3,-1
open csv python,100,2,3,1,,8.17,7.17,-1.00,6,,GB,United Kingdom,100,3,1
yaml load python,50,2,3,1,,7.75,6.25,-1.50,4,,GB,United Kingdom,50,3,1
pushd bash,40,3,3,0,,7.00,7.00,0.00,1,,US,United States,40,3,0
using k9s,20,1,3,2,,7.00,2.00,-5.00,1,,US,United States,20,3,2
bash pushd popd,40,3,3,0,,6.00,6.00,0.00,1,,US,United States,40,3,0
conda remove environment,700,,3,,,,14.00,,2,2,IT,Italy,700,3,
docker multistage builds,90,3,3,-1,,9.00,9.00,0.00,1,,US,United States,90,3,-1
pants vs bazel,30,3,3,-1,,4.00,5.00,1.00,1,,US,United States,30,3,-1
docker secrets,1130,0,3,3,,21.00,20.00,-1.00,3,2,AR,Argentina,1130,3,3
golang error type,80,3,3,0,,8.00,7.67,-0.33,3,,US,United States,80,3,0
python yaml load,100,4,3,-1,,8.20,9.00,0.80,5,,GB,United Kingdom,100,3,-1
looping in bash,70,2,3,0,,10.00,8.00,-2.00,1,,US,United States,70,3,0
sleep in bash script,60,3,3,0,,7.00,7.00,0.00,2,,US,United States,60,3,0
tsconfig monorepo,20,3,3,0,,3.00,3.00,0.00,1,,US,United States,20,3,0
multi stage dockerfile,20,4,3,-1,,8.00,4.00,-4.00,1,-1,DE,Germany,20,3,-1
bash conditional expressions,30,3,3,0,,4.50,4.50,0.00,2,,US,United States,30,3,0
octopus deploy tutorial,50,3,3,0,,6.50,6.50,0.00,2,,IN,India,50,3,0
dockerfile multistage,60,3,3,0,,7.75,7.00,-0.75,3,-1,DE,Germany,60,3,0
cmake install,700,3,3,0,,15.00,18.67,3.67,3,2,RU,Russian Federation,700,3,0
echo terminal,60,1,3,1,,4.00,6.00,2.00,2,1,CA,Canada,60,3,1
spinnaker tutorial,60,3,3,-1,,5.00,7.50,2.50,2,1,US,United States,60,3,-1
sleep in bash,90,3,3,-1,,9.50,9.50,0.00,2,,IN,India,90,3,-1
mongodb golang example,30,3,3,-1,,4.00,5.00,1.00,1,,US,United States,30,3,-1
buf generate,50,1,3,1,,11.00,7.00,-4.00,1,,US,United States,50,3,1
python magic methods,250,3,3,0,,15.00,15.00,0.00,1,,US,United States,250,3,0
json to csv command line,10,3,3,0,,1.00,1.00,0.00,1,,US,United States,10,3,0
how to make a makefile in vscode,10,3,3,0,,1.00,1.00,0.00,1,,US,United States,10,3,0
ast in python,70,3,3,0,,9.00,8.00,-1.00,1,,IN,India,70,3,0
argocd vs,30,3,3,0,,4.00,4.00,0.00,1,,US,United States,30,3,0
jq select multiple fields,20,3,3,-1,,3.40,3.00,-0.40,10,,US,United States,20,3,-1
golang errors.is,70,3,3,0,,8.00,8.20,0.20,5,,US,United States,70,3,0
docker network modes,40,3,3,0,,6.00,6.00,0.00,1,,DE,Germany,40,3,0
jq linux,100,1,3,1,,9.00,9.50,0.50,2,1,GB,United Kingdom,100,3,1
jsonl to csv,70,2,2,1,,10.00,9.00,-1.00,1,,US,United States,70,2,1
python abc class,70,2,2,0,,9.00,9.00,0.00,1,,US,United States,70,2,0
difference between npm and npx,300,2,2,0,,16.00,16.00,0.00,1,,IN,India,300,2,0
jq json,80,,2,,,,9.00,,2,2,GB,United Kingdom,80,2,
functions in shell script,70,1,2,2,,10.00,8.50,-1.50,2,1,US,United States,70,2,2
conditionals bash,20,3,2,-1,,2.00,4.00,2.00,1,,US,United States,20,2,-1
syslog facility levels,50,2,2,0,,8.00,8.00,0.00,1,,US,United States,50,2,0
earthky,30,4,2,-1,,4.00,6.00,2.00,1,,US,United States,30,2,-1
yaml python,640,3,2,0,,20.60,22.50,1.90,4,-1,NL,Netherlands,640,2,0
import ast,50,3,2,0,,8.00,9.00,1.00,2,,US,United States,50,2,0
portainer dockerfile,70,3,2,-1,,7.50,8.50,1.00,2,,US,United States,70,2,-1
npm install workspace,30,2,2,0,,4.00,4.00,0.00,1,,US,United States,30,2,0
createrepo command,30,2,2,0,,5.00,5.00,0.00,1,,US,United States,30,2,0
what is pyinstaller,80,2,,,,10.00,,,0,-1,US,United States,80,2,
kubernetes vs portainer,80,2,2,0,,11.00,10.00,-1.00,1,,US,United States,80,2,0
where does docker pull store images,60,2,2,0,,8.00,8.00,0.00,1,,US,United States,60,2,0
github action artifacts,60,2,2,0,,9.00,9.00,0.00,1,,US,United States,60,2,0
http server golang,50,2,2,0,,9.00,7.00,-2.00,1,,US,United States,50,2,0
warthly,30,3,2,-1,,4.00,5.00,1.00,1,,US,United States,30,2,-1
mitm https,30,2,2,0,,6.00,5.00,-1.00,1,,US,United States,30,2,0
earthly.,30,3,2,-1,,4.00,5.00,1.00,1,,US,United States,30,2,-1
eval in bash,40,2,2,0,,6.00,6.00,0.00,2,,IN,India,40,2,0
golang mongodb query,40,2,2,0,,6.00,6.00,0.00,1,,US,United States,40,2,0
subprocess.run python,500,3,2,0,,19.00,17.50,-1.50,2,,IN,India,500,2,0
create python package,50,4,2,-2,,6.00,9.00,3.00,1,,US,United States,50,2,-2
golang exception handling,60,4,2,-1,,7.00,9.00,2.00,1,,US,United States,60,2,-1
docker where are images stored,60,2,2,0,,8.00,8.00,0.00,3,,DE,Germany,60,2,0
function in shell script,80,3,2,-1,,10.50,10.00,-0.50,2,,IN,India,80,2,-1
what is docker network,70,2,,,,10.50,,,0,-2,IN,India,70,2,
psycopg2 connect,100,5,2,-2,,9.00,10.33,1.33,3,-3,DE,Germany,100,2,-2
hatch test,60,2,2,0,,9.00,9.00,0.00,1,,US,United States,60,2,0
how to convert json to csv,190,4,2,-1,,11.50,12.50,1.00,2,-2,US,United States,190,2,-1
turbo monorepo,20,2,2,0,,6.33,6.00,-0.33,4,1,US,United States,20,2,0
actions download artifact,50,3,2,-1,,7.00,7.00,0.00,1,,US,United States,50,2,-1
pyyaml safe_load,50,3,2,-1,,7.00,7.00,0.00,1,,US,United States,50,2,-1
poetry install dependencies,90,9,2,-6,,9.33,9.33,0.00,3,-3,US,United States,90,2,-6
docker registry pull through cache,20,2,2,0,,3.00,3.00,0.00,1,,US,United States,20,2,0
what is buildkit,20,2,2,0,,4.00,4.00,0.00,1,,US,United States,20,2,0
go tui,60,2,2,0,,8.00,8.00,0.00,1,,US,United States,60,2,0
makefile,3500,10,2,-8,,6.50,21.00,14.50,6,4,IN,India,3500,2,-8
psql docker image,30,2,,,,6.00,,,0,-1,US,United States,30,2,
bazel query deps,40,2,2,0,,7.00,7.00,0.00,1,,US,United States,40,2,0
kubernetes configmap example,80,2,,,,9.00,,,0,-1,US,United States,80,2,
read yaml in python,30,2,2,0,,6.00,5.00,-1.00,2,,US,United States,30,2,0
k8s canary deployment,30,2,,,,5.00,,,0,-1,US,United States,30,2,
converting json to csv,80,2,,,,10.00,,,0,-1,US,United States,80,2,
docker networking 101,20,2,2,0,,4.00,4.00,0.00,1,,US,United States,20,2,0
poetry dependencies,70,2,2,0,,9.00,9.00,0.00,3,1,US,United States,70,2,0
docker cgroup,60,3,2,-1,,7.25,8.00,0.75,4,,US,United States,60,2,-1
docker logs to file,100,2,,,,11.00,,,0,-1,RU,Russian Federation,100,2,
python abc example,40,3,2,-1,,6.00,6.00,0.00,1,,US,United States,40,2,-1
k9s kubernetes,70,2,2,0,,9.00,9.00,0.00,1,,IN,India,70,2,0
django channels tutorial,70,2,,,,8.50,,,0,-2,US,United States,70,2,
install ninja ubuntu,50,2,2,0,,8.00,8.00,0.00,1,,US,United States,50,2,0
what is cloud build,30,1,2,1,,9.00,6.00,-3.00,1,,US,United States,30,2,1
convert json to csv file,20,2,2,0,,6.00,4.00,-2.00,1,,US,United States,20,2,0
"from abc import abc, abstractmethod",70,2,2,0,,10.00,9.00,-1.00,1,,US,United States,70,2,0
multi stage docker,60,2,2,0,,7.00,8.00,1.00,3,1,IN,India,60,2,0
earthly jobs,20,2,2,0,,4.50,4.00,-0.50,2,,US,United States,20,2,0
if statements bash,50,2,2,0,,9.00,8.00,-1.00,1,,US,United States,50,2,0
python 3.11 features,110,3,2,0,,9.00,9.33,0.33,3,,US,United States,110,2,0
nerdctl compose,20,2,2,0,,4.00,3.00,-1.00,1,,US,United States,20,2,0
bazel build docker image,20,2,2,0,,3.00,3.00,0.00,1,,US,United States,20,2,0
npm vs npx,1210,17,2,-14,,10.78,17.33,6.56,3,-6,US,United States,1210,2,-14
cmake for windows,100,2,2,0,,7.20,6.40,-0.80,5,,IN,India,100,2,0
create private docker registry,20,2,2,0,,2.00,2.00,0.00,1,,US,United States,20,2,0
makefile get environment variable,20,2,2,0,,2.00,2.00,0.00,1,,US,United States,20,2,0
abstract method python,200,0,2,2,,25.00,15.00,-10.00,1,,US,United States,200,2,2
advance git commands,10,2,2,0,,1.00,2.00,1.00,1,,IN,India,10,2,0
python makefile example,10,2,2,0,,1.00,1.00,0.00,1,,US,United States,10,2,0
makefile set variable,10,2,2,0,,2.00,2.00,0.00,2,,US,United States,10,2,0
bash popd,30,2,2,0,,5.00,5.00,0.00,1,,US,United States,30,2,0
docker external network,40,3,2,0,,8.00,7.50,-0.50,2,-1,DE,Germany,40,2,0
how to create makefile,60,2,2,0,,8.50,8.00,-0.50,2,,US,United States,60,2,0
docker swarm secrets,90,2,,,,11.00,,,0,-1,US,United States,90,2,
mysql docker container,20,1,2,1,,8.00,5.00,-3.00,1,,DE,Germany,20,2,1
python subprocess set environment variable,20,2,2,0,,4.00,4.00,0.00,1,,US,United States,20,2,0
portainer compose file,20,8,2,-6,,1.00,5.00,4.00,1,,US,United States,20,2,-6
poetry dev dependencies,80,0,2,2,,9.33,9.33,0.00,6,3,RU,Russian Federation,80,2,2
python write yaml,50,1,2,1,,6.00,8.00,2.00,2,1,DE,Germany,50,2,1
sleep in shell script,40,2,2,0,,8.50,8.00,-0.50,2,,IN,India,40,2,0
run makefile,40,1,2,1,,6.00,6.50,0.50,2,1,DE,Germany,40,2,1
echo command examples,40,2,2,0,,6.50,6.50,0.00,2,,US,United States,40,2,0
pyscript tutorial,50,2,2,0,,7.50,8.00,0.50,2,,US,United States,50,2,0
make python,10,2,2,0,,3.00,2.75,-0.25,4,,US,United States,10,2,0
aws lambda run docker container,70,2,2,0,,9.00,9.00,0.00,1,,US,United States,70,2,0
make g,50,2,2,0,,8.00,8.00,0.00,1,,US,United States,50,2,0
what is pnpm,950,2,2,0,,22.50,22.00,-0.50,2,,US,United States,950,2,0
depends on in terraform,70,2,2,0,,10.50,10.50,0.00,2,,US,United States,70,2,0
python write yaml file,40,,2,,,,8.00,,1,1,US,United States,40,2,
pants python,20,2,2,0,,4.00,3.00,-1.00,1,,US,United States,20,2,0
golang grpc server example,20,2,2,0,,3.00,3.00,0.00,1,,US,United States,20,2,0
bash loops,110,5,2,-2,,9.33,8.50,-0.83,2,-1,US,United States,110,2,-2
ripgrep examples,30,3,2,-1,,4.00,5.00,1.00,1,,US,United States,30,2,-1
make on windows,40,1,2,1,,7.14,6.57,-0.57,7,,US,United States,40,2,1
makefile automatic variables,30,2,2,0,,5.50,6.00,0.50,2,,US,United States,30,2,0
multistage build,40,2,2,0,,5.33,6.00,0.67,3,,US,United States,40,2,0
make file python,30,2,2,0,,3.00,3.50,0.50,2,,US,United States,30,2,0
customize django admin,50,2,2,0,,5.50,6.00,0.50,2,,US,United States,50,2,0
docker multistage,20,3,2,-1,,6.00,4.00,-2.00,1,-1,DE,Germany,20,2,-1
what does echo command do in linux,20,2,2,0,,6.00,4.00,-2.00,1,,US,United States,20,2,0
cross compile cmake,20,2,2,0,,4.00,4.00,0.00,1,,US,United States,20,2,0
gcc makefile,30,1,2,1,,11.00,9.00,-2.00,1,,US,United States,30,2,1
how to use makefile,60,2,,,,10.00,,,0,-1,US,United States,60,2,
protobuf forward compatibility,10,5,2,-3,,1.00,2.00,1.00,1,,US,United States,10,2,-3
jq convert to csv,30,2,2,0,,7.00,7.00,0.00,1,,US,United States,30,2,0
jq search,30,2,2,0,,6.00,6.00,0.00,1,,US,United States,30,2,0
awk command tutorial,40,2,2,0,,6.00,6.00,0.00,2,,US,United States,40,2,0
yaml load,30,4,2,-2,,8.29,6.50,-1.79,2,-5,DE,Germany,30,2,-2
sleep bash,210,3,2,-1,,10.33,11.00,0.67,2,-1,US,United States,210,2,-1
docker build secret,30,2,,,,7.00,,,0,-2,CA,Canada,30,2,
lima virtual machine,30,2,2,0,,5.00,5.00,0.00,1,,US,United States,30,2,0
jq convert json to csv,30,2,2,0,,6.00,6.00,0.00,1,,US,United States,30,2,0
yaml safeload,30,3,2,-1,,5.00,6.00,1.00,1,,US,United States,30,2,-1
docker mongodb,760,14,2,-12,,11.75,15.50,3.75,6,-6,PL,Poland,760,2,-12
c++ makefile tutorial,30,2,2,0,,6.00,6.00,0.00,1,,US,United States,30,2,0
rust lifetimes,60,2,2,0,,8.50,8.50,0.00,4,,US,United States,60,2,0
cmake makefile,30,2,2,0,,4.67,5.00,0.33,3,,US,United States,30,2,0
docker container network,20,2,2,0,,5.00,6.50,1.50,2,1,DE,Germany,20,2,0
bash script read file,20,1,2,1,,6.00,3.00,-3.00,1,,US,United States,20,2,1
argo flux,10,2,2,0,,3.00,3.00,0.00,1,,US,United States,10,2,0
docker build stage,20,2,2,0,,4.00,4.00,0.00,1,,DE,Germany,20,2,0
python subprocess environment variables,40,2,2,0,,7.00,7.00,0.00,1,,US,United States,40,2,0
multistage build docker,40,2,2,0,,6.50,6.50,0.00,4,,DE,Germany,40,2,0
syslog location,50,2,2,0,,9.00,9.00,0.00,1,,US,United States,50,2,0
kubernetes replica set,150,2,,,,14.00,,,0,-1,US,United States,150,2,
aws ecs example,30,2,,,,5.00,,,0,-1,US,United States,30,2,
docker registry cache,60,2,2,0,,10.00,10.00,0.00,1,,US,United States,60,2,0
docker volumes explained,40,3,2,-1,,6.00,8.00,2.00,1,,US,United States,40,2,-1
read a file in bash,30,2,2,0,,6.50,6.50,0.00,2,,US,United States,30,2,0
django signals,380,7,2,-5,,9.67,11.00,1.33,3,-3,GB,United Kingdom,380,2,-5
error handling in go,40,2,2,0,,7.00,7.00,0.00,1,,US,United States,40,2,0
echo $ in linux,30,2,2,0,,7.00,6.00,-1.00,1,,IN,India,30,2,0
docker run host network,30,2,2,0,,6.00,6.00,0.00,1,,DE,Germany,30,2,0
text processing commands in linux,50,7,2,-5,,2.00,8.00,6.00,1,,IN,India,50,2,-5
how to create a python library,50,2,2,0,,9.00,9.00,0.00,1,,US,United States,50,2,0
what is pyscript,50,2,2,0,,7.00,8.00,1.00,2,,IN,India,50,2,0
cdktf synth,10,2,2,0,,2.00,2.00,0.00,1,,US,United States,10,2,0
bash string format,10,2,2,0,,2.00,2.00,0.00,1,,US,United States,10,2,0
abstract syntax tree python,10,2,2,0,,3.00,2.00,-1.00,1,,US,United States,10,2,0
bash script read file line by line,50,,2,,,,8.00,,1,1,US,United States,50,2,
dynamic linking in os,100,,2,,,,12.00,,1,1,IN,India,100,2,
bazel vs nx,30,2,2,0,,7.00,7.00,0.00,1,,US,United States,30,2,0
how to concatenate two lists in python,70,1,2,1,,11.00,10.50,-0.50,2,1,US,United States,70,2,1
python merge list,60,,2,,,,8.00,,2,2,FR,France,60,2,
yum createrepo,20,1,2,1,,5.00,3.00,-2.00,1,,US,United States,20,2,1
github workflows concurrency,20,2,2,0,,3.00,4.00,1.00,1,,US,United States,20,2,0
makefile go,20,2,2,0,,3.00,3.00,0.00,1,,US,United States,20,2,0
earthly logo,20,2,2,0,,4.00,4.00,0.00,1,,GB,United Kingdom,20,2,0
golang check error type,20,2,2,0,,5.33,5.67,0.33,3,,US,United States,20,2,0
ast example,20,,2,,,,4.00,,1,1,US,United States,20,2,
npx là gì,60,2,2,0,,10.00,10.00,0.00,1,,VN,Vietnam,60,2,0
kaniko alternatives,60,2,2,0,,10.00,10.00,0.00,1,,US,United States,60,2,0
earthyl,30,2,2,0,,5.00,6.00,1.00,1,,US,United States,30,2,0
makefile cflags,20,5,2,-3,,2.00,3.50,1.50,2,,US,United States,20,2,-3
power10k zsh,30,2,2,0,,7.00,6.00,-1.00,1,,US,United States,30,2,0
python create package,30,2,2,0,,15.00,7.00,-8.00,1,-1,US,United States,30,2,0
github action triggers,50,3,2,-2,,7.67,7.50,-0.17,2,-1,GB,United Kingdom,50,2,-2
parse yaml python,60,1,2,1,,7.50,9.00,1.50,2,,DE,Germany,60,2,1
python abstract classes,60,2,,,,10.00,,,0,-1,US,United States,60,2,
echo e,60,2,2,0,,9.00,9.00,0.00,1,,US,United States,60,2,0
ripgrep windows,60,,2,,,,10.00,,1,1,US,United States,60,2,
github events that trigger workflows,50,2,,,,8.00,,,0,-1,US,United States,50,2,
replicaset in kubernetes,200,2,,,,15.00,,,0,-1,IN,India,200,2,
pushd and popd,60,2,2,-1,,9.00,10.00,1.00,1,,US,United States,60,2,-1
awk bash,90,2,,,,11.00,,,0,-1,US,United States,90,2,
python load csv,300,9,2,-7,,8.38,9.00,0.62,4,-4,GB,United Kingdom,300,2,-7
windows cmake,50,3,2,-1,,5.62,6.62,1.00,8,,US,United States,50,2,-1
go.work file,30,1,2,1,,9.29,8.33,-0.95,6,-1,US,United States,30,2,1
python join list of lists,60,1,2,1,,9.33,8.33,-1.00,3,,US,United States,60,2,1
python list concatenate,60,2,2,0,,9.33,9.00,-0.33,3,,US,United States,60,2,0
go modules,270,2,2,0,,18.33,19.00,0.67,2,-1,DE,Germany,270,2,0
python setup py,20,2,,,,6.00,,,0,-1,US,United States,20,2,
yaml.dump python,20,2,2,0,,6.00,6.00,0.00,1,,US,United States,20,2,0
what is docker scout,20,2,2,0,,4.00,6.00,2.00,1,,US,United States,20,2,0
bash use variable in command,30,2,2,0,,6.00,6.00,0.00,1,,US,United States,30,2,0
multi stage build,20,2,2,0,,7.67,5.00,-2.67,2,-1,DE,Germany,20,2,0
dockerfile stages,20,2,2,0,,4.00,4.00,0.00,1,,DE,Germany,20,2,0
python logging hierarchy,20,2,2,0,,4.00,4.00,0.00,1,,US,United States,20,2,0
bazel query kind,20,2,2,0,,4.00,4.00,0.00,1,,US,United States,20,2,0
linux rg command,40,2,2,0,,7.00,7.00,0.00,1,,US,United States,40,2,0
install cmake,280,5,2,-3,,8.85,9.50,0.65,8,-5,DE,Germany,280,2,-3
python logger tutorial,50,2,,,,9.00,,,0,-1,US,United States,50,2,
vs code makefile,10,2,2,0,,3.00,3.00,0.00,1,,US,United States,10,2,0
linux echo options,20,2,2,0,,3.00,3.00,0.00,1,,US,United States,20,2,0
format string bash,10,2,2,0,,2.00,2.00,0.00,1,,US,United States,10,2,0
makefile use environment variable,10,2,2,0,,2.00,2.00,0.00,1,,US,United States,10,2,0
django template filter,30,2,2,0,,6.25,6.25,0.00,4,,US,United States,30,2,0
abc class python,40,1,2,0,,9.00,8.00,-1.00,1,,US,United States,40,2,0
pyinstaller options,40,2,2,0,,8.00,8.00,0.00,1,,US,United States,40,2,0
how to run a make file,40,2,2,0,,8.00,8.00,0.00,1,,US,United States,40,2,0
what does pushd do,50,2,2,0,,9.00,9.00,0.00,1,,US,United States,50,2,0
configmap in kubernetes,250,2,2,0,,17.00,17.00,0.00,1,,IN,India,250,2,0
gha cache,20,2,2,0,,5.00,5.00,0.00,1,,US,United States,20,2,0
json to csv conversion,60,2,,,,10.00,,,0,-1,US,United States,60,2,
file processing commands in linux,60,2,2,0,,9.00,9.00,0.00,1,,IN,India,60,2,0
bash echo,80,0,2,2,,13.00,9.67,-3.33,3,2,DK,Denmark,80,2,2
linux networking,550,7,2,-5,,11.25,19.00,7.75,2,-2,IN,India,550,2,-5
eval in shell script,50,2,2,0,,8.00,8.00,0.00,2,,IN,India,50,2,0
portainer ports,70,2,2,0,,10.00,10.00,0.00,1,,US,United States,70,2,0
echo command,370,10,2,-8,,9.00,11.75,2.75,4,-2,FR,France,370,2,-8
github actions trigger,60,3,2,-2,,8.40,8.33,-0.07,3,-2,DE,Germany,60,2,-2
python logging propagate,40,3,2,-2,,5.00,9.00,4.00,1,,US,United States,40,2,-2
postgres docker image,1250,3,2,-1,,20.50,23.33,2.83,3,1,US,United States,1250,2,-1
python yaml.safe_load,40,2,2,0,,8.00,8.00,0.00,1,,US,United States,40,2,0
rust generic,40,2,2,0,,7.00,7.00,0.00,1,,US,United States,40,2,0
earthly ci,10,2,2,0,,2.00,2.00,0.00,1,,US,United States,10,2,0
jq bash,70,1,2,1,,11.00,10.00,-1.00,2,1,DE,Germany,70,2,1
sed replace in file,70,2,,,,10.00,,,0,-1,RU,Russian Federation,70,2,
gnu autotools,70,2,,,,10.00,,,0,-1,US,United States,70,2,
how to combine two lists in python,170,2,,,,14.00,,,0,-2,US,United States,170,2,
shell sleep,240,2,2,0,,18.50,14.40,-4.10,5,1,US,United States,240,2,0
docker list volumes,450,2,2,0,,19.00,20.00,1.00,2,,DE,Germany,450,2,0
python read yml,30,2,2,0,,6.00,6.00,0.00,2,,DE,Germany,30,2,0
capabilities linux,20,2,2,0,,7.75,7.75,0.00,4,,US,United States,20,2,0
echo command terminal,20,2,2,0,,5.00,5.00,0.00,1,,US,United States,20,2,0
docker default network,70,2,,,,10.00,,,0,-1,DE,Germany,70,2,
mongodb docker image,160,1,2,0,,15.00,12.00,-3.00,2,1,IN,India,160,2,0
chef vs docker,10,2,2,0,,3.00,3.00,0.00,1,,US,United States,10,2,0
cmakelists vs makefile,10,2,2,0,,3.00,3.00,0.00,1,,US,United States,10,2,0
docker network host,700,0,2,2,,40.00,30.00,-10.00,3,1,US,United States,700,2,2
portainer vs kubernetes,70,2,2,0,,11.00,11.00,0.00,1,,US,United States,70,2,0
go packages,300,8,2,-6,,11.00,18.00,7.00,1,,US,United States,300,2,-6
what is /bin/bash,40,2,2,0,,8.00,8.00,0.00,2,,US,United States,40,2,0
django templates tags,40,2,2,0,,9.00,9.00,0.00,1,,US,United States,40,2,0
reusable workflows,50,4,2,-2,,6.50,8.00,1.50,1,-1,US,United States,50,2,-2
text processing utilities in linux,10,4,2,-2,,1.00,2.00,1.00,1,,IN,India,10,2,-2
bash script conditional,10,2,2,0,,2.00,2.00,0.00,1,,US,United States,10,2,0
makefile vscode,10,2,2,0,,2.00,2.00,0.00,1,,US,United States,10,2,0
automake tutorial,10,2,2,0,,2.00,2.00,0.00,1,,US,United States,10,2,0
how to use echo linux,10,1,2,1,,5.00,2.00,-3.00,1,,US,United States,10,2,1
how to open csv file in python,50,6,2,-4,,7.17,8.00,0.83,5,-1,US,United States,50,2,-4
volume docker,50,2,2,-1,,9.20,9.00,-0.20,4,-1,DE,Germany,50,2,-1
python append 2 lists,20,2,,,,4.00,,,0,-1,US,United States,20,2,
docker run mysql,20,4,2,-2,,8.17,4.00,-4.17,1,-5,DE,Germany,20,2,-2
csv golang,20,2,2,-1,,3.00,4.00,1.00,1,,US,United States,20,2,-1
gnu make vs cmake,20,2,2,0,,4.00,4.00,0.00,1,,US,United States,20,2,0
docker mysql image,30,2,2,0,,7.00,7.00,0.00,1,,DE,Germany,30,2,0
loop in bash,60,2,,,,10.00,,,0,-1,US,United States,60,2,
docker from as,20,2,2,-1,,9.00,5.00,-4.00,1,-3,DE,Germany,20,2,-1
jq select where,20,2,2,0,,4.00,5.00,1.00,1,,US,United States,20,2,0
shell sleep command,20,2,2,0,,5.00,5.00,0.00,1,,US,United States,20,2,0
cmake nedir,80,2,2,0,,10.00,11.00,1.00,1,,TR,Turkey,80,2,0
install docker buildx,50,2,2,-1,,7.00,9.00,2.00,1,,US,United States,50,2,-1
what is docker volume,40,2,2,0,,6.67,7.00,0.33,3,,IN,India,40,2,0
kubeadm vs k3s,30,2,2,-1,,5.00,7.00,2.00,1,,US,United States,30,2,-1
pnpm npx,20,2,2,0,,5.78,7.00,1.22,9,,US,United States,20,2,0
terraform aws vpc,250,1,2,0,,7.00,17.00,10.00,1,,FR,France,250,2,0
configmap kubernetes,450,3,2,-2,,16.50,19.50,3.00,2,,IN,India,450,2,-2
golang packages,350,,2,,,,18.00,,1,1,US,United States,350,2,
cflags,70,2,2,0,,11.20,11.00,-0.20,5,,US,United States,70,2,0
python join two lists,270,2,2,0,,10.75,11.00,0.25,4,,GB,United Kingdom,270,2,0
bash read file to variable,40,2,2,0,,7.00,8.00,1.00,2,,US,United States,40,2,0
creating a python package,20,2,2,0,,12.00,7.00,-5.00,1,-1,US,United States,20,2,0
how to start a ecr,30,2,2,0,,7.00,8.00,1.00,1,,US,United States,30,2,0
portainer vs docker compose,40,1,2,0,,10.00,8.00,-2.00,1,,US,United States,40,2,0
conftest pytest,40,2,,,,9.00,,,0,-1,IN,India,40,2,
cgroups docker,30,2,2,-1,,4.00,5.50,1.50,2,,US,United States,30,2,-1
container bom,60,2,,,,10.00,,,0,-1,US,United States,60,2,
jq select in,10,2,2,0,,3.00,3.00,0.00,1,,US,United States,10,2,0
visual studio run makefile,10,2,2,0,,3.00,3.00,0.00,1,,US,United States,10,2,0
make wildcard,10,1,2,0,,3.50,3.25,-0.25,4,,US,United States,10,2,0
rust monorepo,10,2,2,0,,2.00,3.00,1.00,1,,US,United States,10,2,0
monorepo npm,10,2,2,0,,3.00,3.00,0.00,1,,US,United States,10,2,0
how to run makefile,70,2,2,-1,,9.67,10.00,0.33,2,-1,IN,India,70,2,-1
multistage docker,30,2,2,0,,7.67,7.00,-0.67,2,-1,IN,India,30,2,0
python abstract method,350,2,2,-1,,17.00,19.00,2.00,1,,US,United States,350,2,-1
macos lima,20,2,2,0,,4.00,5.00,1.00,1,,US,United States,20,2,0
python create yaml file,20,2,2,0,,4.00,5.00,1.00,1,,US,United States,20,2,0
bash compound conditional,20,2,2,0,,5.00,5.00,0.00,1,,US,United States,20,2,0
terminal echo command,20,2,2,0,,5.00,5.00,0.00,1,,US,United States,20,2,0
what is echo linux,20,1,2,1,,8.00,5.00,-3.00,1,,US,United States,20,2,1
jq json to csv,40,2,1,0,,8.00,9.00,1.00,1,,US,United States,40,1,0
concatenate 2 lists python,40,1,1,0,,8.67,8.33,-0.33,3,,FR,France,40,1,0
mongo docker,60,8,1,-7,,10.25,8.50,-1.75,2,-6,DE,Germany,60,1,-7
what is docker buildkit,30,1,1,0,,8.00,8.00,0.00,1,,US,United States,30,1,0
cflags in makefile,10,1,1,0,,2.00,2.00,0.00,2,,US,United States,10,1,0
protobuf backward compatibility,10,1,1,0,,3.00,2.00,-1.00,1,,US,United States,10,1,0
github actions triggers,250,8,1,-6,,9.75,17.00,7.25,1,-3,GB,United Kingdom,250,1,-6
go work,40,1,,,,9.00,,,0,-1,VN,Vietnam,40,1,
jq match,40,,1,,,,8.00,,1,1,US,United States,40,1,
yaml in python,40,2,1,0,,8.00,8.00,0.00,1,,IN,India,40,1,0
autoconf tutorial,0,1,1,0,,1.00,1.00,0.00,1,,US,United States,0,1,0
variables in makefile,0,1,1,0,,1.00,1.00,0.00,1,,US,United States,0,1,0
convert json to csv command line,0,1,1,0,,1.00,1.00,0.00,1,,US,United States,0,1,0
how to run a makefile in windows,20,2,1,0,,5.00,6.00,1.00,1,,US,United States,20,1,0
docker image storage location,50,1,1,1,,11.00,9.00,-2.00,1,,US,United States,50,1,1
golang csv reader,50,1,,,,9.00,,,0,-1,US,United States,50,1,
git advanced,30,1,1,0,,7.00,7.00,0.00,2,,IN,India,30,1,0
echo unix command,30,1,1,0,,8.00,7.00,-1.00,1,,US,United States,30,1,0
install ninja windows,30,1,1,0,,8.00,7.00,-1.00,1,,US,United States,30,1,0
cloudinary golang,30,2,1,0,,6.00,7.00,1.00,1,,US,United States,30,1,0
where are docker containers stored linux,20,1,1,0,,6.00,6.00,0.00,1,,US,United States,20,1,0
bash scripting if statement,20,1,1,0,,7.00,7.00,0.00,1,,US,United States,20,1,0
create python library,20,1,1,0,,6.00,6.00,0.00,1,,US,United States,20,1,0
static linking and dynamic linking,50,3,1,-1,,8.00,10.00,2.00,1,,IN,India,50,1,-1
bash condition,70,2,1,-1,,9.50,11.00,1.50,1,-1,US,United States,70,1,-1
learn awk,40,4,1,-2,,4.00,8.00,4.00,1,,US,United States,40,1,-2
cmake là gì,50,,1,,,,10.00,,1,1,VN,Vietnam,50,1,
python create virtual environment,1100,0,1,1,,29.50,22.50,-7.00,2,,US,United States,1100,1,1
awk script example,20,1,1,0,,5.00,5.00,0.00,1,,US,United States,20,1,0
lima linux,20,1,1,0,,5.00,5.00,0.00,1,,US,United States,20,1,0
how to read csv file,80,1,1,0,,9.00,9.00,0.00,1,,IN,India,80,1,0
kube bench,100,0,1,1,,9.00,13.00,4.00,1,,CA,Canada,100,1,1
networking commands,500,1,,,,16.00,,,0,-1,IN,India,500,1,
what is abc in python,40,1,1,0,,8.00,8.00,0.00,1,,US,United States,40,1,0
yarn monorepo,40,1,1,0,,8.00,8.00,0.00,1,,US,United States,40,1,0
vagrant vs docker,50,4,1,-2,,9.00,10.00,1.00,3,-2,GB,United Kingdom,50,1,-2
portainer docker-compose install,10,1,1,0,,3.00,3.00,0.00,1,,US,United States,10,1,0
vscode make,10,4,1,-3,,1.00,3.00,2.00,1,,US,United States,10,1,-3
portainer docker compose yml,10,4,1,-3,,1.00,3.00,2.00,1,,DE,Germany,10,1,-3
cosine similarity embeddings,10,1,1,1,,6.00,3.00,-3.00,1,,US,United States,10,1,1
python edit yaml file,10,1,1,0,,3.00,3.00,0.00,1,,US,United States,10,1,0
docker postgres tutorial,20,1,1,0,,4.00,4.00,0.00,1,,US,United States,20,1,0
postgresql docker tutorial,10,1,1,0,,4.00,3.00,-1.00,1,,US,United States,10,1,0
cmake vs gnu make,20,1,1,0,,4.00,4.00,0.00,1,,US,United States,20,1,0
bazel cache,20,1,1,0,,4.00,4.00,0.00,1,,US,United States,20,1,0
bazel build no cache,20,1,1,0,,5.00,5.00,0.00,1,,US,United States,20,1,0
docker multi stage,20,2,1,-1,,5.50,4.00,-1.50,1,-1,DE,Germany,20,1,-1
make file c++,30,1,,,,9.00,,,0,-1,US,United States,30,1,
lxc container vs docker,50,1,1,1,,9.00,9.00,0.00,3,1,CA,Canada,50,1,1
awk command examples,50,1,,,,11.00,,,0,-1,US,United States,50,1,
terraform variable types,250,11,1,-10,,9.50,18.00,8.50,1,-5,US,United States,250,1,-10
pyinstaller docs,30,1,1,0,,7.00,7.00,0.00,1,,US,United States,30,1,0
awk basics,30,2,1,0,,6.00,7.00,1.00,1,,US,United States,30,1,0
python monorepo,30,1,1,1,,10.00,8.00,-2.00,1,,US,United States,30,1,1
what is docker networking,40,1,1,0,,8.00,8.00,0.00,1,,IN,India,40,1,0
python logger propagate,40,,1,,,,9.00,,1,1,US,United States,40,1,
pytest fixture,1270,0,1,1,,18.50,21.00,2.50,3,1,PT,Portugal,1270,1,1
github action download artifact,20,1,1,0,,6.00,6.00,0.00,1,,DE,Germany,20,1,0
github actions set-output deprecated,20,2,1,0,,5.00,6.00,1.00,1,,US,United States,20,1,0
staff developer,40,1,1,0,,9.00,9.00,0.00,1,,US,United States,40,1,0
terraform aws_lambda_function,200,0,1,1,,25.00,17.00,-8.00,1,,US,United States,200,1,1
list concat python,50,1,1,0,,9.50,9.50,0.00,2,,US,United States,50,1,0
django post_save,30,1,1,0,,8.00,8.00,0.00,2,,US,United States,30,1,0
what are docker volumes,20,1,1,0,,6.50,6.00,-0.50,2,,US,United States,20,1,0
xcode continuous integration,40,1,,,,9.00,,,0,-1,US,United States,40,1,
docker mysql,2100,0,1,1,,17.78,17.00,-0.78,13,4,RO,Romania,2100,1,1
gin golang,700,1,1,0,,21.50,23.00,1.50,2,,IN,India,700,1,0
docker buildx install,40,2,1,0,,8.00,10.00,2.00,1,,US,United States,40,1,0
mtls nginx,40,1,,,,10.00,,,0,-1,US,United States,40,1,
pyyaml tutorial,20,2,1,0,,4.00,5.00,1.00,1,,US,United States,20,1,0
package json workspaces,20,1,1,0,,6.00,5.00,-1.00,1,,US,United States,20,1,0
how to create a package in python,20,1,1,1,,10.00,6.00,-4.00,1,,US,United States,20,1,1
docker builder pattern,20,1,1,0,,5.00,5.00,0.00,1,,US,United States,20,1,0
mitmproxy docker,30,1,1,0,,8.00,7.00,-1.00,1,,DE,Germany,30,1,0
go dependency management,30,2,1,0,,6.00,7.00,1.00,1,,US,United States,30,1,0
merge lists python,30,,1,,,,7.00,,1,1,GB,United Kingdom,30,1,
terraform variables,950,1,1,1,,18.00,24.25,6.25,4,1,NZ,New Zealand,950,1,1
nix linux,50,1,,,,11.00,,,0,-1,US,United States,50,1,
kubernetes config map,40,5,1,-4,,9.50,9.00,-0.50,1,-3,US,United States,40,1,-4
jq where,20,1,1,0,,7.00,6.00,-1.00,1,,US,United States,20,1,0
where docker stores images,20,1,1,0,,8.00,6.00,-2.00,1,,RU,Russian Federation,20,1,0
amazon ecr,1100,1,1,1,,24.50,21.50,-3.00,2,,IN,India,1100,1,1
makefile shell variable,10,1,1,1,,6.00,2.00,-4.00,1,,US,United States,10,1,1
pymongo schema,10,1,1,0,,2.00,2.00,0.00,1,,US,United States,10,1,0
nginx reverse proxy kubernetes,10,1,1,0,,2.00,2.00,0.00,1,,US,United States,10,1,0
visual studio code makefile,10,1,1,0,,2.00,2.00,0.00,1,,US,United States,10,1,0
python concatenate list of lists,40,1,1,0,,9.00,9.00,0.00,2,,US,United States,40,1,0
bazel vs pants,10,1,1,0,,4.00,4.00,0.00,1,,US,United States,10,1,0
poetry optional dependency,10,1,1,0,,5.00,4.00,-1.00,1,,US,United States,10,1,0
docker --network,10,1,1,0,,4.00,4.00,0.00,1,,DE,Germany,10,1,0
cmake cross compile aarch64,10,1,1,0,,6.00,4.00,-2.00,1,,US,United States,10,1,0
how to use jq,180,1,1,0,,15.00,15.00,0.00,2,,GB,United Kingdom,180,1,0
docker vagrant,30,1,1,0,,7.00,7.00,0.00,1,,US,United States,30,1,0
terraform vpc example,30,1,,,,8.00,,,0,-1,US,United States,30,1,
ast tree,250,2,1,-1,,12.00,15.00,3.00,1,-1,US,United States,250,1,-1
docker mongo,50,4,1,-2,,9.00,9.67,0.67,3,,RU,Russian Federation,50,1,-2
o que é npx,50,2,1,-1,,9.00,11.00,2.00,1,,BR,Brazil,50,1,-1
run makefile windows,10,1,1,0,,3.00,3.00,0.00,1,,US,United States,10,1,0
how to read a file in shell script,30,1,1,1,,10.00,7.00,-3.00,1,,US,United States,30,1,1
nginx mutual tls,40,1,,,,10.00,,,0,-1,US,United States,40,1,
cmake basics,50,1,1,0,,10.00,10.00,0.00,1,,US,United States,50,1,0
cmake install windows,10,1,1,0,,3.67,4.17,0.50,6,,US,United States,10,1,0
python setup.py install,60,1,1,0,,10.00,10.00,0.00,1,,US,United States,60,1,0
portainer docker run,10,1,1,0,,3.00,3.00,0.00,1,,US,United States,10,1,0
convert json to csv mac,10,2,1,0,,2.00,3.00,1.00,1,,US,United States,10,1,0
echo options linux,10,1,1,0,,3.00,3.00,0.00,1,,US,United States,10,1,0
echo command options,10,1,1,0,,3.00,3.00,0.00,1,,US,United States,10,1,0
echo meaning linux,10,1,1,0,,3.00,3.00,0.00,1,,US,United States,10,1,0
makefile extension,40,1,1,0,,7.50,7.50,0.00,2,,US,United States,40,1,0
jq select like,20,1,1,0,,5.00,5.00,0.00,1,,US,United States,20,1,0
eval command bash,20,1,1,0,,6.00,5.00,-1.00,1,,US,United States,20,1,0
bazel docker,20,1,1,0,,5.00,5.00,0.00,1,,US,United States,20,1,0
django signal,40,1,1,1,,10.00,9.00,-1.00,3,1,VN,Vietnam,40,1,1
python3 create venv,200,0,1,1,,31.00,17.00,-14.00,1,,US,United States,200,1,1
rg linux,40,2,1,0,,10.00,11.00,1.00,1,,US,United States,40,1,0
create vpc using terraform,30,1,1,0,,8.00,8.00,0.00,1,,IN,India,30,1,0
openshift container orchestration,20,1,1,0,,6.00,6.00,0.00,1,,US,United States,20,1,0
pyyaml load from file,20,2,1,0,,5.00,6.00,1.00,1,,US,United States,20,1,0
golang http.server,20,1,1,0,,7.00,7.00,0.00,1,,US,United States,20,1,0
ubuntu install ninja,40,1,1,0,,11.00,10.00,-1.00,1,,US,United States,40,1,0
volume in docker,20,1,1,0,,8.00,8.00,0.00,2,,IN,India,20,1,0
bash do while,50,,1,,,,10.00,,1,1,GB,United Kingdom,50,1,
terraform aws_vpc,160,1,1,0,,15.00,12.50,-2.50,2,1,US,United States,160,1,0
docker --volume,20,2,1,-1,,7.67,7.00,-0.67,2,-1,DE,Germany,20,1,-1
python abstract base classes,30,1,1,0,,9.00,8.00,-1.00,1,,US,United States,30,1,0
echo in terminal,30,,1,,,,7.00,,1,1,US,United States,30,1,
bash conditional operators,10,3,1,-2,,3.00,3.00,0.00,1,,US,United States,10,1,-2
reading yaml file in python,30,2,1,0,,7.00,7.50,0.50,2,,US,United States,30,1,0
python parse yaml file,40,1,1,0,,10.00,9.00,-1.00,1,,US,United States,40,1,0
makefile :=,40,1,1,0,,10.00,10.00,0.00,1,,US,United States,40,1,0
pyinstaller example,40,,1,,,,9.00,,1,1,US,United States,40,1,
golang mongodb create database,30,,1,,,,8.00,,1,1,US,United States,30,1,
shell eval,30,1,1,1,,10.00,8.00,-2.00,1,,US,United States,30,1,1
linux containers vs docker,60,1,1,0,,10.50,11.00,0.50,2,,US,United States,60,1,0
10x programmer,200,1,,,,16.00,,,0,-1,US,United States,200,1,
postgres docker tutorial,10,2,1,0,,3.00,4.00,1.00,1,,US,United States,10,1,0
docker where images are stored,10,1,1,0,,4.00,4.00,0.00,1,,RU,Russian Federation,10,1,0
jq select multiple,10,0,1,1,,9.00,4.00,-5.00,1,,US,United States,10,1,1
what is a docker volume,30,1,1,0,,7.00,6.50,-0.50,2,,US,United States,30,1,0
jq guide,30,2,1,-1,,7.00,9.00,2.00,1,,US,United States,30,1,-1
concat 2 lists python,30,1,1,0,,9.33,8.00,-1.33,3,,US,United States,30,1,0
bash files,60,1,,,,10.00,,,0,-1,US,United States,60,1,
bash delay,50,1,1,0,,11.00,10.50,-0.50,2,,US,United States,50,1,0
terraform vpc,40,1,,,,8.25,,,0,-4,PL,Poland,40,1,
uniq bash,30,1,,,,9.00,,,0,-1,US,United States,30,1,
python abstract class example,40,2,1,0,,9.00,9.00,0.00,1,,US,United States,40,1,0
what is pushd,50,1,,,,11.00,,,0,-1,US,United States,50,1,
sqlalchemy query,120,1,1,0,,10.60,12.00,1.40,4,-1,GB,United Kingdom,120,1,0
jq multiple fields,30,1,1,0,,7.67,8.17,0.50,6,,US,United States,30,1,0
makefile c++,30,1,1,0,,9.25,8.80,-0.45,5,1,IN,India,30,1,0
python subprocess get output,30,1,1,0,,8.71,8.67,-0.05,6,-1,DE,Germany,30,1,0
docker install portainer,30,1,,,,7.00,,,0,-1,CA,Canada,30,1,
github workflow artifacts,30,1,1,0,,8.00,8.00,0.00,1,,US,United States,30,1,0
make automatic variables,30,0,1,1,,10.00,7.00,-3.00,1,,US,United States,30,1,1
read from file bash,20,1,1,0,,5.00,5.00,0.00,1,,US,United States,20,1,0
exception handling in golang,20,1,1,0,,5.00,5.00,0.00,1,,IN,India,20,1,0
what is echo in terminal,20,1,1,0,,7.00,6.00,-1.00,1,,US,United States,20,1,0
man in the middle proxy,20,1,1,0,,6.00,6.50,0.50,2,,DE,Germany,20,1,0
python root logger,20,1,1,0,,6.00,6.00,0.00,1,,US,United States,20,1,0
yaml safe dump,20,1,1,0,,7.00,6.00,-1.00,1,,US,United States,20,1,0
poetry dependency groups,20,1,1,0,,6.00,6.00,0.00,1,,US,United States,20,1,0
linux networking commands pdf,20,1,,,,8.00,,,0,-1,IN,India,20,1,
bash string operations,30,1,1,0,,7.50,7.50,0.00,2,,US,United States,30,1,0
jason to csv,30,,1,,,,9.00,,1,1,US,United States,30,1,
where is docker image stored,40,2,1,0,,7.00,8.00,1.00,2,,US,United States,40,1,0
what is dynamic linking,50,1,1,0,,10.50,10.00,-0.50,2,,US,United States,50,1,0
tekton kubernetes,20,1,1,0,,6.00,6.50,0.50,2,,US,United States,20,1,0
buildkit secrets,10,1,1,0,,3.00,3.00,0.00,1,,US,United States,10,1,0
docker nat,10,1,1,0,,2.00,2.00,0.00,1,,DE,Germany,10,1,0
miniconda virtual environment,10,1,1,0,,2.00,3.00,1.00,1,,US,United States,10,1,0
mitmproxy https,10,1,1,0,,2.00,2.00,0.00,1,,US,United States,10,1,0
golang encryption,10,1,1,0,,2.00,2.00,0.00,1,,US,United States,10,1,0
networking in docker,40,1,,,,10.00,,,0,-1,IN,India,40,1,
docker namespace,50,1,1,1,,6.00,10.50,4.50,2,1,CA,Canada,50,1,1
aws ecr,5850,1,1,0,,25.25,27.50,2.25,6,2,IN,India,5850,1,0
awk script examples,20,1,1,0,,7.00,7.00,0.00,1,,US,United States,20,1,0
python yaml read,30,1,1,0,,7.50,7.00,-0.50,2,,US,United States,30,1,0
lima container,20,1,1,0,,7.00,6.00,-1.00,1,,US,United States,20,1,0
yaml.load python,20,1,1,0,,6.67,6.00,-0.67,3,,IN,India,20,1,0
golang read csv file,30,1,1,0,,8.00,9.00,1.00,1,,US,United States,30,1,0
go package,30,1,1,0,,9.00,9.00,0.00,1,,US,United States,30,1,0
golang debugger,40,1,,,,10.00,,,0,-1,BR,Brazil,40,1,
bash read a file line by line,30,,1,,,,8.00,,1,1,US,United States,30,1,
terraform variable,360,2,1,-1,,16.33,19.67,3.33,3,-3,NL,Netherlands,360,1,-1
how to write a script to automate tasks,20,1,1,0,,6.00,6.00,0.00,1,,US,United States,20,1,0
json to csv file,20,,1,,,,6.00,,1,1,US,United States,20,1,
bash echo all commands,20,1,1,0,,5.00,6.00,1.00,1,,US,United States,20,1,0
import abc python,40,1,1,0,,9.00,9.00,0.00,1,,US,United States,40,1,0
golang print error,30,1,1,0,,8.33,8.00,-0.33,3,,RU,Russian Federation,30,1,0
python ast module,20,1,1,0,,6.00,6.00,0.00,1,,US,United States,20,1,0
bazel test no cache,20,1,1,0,,5.00,5.00,0.00,1,,US,United States,20,1,0
bazel disk cache,20,1,1,0,,5.00,6.00,1.00,1,,US,United States,20,1,0
python logging dictconfig,20,1,1,0,,6.00,6.00,0.00,1,,US,United States,20,1,0
bash if conditionals,20,1,1,0,,7.00,5.00,-2.00,1,,US,United States,20,1,0
makefile set environment variable for target,10,1,1,0,,4.00,4.00,0.00,1,,US,United States,10,1,0
encoding/csv,10,1,1,0,,5.00,4.00,-1.00,1,,US,United States,10,1,0
how do docker volumes work,10,1,1,0,,6.00,4.00,-2.00,1,,US,United States,10,1,0
golang chi router,10,1,1,0,,5.00,4.00,-1.00,1,,US,United States,10,1,0
syslog examples,30,1,,,,7.00,,,0,-1,US,United States,30,1,
bash read file line by line,600,1,1,0,,15.00,18.50,3.50,2,1,US,United States,600,1,0
sqlalchemy query example,10,1,1,0,,9.00,7.00,-2.00,1,,US,United States,10,1,0
depends_on terraform,50,2,1,-1,,10.25,10.50,0.25,2,-2,IN,India,50,1,-1
golang workspace,20,1,1,0,,7.67,7.33,-0.33,3,,US,United States,20,1,0
what does echo command do,30,3,1,-2,,10.00,9.00,-1.00,1,-1,US,United States,30,1,-2
docker networking explained,30,2,1,-1,,6.00,8.00,2.00,1,,US,United States,30,1,-1
awk begin end,30,1,1,0,,9.00,8.00,-1.00,1,,US,United States,30,1,0
golang workspaces,10,1,1,0,,6.00,6.00,0.00,2,,US,United States,10,1,0
eval adalah,700,1,1,0,,22.00,1.00,-21.00,1,,ID,Indonesia,700,1,0
grpc example,40,1,,,,9.00,,,0,-1,RU,Russian Federation,40,1,
k8s configmap,50,1,,,,10.00,,,0,-1,RU,Russian Federation,50,1,
pyyaml dump,50,1,,,,11.00,,,0,-1,US,United States,50,1,
makefile wildcard,30,1,1,0,,3.71,4.14,0.43,14,,US,United States,30,1,0
psycopg2 python,40,0,1,1,,10.00,10.50,0.50,2,1,ES,Spain,40,1,1
dx tools,60,1,,,,11.00,,,0,-1,GB,United Kingdom,60,1,
kubernetes job vs cronjob,60,2,1,-1,,9.00,11.00,2.00,1,,US,United States,60,1,-1
what is go.mod,40,3,1,-2,,7.00,11.00,4.00,1,,US,United States,40,1,-2
yaml file python,30,4,1,-3,,5.67,8.00,2.33,3,,US,United States,30,1,-3
npx vs pnpm,10,1,1,0,,2.00,2.00,0.00,1,,US,United States,10,1,0
using pymongo,40,1,1,0,,10.00,9.00,-1.00,1,,US,United States,40,1,0
go sqlite example,0,1,1,0,,1.00,1.00,0.00,1,,US,United States,0,1,0
golang terminal ui,10,1,1,0,,4.00,4.50,0.50,2,,US,United States,10,1,0
makefile example,220,2,1,-1,,8.67,12.00,3.33,4,1,IL,Israel,220,1,-1
bash uniq,40,2,1,-1,,8.00,10.00,2.00,1,,US,United States,40,1,-1
csv.reader python,50,1,1,0,,10.00,10.00,0.00,3,,GB,United Kingdom,50,1,0
go dependencies,20,1,1,0,,6.00,6.00,0.00,1,,US,United States,20,1,0
what is bin bash,20,1,1,0,,8.00,6.00,-2.00,1,-1,US,United States,20,1,0
python custom logger,20,1,1,1,,9.00,6.00,-3.00,1,,US,United States,20,1,1
golang dependency management,20,1,1,0,,5.00,6.00,1.00,1,,US,United States,20,1,0
popd command,20,1,1,0,,6.00,6.00,0.00,1,,US,United States,20,1,0
echo command unix,20,1,1,0,,6.00,6.00,0.00,1,,US,United States,20,1,0
echo in shell script,40,1,1,0,,10.00,9.00,-1.00,1,,US,United States,40,1,0
go grpc client,30,1,1,0,,8.00,8.00,0.00,1,,US,United States,30,1,0
python3 setup.py,30,1,1,0,,10.00,8.00,-2.00,1,,US,United States,30,1,0
abstract base class,100,,1,,,,10.00,,1,1,US,United States,100,1,
python yaml module,30,1,,,,9.00,,,0,-1,GB,United Kingdom,30,1,
shell script function,60,,1,,,,11.00,,1,1,US,United States,60,1,
how to read a yaml file in python,20,1,1,0,,8.00,7.00,-1.00,1,,US,United States,20,1,0
creating virtual environment python,350,0,1,1,,30.00,27.50,-2.50,2,,IN,India,350,1,1
portainer container,20,,1,,,,8.00,,1,1,US,United States,20,1,
bash count unique lines,20,1,1,0,,8.00,8.00,0.00,1,,US,United States,20,1,0
http.server golang,20,,1,,,,7.00,,1,1,US,United States,20,1,
jq arrays,20,,1,,,,8.00,,1,1,US,United States,20,1,
python package setup.py,10,1,1,0,,3.00,3.00,0.00,1,,US,United States,10,1,0
python ast example,10,1,1,0,,3.00,3.00,0.00,1,,US,United States,10,1,0
yum repository,60,1,,,,11.00,,,0,-1,US,United States,60,1,
json to csv linux,10,1,1,0,,4.00,5.00,1.00,1,,US,United States,10,1,0
python logging custom level,10,1,1,0,,5.00,5.00,0.00,1,,US,United States,10,1,0
openai cosine similarity,10,1,1,0,,5.00,5.00,0.00,1,,US,United States,10,1,0
systemd in linux,250,,1,,,,19.00,,1,1,IN,India,250,1,
jq array,20,2,1,-1,,6.60,7.50,0.90,4,-1,DE,Germany,20,1,-1
docker volumes tutorial,30,1,1,0,,8.00,9.00,1.00,1,,IN,India,30,1,0
what is a nix,30,1,1,0,,9.00,9.00,0.00,1,,US,United States,30,1,0
how to write a makefile c++,30,,1,,,,9.00,,1,1,US,United States,30,1,
import pyyaml,30,2,1,-1,,6.00,9.00,3.00,1,,US,United States,30,1,-1
data classes in python,30,1,1,0,,10.00,9.00,-1.00,1,,IN,India,30,1,0
gcp artifact registry,30,,1,,,,8.00,,1,1,GB,United Kingdom,30,1,
how to download artifacts from github,30,1,1,0,,8.00,8.00,0.00,1,,US,United States,30,1,0
what is npx,1250,3,1,-2,,18.50,23.50,5.00,2,,US,United States,1250,1,-2
read csv file,40,1,1,0,,7.00,8.67,1.67,3,1,DE,Germany,40,1,0
docker buildkit,300,1,1,0,,20.00,20.00,0.00,1,,US,United States,300,1,0
python logging custom formatter,40,1,1,0,,9.00,9.00,0.00,1,,US,United States,40,1,0
variable in bash,40,1,,,,10.00,,,0,-1,US,United States,40,1,
list concatenate python,50,1,1,0,,10.00,11.00,1.00,1,,US,United States,50,1,0
abstract classes in python,50,1,1,0,,11.00,11.00,0.00,1,,US,United States,50,1,0
python install yaml,40,1,1,0,,10.00,10.00,0.00,1,,DE,Germany,40,1,0
linux rg,40,3,1,-1,,7.00,11.00,4.00,1,,US,United States,40,1,-1
chroot vs docker,10,0,1,1,,10.00,4.00,-6.00,1,,US,United States,10,1,1
parameter token or opts.auth is required,10,1,1,0,,6.00,4.00,-2.00,1,,US,United States,10,1,0
cmake getting started,10,1,1,0,,5.00,4.00,-1.00,1,,US,United States,10,1,0
what is syslog,650,1,1,0,,18.00,21.50,3.50,2,1,US,United States,650,1,0
docker file volume,20,1,1,0,,7.60,8.25,0.65,4,-1,DE,Germany,20,1,0
json to csv cli,10,3,1,-2,,1.00,2.00,1.00,1,,US,United States,10,1,-2
makefile env variables,10,1,1,0,,3.00,3.00,0.00,1,,US,United States,10,1,0
go encryption,10,1,1,0,,2.00,2.00,0.00,1,,US,United States,10,1,0
update yaml file python,10,1,1,0,,2.00,2.00,0.00,1,,US,United States,10,1,0
bazel build without cache,20,1,1,0,,6.00,6.00,0.00,1,,US,United States,20,1,0
how to use echo in linux,20,1,1,0,,5.00,6.00,1.00,1,,US,United States,20,1,0
what is bin/bash,20,1,1,0,,7.00,7.00,0.00,1,,US,United States,20,1,0
git remove lfs,20,1,1,0,,7.00,7.00,0.00,1,,US,United States,20,1,0
pyyaml load file,20,1,1,0,,7.00,6.00,-1.00,1,,US,United States,20,1,0
k9s commands,200,1,1,0,,20.00,18.00,-2.00,1,,US,United States,200,1,0
setup py,30,,1,,,,9.00,,1,1,US,United States,30,1,
oci permission denied,30,1,1,0,,9.00,9.00,0.00,1,,US,United States,30,1,0
earhtly,110,2,1,-1,,4.00,5.00,1.00,2,,GB,United Kingdom,110,1,-1
difference between npx and npm,60,1,1,0,,12.00,12.00,0.00,1,,US,United States,60,1,0
build python package,20,1,1,0,,9.00,7.00,-2.00,1,,US,United States,20,1,0
python logger config,20,1,,,,7.00,,,0,-1,US,United States,20,1,
jq docs,20,1,1,0,,7.00,7.00,0.00,1,,GB,United Kingdom,20,1,0
containerd dockerfile,20,1,1,0,,7.00,7.00,0.00,1,,US,United States,20,1,0
nvidia container runtime,20,1,1,0,,7.50,7.00,-0.50,1,-1,US,United States,20,1,0
pass variable to bash script,20,1,,,,8.00,,,0,-1,US,United States,20,1,
python combine two lists,510,1,1,0,,12.50,14.00,1.50,2,,CA,Canada,510,1,0
jq find,10,1,1,0,,5.50,5.50,0.00,2,,US,United States,10,1,0
rust macro,40,1,1,0,,9.25,9.00,-0.25,2,-2,US,United States,40,1,0
python concatenate multiple lists,40,,1,,,,9.00,,1,1,US,United States,40,1,
shell read file line by line,30,,1,,,,8.00,,1,1,US,United States,30,1,
linux bash for loop,40,1,1,0,,11.00,11.00,0.00,1,,US,United States,40,1,0
portainer install,1800,1,1,0,,31.00,28.00,-3.00,4,2,DE,Germany,1800,1,0
run github actions locally,300,1,1,0,,21.00,20.00,-1.00,1,,US,United States,300,1,0
how to install portainer,230,1,,,,30.00,,,0,-2,CA,Canada,230,1,
echo e flag,30,1,1,0,,10.00,10.00,0.00,1,,US,United States,30,1,0
how to install yaml in python,30,1,1,0,,11.00,10.00,-1.00,1,,IN,India,30,1,0
where are docker files stored,30,1,1,0,,10.00,10.00,0.00,1,,US,United States,30,1,0
golang modules,30,1,,,,9.00,,,0,-1,GB,United Kingdom,30,1,
powerlevel10k install,40,1,1,0,,10.00,11.00,1.00,1,,US,United States,40,1,0
find and replace linux,30,,1,,,,10.00,,1,1,US,United States,30,1,
static and dynamic linking,20,1,1,0,,8.00,9.00,1.00,1,,IN,India,20,1,0
volumes docker,30,1,1,0,,8.33,8.00,-0.33,3,,DE,Germany,30,1,0
python read csv line by line,40,1,,,,9.50,,,0,-2,DE,Germany,40,1,
awk split on comma,10,1,1,0,,5.00,5.00,0.00,1,,US,United States,10,1,0
python yaml dumps,10,1,1,0,,6.00,6.00,0.00,1,,US,United States,10,1,0
required value: must specify a volume type,10,1,1,0,,5.00,5.00,0.00,1,,US,United States,10,1,0
pyyaml examples,10,1,1,0,,6.00,6.00,0.00,1,,US,United States,10,1,0
install nvidia container runtime,10,1,1,0,,6.00,6.00,0.00,1,,US,United States,10,1,0
where are docker images stored locally,10,1,1,0,,5.00,5.00,0.00,1,,US,United States,10,1,0
docker build stages,10,1,1,0,,5.00,5.00,0.00,1,,DE,Germany,10,1,0
signals django,10,,1,,,,6.00,,1,1,IN,India,10,1,
github action upload artifact,10,,1,,,,5.00,,1,1,CA,Canada,10,1,
shell echo command,10,1,1,0,,7.00,5.00,-2.00,1,,US,United States,10,1,0
go exception handling,30,1,1,0,,10.00,9.00,-1.00,1,,US,United States,30,1,0
pyscript examples,30,1,,,,10.00,,,0,-2,US,United States,30,1,
luna hub,40,,1,,,,10.00,,1,1,US,United States,40,1,
what is staff software engineer,20,1,,,,8.00,,,0,-1,GB,United Kingdom,20,1,
awk usage,40,1,,,,10.00,,,0,-1,US,United States,40,1,
bazel python,10,1,1,0,,2.33,2.67,0.33,3,,US,United States,10,1,0
django signals example,30,1,1,0,,8.00,9.00,1.00,2,,IN,India,30,1,0
bin bash script,60,,1,,,,9.00,,1,1,US,United States,60,1,
earthly dev,0,1,1,0,,1.00,1.00,0.00,1,,US,United States,0,1,0
linux awk tutorial,20,1,1,0,,7.00,7.00,0.00,1,,US,United States,20,1,0
terraform cdktf,20,1,1,0,,7.00,7.00,0.00,1,,US,United States,20,1,0
gorm go,20,1,1,0,,7.00,7.00,0.00,1,,US,United States,20,1,0
echo $shell command in linux,20,1,1,0,,7.00,7.00,0.00,1,,IN,India,20,1,0
jq select key,30,1,1,0,,8.00,8.00,0.00,1,,US,United States,30,1,0
jq map examples,30,1,1,0,,9.00,9.00,0.00,1,,US,United States,30,1,0
signal in django,40,1,1,0,,11.00,11.00,0.00,1,,IN,India,40,1,0
chi go,10,1,1,0,,6.00,6.75,0.75,4,,US,United States,10,1,0
windows make,120,1,1,0,,9.14,8.86,-0.29,7,,GB,United Kingdom,120,1,0
nvidia container,1550,10,1,-9,,16.00,24.50,8.50,2,1,US,United States,1550,1,-9
k9s namespace,30,,1,,,,10.00,,1,1,US,United States,30,1,
go orm,200,1,,,,17.00,,,0,-1,US,United States,200,1,
how to load yaml file in python,20,1,1,0,,11.00,8.00,-3.00,1,,US,United States,20,1,0
terraform import lambda,10,0,1,1,,7.00,3.00,-4.00,1,,US,United States,10,1,1
golang package management,10,1,1,0,,3.00,3.00,0.00,1,,US,United States,10,1,0
kubernetes nginx reverse proxy,10,3,1,-2,,1.00,3.00,2.00,1,,US,United States,10,1,-2
python update yaml file,10,1,1,0,,2.00,3.00,1.00,1,,US,United States,10,1,0
k9s connect to cluster,10,1,1,0,,5.00,5.00,0.00,1,,US,United States,10,1,0
docker make,10,1,,,,3.00,,,0,-1,US,United States,10,1,
dockerize rails app,10,1,1,0,,4.00,4.00,0.00,1,,US,United States,10,1,0
golang check if error is of type,10,1,1,0,,4.00,4.00,0.00,1,,US,United States,10,1,0
docker multi stage builds,10,1,1,0,,4.00,4.00,0.00,1,,DE,Germany,10,1,0
docker debug container,10,1,1,0,,5.00,4.00,-1.00,1,,US,United States,10,1,0
convert json to csv linux,10,1,1,0,,4.00,4.00,0.00,1,,US,United States,10,1,0
create yaml file python,10,1,1,0,,4.00,4.00,0.00,1,,US,United States,10,1,0
cmake cross compiling,10,1,1,0,,4.00,4.00,0.00,1,,US,United States,10,1,0
install make on windows,20,1,1,0,,6.75,7.00,0.25,4,,IN,India,20,1,0
import yaml python,40,0,1,1,,10.00,10.00,0.00,2,1,CA,Canada,40,1,1
closures python,40,1,1,0,,10.00,10.00,0.00,1,,US,United States,40,1,0
vault secrets operator,200,1,1,-1,,19.50,17.00,-2.50,1,-1,US,United States,200,1,-1
docker volume file,20,1,1,0,,8.00,5.50,-2.50,2,,RU,Russian Federation,20,1,0
golang exceptions,30,1,1,0,,6.00,8.50,2.50,2,1,RU,Russian Federation,30,1,0
az acr login,200,1,,,,18.00,,,0,-1,US,United States,200,1,
yaml module python,30,1,,,,10.00,,,0,-1,US,United States,30,1,
python logging config,30,4,1,-3,,10.00,9.00,-1.00,1,,US,United States,30,1,-3
dockerd vs containerd,30,1,,,,10.00,,,0,-1,US,United States,30,1,
git lfs tutorial,20,1,1,0,,8.00,8.00,0.00,1,,DE,Germany,20,1,0
data classes,330,1,1,0,,19.00,18.50,-0.50,2,1,US,United States,330,1,0
unix echo command,20,0,1,0,,10.00,7.00,-3.00,1,,US,United States,20,1,0
concatenate lists,40,0,1,0,,9.33,9.25,-0.08,4,1,FR,France,40,1,0
nvidia dockerfile,20,1,,,,7.00,,,0,-1,US,United States,20,1,
make set environment variable,20,1,,,,7.00,,,0,-1,US,United States,20,1,
portainer default port,500,1,1,0,,21.00,23.00,2.00,1,,US,United States,500,1,0
setup.py example,20,2,1,-1,,8.33,9.00,0.67,2,-1,US,United States,20,1,-1
abc abstract method,40,,1,,,,10.00,,1,1,US,United States,40,1,
what is portainer used for,40,1,,,,11.00,,,0,-1,US,United States,40,1,
bash read file into variable,50,1,1,0,,10.50,11.00,0.50,1,-1,DE,Germany,50,1,0
namespace in linux,50,1,,,,12.00,,,0,-1,IN,India,50,1,
makefile to cmake,10,1,1,0,,5.00,5.00,0.00,1,,US,United States,10,1,0
python pyyaml,10,1,1,0,,7.00,5.00,-2.00,1,,CA,Canada,10,1,0
tui golang,10,1,1,0,,4.00,5.00,1.00,1,,US,United States,10,1,0
where are docker images stored ubuntu,10,1,1,0,,5.00,5.00,0.00,1,,US,United States,10,1,0
json to csv jq,20,1,,,,7.00,,,0,-1,US,United States,20,1,
cdk tf,40,1,1,0,,10.00,10.00,0.00,1,,US,United States,40,1,0
python logging,5750,0,1,1,,25.83,28.27,2.44,11,5,AT,Austria,5750,1,1
how does pyinstaller work,30,1,1,0,,8.00,10.00,2.00,1,,US,United States,30,1,0
python3 create virtualenv,30,1,,,,9.00,,,0,-1,IN,India,30,1,
where does poetry install dependencies,30,1,,,,10.00,,,0,-1,US,United States,30,1,
dockerfile multiple from,40,1,,,,9.50,,,0,-2,DE,Germany,40,1,
data classes python,50,1,,,,11.00,,,0,-1,US,United States,50,1,
data class in python,50,1,1,0,,9.00,11.00,2.00,1,,IN,India,50,1,0
how to read in csv file in python,40,1,,,,10.00,,,0,-1,US,United States,40,1,
write yaml file python,20,1,1,0,,9.00,9.00,0.00,1,,US,United States,20,1,0
what is signals in django,20,1,1,0,,9.00,9.00,0.00,1,,IN,India,20,1,0
mysql image,20,1,1,0,,5.00,8.00,3.00,1,-1,DE,Germany,20,1,0
makefile g++,10,2,1,-1,,1.00,2.00,1.00,1,,US,United States,10,1,-1
makefile env variable,10,1,1,0,,2.00,2.00,0.00,1,,FR,France,10,1,0
vscode makefile tools,10,1,1,0,,2.00,2.00,0.00,1,,US,United States,10,1,0
network commands in linux,200,1,,,,18.00,,,0,-1,IN,India,200,1,
sleep shell script,10,1,1,0,,7.00,7.00,0.00,2,,US,United States,10,1,0
python setup.py example,40,1,1,0,,9.00,10.00,1.00,1,,US,United States,40,1,0
golang errors package,20,1,1,0,,7.00,7.00,0.00,1,,US,United States,20,1,0
cache-dependency-path,20,,1,,,,7.00,,1,1,US,United States,20,1,
selenium beautifulsoup,20,1,1,0,,7.00,7.00,0.00,1,,US,United States,20,1,0
open yaml file python,20,1,1,0,,8.00,8.00,0.00,1,,US,United States,20,1,0
python write yaml to file,20,1,1,0,,8.00,8.00,0.00,1,,US,United States,20,1,0
portainer k8s,20,0,1,0,,10.00,7.00,-3.00,1,,US,United States,20,1,0
what is the echo command,20,1,1,0,,8.00,8.00,0.00,1,,US,United States,20,1,0
how to build a python package,20,1,1,0,,10.00,7.00,-3.00,1,,US,United States,20,1,0
bash conditional flags,20,1,1,0,,5.00,7.00,2.00,1,,US,United States,20,1,0
golang errors,200,1,1,0,,9.00,19.00,10.00,1,-1,CA,Canada,200,1,0
convert a json file to csv,30,1,1,0,,8.00,10.00,2.00,1,,US,United States,30,1,0
how to run a makefile,40,1,1,0,,10.00,10.00,0.00,2,,IN,India,40,1,0
cgroups and namespaces,40,1,,,,11.00,,,0,-1,IN,India,40,1,
github actions cron job,40,1,,,,10.00,,,0,-1,US,United States,40,1,
python subprocess call,20,2,1,-1,,8.00,9.00,1.00,1,,DE,Germany,20,1,-1
python subprocess example,30,1,1,0,,11.00,11.00,0.00,1,,DE,Germany,30,1,0
python read from csv,20,1,1,0,,6.33,6.00,-0.33,2,-1,DE,Germany,20,1,0
homebrew m1,10,1,1,0,,6.60,7.00,0.40,7,-3,US,United States,10,1,0
linux command echo,20,1,1,0,,5.00,5.00,0.00,1,,US,United States,20,1,0
yarn vite,10,1,1,0,,7.00,7.00,0.00,2,,US,United States,10,1,0
python concat 2 lists,20,1,1,0,,9.00,9.00,0.00,1,,US,United States,20,1,0
containerd tutorial,20,,1,,,,8.00,,1,1,US,United States,20,1,
sleep command in shell script,20,1,1,0,,8.50,8.00,-0.50,2,,IN,India,20,1,0
bash loop command,20,1,1,0,,9.00,8.00,-1.00,1,,US,United States,20,1,0
jenkins deployment,20,1,,,,8.00,,,0,-1,DE,Germany,20,1,
postgres docker setup,20,1,,,,8.00,,,0,-1,US,United States,20,1,
makefile for golang,10,1,1,0,,4.00,5.00,1.00,1,,US,United States,10,1,0
linux convert json to csv,10,1,1,0,,4.00,4.00,0.00,1,,US,United States,10,1,0
debugging docker containers,10,1,1,0,,5.00,4.00,-1.00,1,,US,United States,10,1,0
json to csv bash,10,1,1,0,,4.00,4.00,0.00,1,,US,United States,10,1,0
poetry add to group,10,1,1,0,,7.00,6.00,-1.00,1,,US,United States,10,1,0
docker network scope,10,1,1,0,,6.00,6.00,0.00,1,,US,United States,10,1,0
sh sleep,10,,1,,,,6.00,,1,1,DE,Germany,10,1,
poetry add group,10,1,1,0,,6.00,6.00,0.00,1,,US,United States,10,1,0
psql docker container,10,1,,,,6.00,,,0,-1,US,United States,10,1,
echo command line,40,1,1,0,,9.00,10.00,1.00,1,,US,United States,40,1,0
what is jq in bash,30,1,,,,10.00,,,0,-1,US,United States,30,1,
postgresql docker image,150,1,1,0,,18.00,18.00,0.00,1,,US,United States,150,1,0
shell script functions,30,1,1,0,,10.00,10.00,0.00,1,,US,United States,30,1,0
docker-compose volumes example,30,1,,,,9.00,,,0,-1,DE,Germany,30,1,
docker file location,30,1,1,0,,9.00,10.00,1.00,2,1,US,United States,30,1,0
data class python,40,0,1,0,,10.50,10.67,0.17,3,1,IL,Israel,40,1,0
docker chroot,30,1,,,,10.00,,,0,-1,US,United States,30,1,
what does bash mean in linux,40,1,1,0,,12.00,12.00,0.00,1,,US,United States,40,1,0
nomad vs kubernetes,150,1,1,0,,19.00,18.00,-1.00,1,,US,United States,150,1,0
dockerfile multi stage,10,1,1,0,,7.00,3.00,-4.00,1,-1,DE,Germany,10,1,0
poetry install group,20,1,1,0,,7.00,7.00,0.00,1,,US,United States,20,1,0
pandas read yaml,20,1,1,0,,8.00,7.00,-1.00,1,,US,United States,20,1,0
adam gordon bell,20,1,1,0,,7.00,7.00,0.00,1,,US,United States,20,1,0
what is signal in django,20,1,1,0,,7.00,7.00,0.00,1,,IN,India,20,1,0
python load csv file,10,4,1,-3,,7.75,7.67,-0.08,3,-1,US,United States,10,1,-3
terraform init plan apply,20,1,1,0,,8.00,8.00,0.00,1,,US,United States,20,1,0
read in bash,20,1,,,,9.00,,,0,-1,US,United States,20,1,
psycopg2 connection,20,1,1,0,,7.00,8.00,1.00,1,,US,United States,20,1,0
jq contains,20,1,1,0,,10.00,10.00,0.00,3,-1,US,United States,20,1,0
echo hello world,40,,1,,,,9.00,,1,1,US,United States,40,1,
awk scripting,30,1,1,0,,9.00,9.00,0.00,1,,US,United States,30,1,0
jq select keys,30,1,1,0,,10.00,9.00,-1.00,1,,US,United States,30,1,0
python yaml safe load,30,1,1,0,,10.00,10.00,0.00,1,,US,United States,30,1,0
docker compose vs portainer,40,2,1,-1,,7.00,10.00,3.00,1,,US,United States,40,1,-1
python code to read csv file,30,1,1,0,,10.00,9.00,-1.00,1,,IN,India,30,1,0
docker mysql server,30,1,,,,9.00,,,0,-3,PL,Poland,30,1,
docker hub mysql,200,,1,,,,18.00,,1,1,BR,Brazil,200,1,
gin framework,300,,1,,,,20.00,,1,1,IN,India,300,1,
python open yaml file,20,,1,,,,10.00,,1,1,US,United States,20,1,
circleci python,40,1,,,,11.00,,,0,-1,US,United States,40,1,
python import abc,30,1,1,0,,11.00,11.00,0.00,1,,US,United States,30,1,0
what is a 10x developer,200,,1,,,,19.00,,1,1,US,United States,200,1,
variables in bash script,30,1,1,0,,9.00,9.00,0.00,1,,US,United States,30,1,0
ubuntu echo command,10,1,1,0,,6.00,6.00,0.00,1,,US,United States,10,1,0
conditional bash,10,1,1,0,,7.00,7.00,0.00,1,,US,United States,10,1,0
cmake and make,10,1,1,0,,4.00,6.00,2.00,1,,US,United States,10,1,0
sqlite3 golang,10,1,1,0,,4.00,6.00,2.00,1,,US,United States,10,1,0
how to read syslog,10,1,1,0,,6.00,6.00,0.00,1,,US,United States,10,1,0
portainer install docker,10,3,1,-3,,7.50,6.00,-1.50,1,-1,DE,Germany,10,1,-3
python read yml file,10,1,1,0,,8.00,7.00,-1.00,1,,US,United States,10,1,0
subprocess module in python,150,1,1,0,,19.00,19.00,0.00,1,,IN,India,150,1,0
k3s vs k8s,800,0,1,1,,29.00,24.50,-4.50,2,1,US,United States,800,1,1
api testing python,30,,1,,,,10.00,,1,1,US,United States,30,1,
mit proxy,40,1,,,,10.00,,,0,-1,US,United States,40,1,
go gin,1200,3,1,-2,,20.33,28.75,8.42,4,1,US,United States,1200,1,-2
docker run mongodb,20,1,1,0,,6.50,8.00,1.50,2,,RU,Russian Federation,20,1,0
bash variable,570,0,1,1,,15.00,13.50,-1.50,4,2,GB,United Kingdom,570,1,1
create deb package,30,1,,,,9.00,,,0,-1,RU,Russian Federation,30,1,
multistage build in docker,30,1,,,,10.00,,,0,-1,IN,India,30,1,
python csv.reader,30,1,1,0,,9.00,9.00,0.00,1,,DE,Germany,30,1,0
jq select equals,20,1,1,0,,7.00,7.00,0.00,1,,US,United States,20,1,0
set environment variable in makefile,20,1,1,0,,7.00,7.00,0.00,1,,US,United States,20,1,0
powerlevel10k theme,20,1,,,,7.00,,,0,-1,US,United States,20,1,
intercal programming language,20,1,1,0,,7.00,8.00,1.00,1,,US,United States,20,1,0
python yaml dump to string,20,1,1,0,,7.00,7.00,0.00,1,,US,United States,20,1,0
bash if conditional,20,1,,,,8.00,,,0,-1,US,United States,20,1,
grpc client golang,20,1,1,0,,7.00,7.50,0.50,2,,RU,Russian Federation,20,1,0
create a python package,20,1,1,0,,8.00,8.00,0.00,1,,US,United States,20,1,0
cdk for terraform,20,1,1,0,,8.00,8.00,0.00,1,-1,DE,Germany,20,1,0
python abc.abc,20,1,,,,9.00,,,0,-1,US,United States,20,1,
errors.as golang,20,1,1,0,,8.00,8.00,0.00,1,,US,United States,20,1,0
static link,50,1,1,0,,8.00,11.00,3.00,1,,US,United States,50,1,0
python yaml load file,20,2,1,-2,,6.33,6.00,-0.33,2,-1,US,United States,20,1,-2
concat two list python,10,1,1,0,,6.00,6.00,0.00,2,,FR,France,10,1,0
convert json to yaml python,30,1,,,,11.00,,,0,-1,US,United States,30,1,
abc in python,30,1,1,0,,11.00,11.00,0.00,1,,US,United States,30,1,0
install portainer,1450,0,1,1,,35.00,30.33,-4.67,3,,DE,Germany,1450,1,1
yaml read,30,,1,,,,10.00,,1,1,US,United States,30,1,
aws lambda grpc,10,1,1,0,,5.00,5.00,0.00,1,,US,United States,10,1,0
linux json to csv,10,1,1,0,,5.00,5.00,0.00,1,,US,United States,10,1,0
nerdctl build,10,1,1,-1,,2.00,5.00,3.00,1,,US,United States,10,1,-1
install nerdctl,10,1,1,0,,4.00,5.00,1.00,1,,US,United States,10,1,0
how to debug docker container,10,1,1,0,,5.00,5.00,0.00,1,,US,United States,10,1,0
python print yaml,10,0,1,0,,6.00,4.00,-2.00,1,,US,United States,10,1,0
how to create a yaml file in python,10,1,1,0,,4.00,4.00,0.00,1,,US,United States,10,1,0
makefile on windows,10,1,1,0,,3.00,4.00,1.00,1,,US,United States,10,1,0
go make file,10,1,1,0,,4.00,4.00,0.00,1,,US,United States,10,1,0
autotools tutorial,10,1,1,0,,4.00,4.00,0.00,1,,US,United States,10,1,0
getting started with cmake,10,1,1,0,,4.00,4.00,0.00,1,,US,United States,10,1,0
grpc lambda,10,1,1,0,,3.00,4.00,1.00,1,,US,United States,10,1,0
configure powerlevel10k,10,1,1,0,,5.00,5.00,0.00,1,,US,United States,10,1,0
python 3.11 venv,10,1,1,0,,4.00,4.00,0.00,1,,US,United States,10,1,0
bash script eval,10,1,1,0,,4.00,4.00,0.00,1,,US,United States,10,1,0
private docker registry,150,1,1,0,,8.00,17.00,9.00,1,,NL,Netherlands,150,1,0
wildcard makefile,0,1,1,0,,4.57,3.86,-0.71,7,,ES,Spain,0,1,0
using echo,10,1,1,0,,4.00,4.00,0.00,1,,US,United States,10,1,0
docker build --secret,20,1,,,,8.50,,,0,-2,FR,France,20,1,
python install setup.py,30,,1,,,,9.00,,1,1,US,United States,30,1,
man jq,170,7,1,-6,,8.00,16.00,8.00,2,-2,US,United States,170,1,-6
ubuntu slim docker,20,1,,,,10.00,,,0,-1,US,United States,20,1,
join two lists python,20,2,1,-1,,9.33,9.00,-0.33,1,-2,IN,India,20,1,-1
docker ubuntu slim,20,1,1,0,,9.00,9.00,0.00,1,,US,United States,20,1,0
how to open a csv file in python,20,1,1,0,,8.50,10.00,1.50,1,-1,IN,India,20,1,0
volume dockerfile,20,0,1,0,,10.50,9.00,-1.50,2,-2,GB,United Kingdom,20,1,0
bash echo output of command,20,1,1,0,,7.00,9.00,2.00,1,,US,United States,20,1,0
if statement bash,300,0,1,1,,40.00,19.00,-21.00,1,,US,United States,300,1,1
python logger,3350,0,1,1,,27.40,25.33,-2.07,6,1,CA,Canada,3350,1,1
go monorepo,10,1,1,0,,3.00,2.00,-1.00,1,,US,United States,10,1,0
restic s3,10,1,1,0,,2.00,2.00,0.00,1,,US,United States,10,1,0
protobuf backwards compatibility,10,1,1,0,,3.00,3.00,0.00,1,,US,United States,10,1,0
rpm repo,10,0,1,0,,4.00,2.00,-2.00,1,,US,United States,10,1,0
echo in unix,30,1,1,0,,10.50,8.50,-2.00,2,,US,United States,30,1,0
lunarhub,10,1,1,0,,2.00,2.00,0.00,1,,US,United States,10,1,0
sleep in shell,20,1,1,0,,5.50,7.50,2.00,2,,US,United States,20,1,0
yaml safe_dump,20,1,1,0,,9.00,9.00,0.00,1,,US,United States,20,1,0
np cosine similarity,20,1,,,,9.00,,,0,-1,US,United States,20,1,
docker image mysql,20,,1,,,,8.00,,1,1,DE,Germany,20,1,
static and dynamic linking in os,20,1,1,0,,7.00,9.00,2.00,1,,IN,India,20,1,0
github actions cache dependencies,20,1,1,0,,9.00,8.00,-1.00,1,,US,United States,20,1,0
docker secrets file,20,1,,,,9.00,,,0,-1,US,United States,20,1,
github container registry,3150,1,1,0,,32.25,32.80,0.55,5,1,IN,India,3150,1,0
earthly build,0,1,1,0,,2.00,2.00,0.00,1,,US,United States,0,1,0
golang grpc server,20,1,,,,7.00,,,0,-1,RU,Russian Federation,20,1,
read file in bash,20,1,1,0,,8.00,8.00,0.00,1,,US,United States,20,1,0
bash script read,20,,1,,,,7.00,,1,1,US,United States,20,1,
dockerfile from as,20,1,1,0,,6.00,7.00,1.00,1,,DE,Germany,20,1,0
reading a csv file in python,20,2,1,-1,,7.00,6.50,-0.50,2,-1,IN,India,20,1,-1
use environment variable in makefile,10,1,1,0,,6.00,6.00,0.00,1,,US,United States,10,1,0
make variable,10,1,1,0,,4.00,7.00,3.00,1,,US,United States,10,1,0
lima mac,10,1,1,0,,6.00,6.00,0.00,1,,US,United States,10,1,0
clean bazel cache,10,1,1,0,,7.00,6.00,-1.00,1,,US,United States,10,1,0
multistage builds,10,1,1,0,,6.00,6.00,0.00,1,,US,United States,10,1,0
read yaml file,10,1,1,0,,6.00,6.00,0.00,1,,IN,India,10,1,0
tool.poetry.group.dev.dependencies,10,1,1,0,,6.00,6.00,0.00,1,,US,United States,10,1,0
pants build tool,10,1,1,0,,5.00,6.00,1.00,1,,US,United States,10,1,0
continuous integration tools ios,10,1,,,,6.00,,,0,-1,RU,Russian Federation,10,1,
ios continuous integration,30,,1,,,,9.00,,1,1,US,United States,30,1,
bash conditional or,30,,1,,,,10.00,,1,1,US,United States,30,1,
bash echo on,30,,1,,,,10.00,,1,1,US,United States,30,1,
github workflow cron,30,1,,,,10.00,,,0,-1,US,United States,30,1,
open csv in python,20,1,1,0,,7.00,7.33,0.33,3,,GB,United Kingdom,20,1,0
abstract base classes,30,1,1,0,,10.00,10.00,0.00,1,,US,United States,30,1,0
multi stage docker file,40,1,,,,12.00,,,0,-1,IN,India,40,1,
powerlevel10k,17430,14,1,-13,,10.11,14.40,4.29,25,-3,US,United States,17430,1,-13
django signals post_save,20,1,1,0,,9.00,9.00,0.00,2,,US,United States,20,1,0
mysql docker volume,10,1,1,0,,3.00,3.00,0.00,1,,US,United States,10,1,0
docker mysql volume,10,1,1,0,,3.00,3.00,0.00,1,,US,United States,10,1,0
what is systemd,600,4,1,-3,,16.00,24.00,8.00,1,,US,United States,600,1,-3
shell script echo commands,20,1,,,,8.00,,,0,-1,US,United States,20,1,
python combine list of lists,20,1,1,0,,9.00,9.00,0.00,1,,US,United States,20,1,0
read data from csv file in python,20,1,1,0,,9.00,8.00,-1.00,1,,IN,India,20,1,0
yaml safe load python,20,1,1,0,,9.00,9.00,0.00,1,,US,United States,20,1,0
yaml.safe_load python,20,1,1,0,,8.00,8.00,0.00,1,,US,United States,20,1,0
go sqlite3,20,1,1,0,,8.00,8.00,0.00,1,,DE,Germany,20,1,0
echo shell command,20,1,1,0,,9.00,9.00,0.00,1,,US,United States,20,1,0
sleep command bash,30,1,1,0,,9.00,10.50,1.50,2,,US,United States,30,1,0
create docker volume,40,1,,,,11.00,,,0,-1,US,United States,40,1,
nx vs bazel,40,2,1,-1,,6.00,11.00,5.00,1,,US,United States,40,1,-1
linux vm on macos,30,1,,,,10.00,,,0,-1,US,United States,30,1,
networking commands in linux,200,1,1,0,,22.00,22.00,0.00,1,,IN,India,200,1,0
pyyaml read file,20,1,1,0,,8.00,8.00,0.00,1,,US,United States,20,1,0
jq wildcard,20,1,1,0,,9.00,9.00,0.00,1,,US,United States,20,1,0
openshift orchestration,20,1,1,0,,9.00,9.00,0.00,1,,US,United States,20,1,0
podman oci permission denied,10,1,1,0,,5.00,5.00,0.00,1,,US,United States,10,1,0
powerlevel10k configure,10,1,1,0,,5.00,6.00,1.00,1,,US,United States,10,1,0
golang make file,10,1,1,0,,6.00,6.00,0.00,1,,US,United States,10,1,0
how to use yaml file in python,10,1,1,0,,4.00,5.00,1.00,1,,US,United States,10,1,0
yaml python example,10,1,1,0,,5.00,5.00,0.00,1,,US,United States,10,1,0
create venv,1350,0,1,1,,36.00,28.33,-7.67,3,2,US,United States,1350,1,1
terraform ecs example,10,0,1,0,,9.00,7.00,-2.00,1,,US,United States,10,1,0
yaml dumps,10,1,1,0,,7.00,7.00,0.00,1,,US,United States,10,1,0
# /bin/bash meaning in linux,10,1,1,0,,8.00,7.00,-1.00,2,,IN,India,10,1,0
python3 subprocess,10,1,1,0,,7.00,7.00,0.00,1,,DE,Germany,10,1,0
python logging record,10,1,1,0,,7.00,7.00,0.00,1,,US,United States,10,1,0
abstract base classes python,10,1,1,0,,8.00,8.00,0.00,1,,US,United States,10,1,0
yaml safe_load python,10,1,1,0,,9.00,8.00,-1.00,1,,US,United States,10,1,0
what is # /bin/bash,10,1,1,0,,8.00,7.00,-1.00,2,,US,United States,10,1,0
echo options,30,1,1,0,,8.00,10.00,2.00,1,,US,United States,30,1,0
c++ makefile example,10,,1,,,,6.00,,1,1,US,United States,10,1,
dynamic linking vs static linking,30,1,1,0,,12.00,11.00,-1.00,1,,US,United States,30,1,0
makefile set env variable,10,1,1,0,,6.00,5.50,-0.50,2,,US,United States,10,1,0
python abc,1050,1,1,0,,17.67,14.50,-3.17,2,-1,GB,United Kingdom,1050,1,0
conda ninja,30,1,1,0,,10.00,10.00,0.00,1,,US,United States,30,1,0
concat two lists,10,1,1,0,,6.00,6.00,0.00,1,,US,United States,10,1,0
github action artifact,10,1,1,-1,,7.50,6.00,-1.50,1,-1,DE,Germany,10,1,-1
containerd build image,10,1,1,0,,6.00,6.00,0.00,1,,US,United States,10,1,0
docker log file,30,2,1,-1,,10.00,9.67,-0.33,3,-1,US,United States,30,1,-1
python namedtuple vs dataclass,10,1,1,0,,4.00,4.00,0.00,1,,US,United States,10,1,0
lambda grpc,10,1,1,0,,4.00,4.00,0.00,1,,US,United States,10,1,0
bash json to csv,10,1,1,0,,4.00,4.00,0.00,1,,US,United States,10,1,0
makefile env var,10,1,1,0,,3.00,4.00,1.00,1,,US,United States,10,1,0
rust lifetime,10,0,1,0,,9.25,7.25,-2.00,4,,US,United States,10,1,0
where do docker images live,20,1,1,0,,8.00,8.00,0.00,1,,US,United States,20,1,0
python yaml dump to file,20,1,1,0,,8.00,8.00,0.00,1,,US,United States,20,1,0
yaml dump to file,20,1,1,0,,8.00,8.00,0.00,1,,US,United States,20,1,0
what is *nix,20,1,1,0,,9.00,9.00,0.00,1,,US,United States,20,1,0
bash echo options,20,1,1,0,,8.00,8.00,0.00,1,,US,United States,20,1,0
python logging add handler,20,,1,,,,8.00,,1,1,US,United States,20,1,
psycopg2 connect to postgres,0,1,1,0,,4.50,4.50,0.00,2,,US,United States,0,1,0
poetry downgrade package,20,1,1,0,,9.00,9.00,0.00,1,,US,United States,20,1,0
nginx proxy manager kubernetes,20,1,,,,9.00,,,0,-1,US,United States,20,1,
config map,20,,1,,,,9.00,,1,1,BR,Brazil,20,1,
sleep command in bash,30,1,1,0,,10.50,9.50,-1.00,2,,US,United States,30,1,0
install brew mac m1,10,1,1,0,,8.50,8.38,-0.12,8,-6,US,United States,10,1,0
python logging basicconfig,150,1,1,0,,20.00,20.00,0.00,1,,US,United States,150,1,0
volume in dockerfile,20,1,1,0,,9.67,8.75,-0.92,4,1,IN,India,20,1,0
bash conditional expression,0,1,1,0,,4.00,3.00,-1.00,1,,US,United States,0,1,0
what is a go module,30,1,1,0,,10.00,10.00,0.00,1,,US,United States,30,1,0
api testing with python,30,1,1,0,,10.00,10.00,0.00,1,,IN,India,30,1,0
sed search and replace,50,0,1,0,,6.80,7.14,0.34,7,2,DE,Germany,50,1,0
abstract syntax tree,3400,1,1,0,,13.00,9.80,-3.20,5,2,CA,Canada,3400,1,0
python merge list of lists,30,0,1,0,,11.00,9.50,-1.50,2,1,US,United States,30,1,0
cargo workspace,10,1,1,0,,8.50,8.67,0.17,3,1,US,United States,10,1,0
concatenate list in python,30,0,1,0,,10.00,10.50,0.50,2,1,IN,India,30,1,0
monorepo lerna,10,1,1,0,,5.00,7.00,2.00,1,,US,United States,10,1,0
bash script to read file line by line,10,,1,,,,7.00,,1,1,US,United States,10,1,
k9s deployments,10,1,1,0,,7.00,7.00,0.00,1,,US,United States,10,1,0
bash and conditional,10,1,1,0,,8.00,8.00,0.00,1,,US,United States,10,1,0
how to use pyscript,10,,1,,,,7.00,,1,1,US,United States,10,1,
clear bazel cache,10,1,1,0,,7.00,7.00,0.00,1,,US,United States,10,1,0
logging levels python,200,1,1,0,,16.50,20.00,3.50,1,-1,NL,Netherlands,200,1,0
make command windows,10,1,1,0,,6.00,7.25,1.25,4,,US,United States,10,1,0
docker container location,20,0,1,0,,11.00,10.00,-1.00,1,,DE,Germany,20,1,0
gcc cross compile,10,1,1,0,,6.00,6.00,0.00,2,,US,United States,10,1,0
kubectl delete replica set,20,1,,,,9.00,,,0,-1,US,United States,20,1,
how to read data from csv file in python,20,1,1,0,,8.00,10.00,2.00,1,,IN,India,20,1,0
docker volume syntax,20,1,1,0,,8.00,9.00,1.00,1,,US,United States,20,1,0
pymongo docs,20,1,,,,9.00,,,0,-1,IN,India,20,1,
what is syslog in linux,20,1,,,,9.00,,,0,-1,US,United States,20,1,
cgroup namespace,20,1,,,,9.00,,,0,-1,US,United States,20,1,
linux unique lines,20,1,1,0,,9.00,9.00,0.00,1,,US,United States,20,1,0
github actions reuse steps,20,,1,,,,9.00,,1,1,US,United States,20,1,
bash conditional if,20,1,,,,10.00,,,0,-1,US,United States,20,1,
python merge 2 lists,20,1,1,0,,8.00,8.00,0.00,1,,FR,France,20,1,0
python namedtuple class,20,1,1,0,,7.00,8.00,1.00,1,,US,United States,20,1,0
docker networks external,20,1,1,0,,7.00,8.00,1.00,1,,DE,Germany,20,1,0
powerlevel10k themes,20,1,1,0,,8.00,8.00,0.00,1,,US,United States,20,1,0
bash read a file,20,1,1,-1,,6.00,8.00,2.00,1,,US,United States,20,1,-1
golang tui library,20,1,1,0,,9.00,9.00,0.00,1,,US,United States,20,1,0
how to make a python library,30,1,,,,11.00,,,0,-1,US,United States,30,1,
abc module python,30,1,1,0,,10.00,10.00,0.00,1,,US,United States,30,1,0
echo >>,30,1,,,,9.00,,,0,-1,US,United States,30,1,
golang parse csv,20,1,1,0,,8.00,8.00,0.00,1,,US,United States,20,1,0
windows install make,10,1,1,0,,7.00,7.00,0.00,3,,FR,France,10,1,0
go errors,20,1,1,0,,8.00,8.00,0.00,2,,DE,Germany,20,1,0
adding two lists python,20,,1,,,,10.00,,1,1,US,United States,20,1,
bash eval string,10,1,1,0,,5.00,5.00,0.00,1,,US,United States,10,1,0
where is the docker image stored,10,0,1,0,,11.00,6.00,-5.00,1,,US,United States,10,1,0
golang error handling best practices,10,3,1,-2,,7.00,5.00,-2.00,1,-1,US,United States,10,1,-2
advance git,10,1,1,0,,5.00,5.00,0.00,1,,IN,India,10,1,0
python make a file,10,0,1,0,,7.00,6.00,-1.00,1,,US,United States,10,1,0
chef docker,10,1,1,0,,5.00,6.00,1.00,1,,US,United States,10,1,0
turborepo monorepo,10,1,1,0,,6.00,6.00,0.00,1,,US,United States,10,1,0
10x developer meme,10,1,1,0,,6.00,6.00,0.00,1,,US,United States,10,1,0
golang write to csv,10,1,1,0,,4.00,6.00,2.00,1,,US,United States,10,1,0
python dataclass,11900,2,1,-1,,36.00,35.33,-0.67,9,-1,US,United States,11900,1,-1
how to import a csv file in python,30,1,1,0,,10.50,10.50,0.00,2,,IN,India,30,1,0
polyrepo vs monorepo,20,1,1,0,,9.00,11.00,2.00,1,,US,United States,20,1,0
importing csv file in python,30,1,,,,10.50,,,0,-2,IN,India,30,1,
bazel docker image,10,1,1,0,,3.00,3.00,0.00,1,,US,United States,10,1,0
make file in python,10,1,1,0,,4.00,4.00,0.00,1,,US,United States,10,1,0
python abstract syntax tree,0,1,1,0,,3.00,3.00,0.00,1,,US,United States,0,1,0
closures in python,200,1,1,0,,17.00,6.00,-11.00,1,,IN,India,200,1,0
web scraping python selenium,20,1,,,,9.00,,,0,-1,GB,United Kingdom,20,1,
mysql container,20,1,1,0,,9.00,9.00,0.00,1,,DE,Germany,20,1,0
python3 setup.py install,20,1,1,0,,7.00,9.00,2.00,1,,US,United States,20,1,0
how to concatenate a list in python,20,1,1,0,,10.00,10.00,0.00,1,,US,United States,20,1,0
sleep bash script,20,0,1,0,,11.00,10.00,-1.00,1,,US,United States,20,1,0
g++ tutorial,10,1,1,0,,7.00,7.00,0.00,1,,US,United States,10,1,0
sed regular expression,20,1,1,0,,10.00,10.00,0.00,1,,US,United States,20,1,0
aws networking,950,0,1,0,,32.50,27.50,-5.00,2,,US,United States,950,1,0
terraform dependson,10,0,1,0,,10.00,8.00,-2.00,1,,US,United States,10,1,0
makefile set environment variables,10,1,1,0,,8.00,8.00,0.00,1,,US,United States,10,1,0
safe_load yaml,10,1,1,0,,8.00,8.00,0.00,1,,US,United States,10,1,0
python yaml tutorial,10,1,1,-1,,4.00,7.00,3.00,1,,US,United States,10,1,-1
yum repo,20,1,,,,7.50,,,0,-2,CA,Canada,20,1,
buf python,20,1,1,0,,8.00,8.00,0.00,1,,US,United States,20,1,0
python read from csv file,20,1,,,,9.00,,,0,-1,US,United States,20,1,
terraform push docker image to ecr,20,1,,,,8.00,,,0,-1,US,United States,20,1,
linux echo file contents,20,1,1,0,,8.00,8.00,0.00,1,,US,United States,20,1,0
docker pull location,20,0,1,0,,10.00,9.00,-1.00,1,,US,United States,20,1,0
python subprocess.call,20,1,1,0,,8.00,8.00,0.00,1,,DE,Germany,20,1,0
concatenate multiple lists python,20,1,1,0,,9.00,9.00,0.00,1,,US,United States,20,1,0
sed find and replace,70,0,1,0,,6.50,7.20,0.70,5,3,IN,India,70,1,0
python csv read,20,1,,,,10.00,,,0,-1,DE,Germany,20,1,
abc library python,20,1,1,0,,11.00,11.00,0.00,1,,US,United States,20,1,0
phoenix framework,220,1,1,0,,34.67,19.00,-15.67,2,-1,AR,Argentina,220,1,0
go print error,20,1,1,0,,11.00,11.00,0.00,1,,US,United States,20,1,0
run mysql in docker,10,1,1,-1,,6.50,4.00,-2.50,1,-1,IN,India,10,1,-1
jq select key value,10,1,1,0,,3.00,4.00,1.00,1,,US,United States,10,1,0
bash script read from file,10,0,1,0,,7.00,4.00,-3.00,1,,US,United States,10,1,0
golang return json,10,1,1,0,,4.00,4.00,0.00,1,,US,United States,10,1,0
add homebrew to path mac m1,10,1,1,0,,4.00,4.00,0.00,1,,US,United States,10,1,0
golang grpc,150,4,1,-3,,10.00,20.00,10.00,1,-1,RU,Russian Federation,150,1,-3
what is csv file in python,350,,1,,,,23.00,,1,1,IN,India,350,1,
concatenate lists in python,20,1,,,,10.00,,,0,-2,US,United States,20,1,
python package example,20,0,1,0,,11.00,10.00,-1.00,1,,US,United States,20,1,0
python to yaml,20,1,1,0,,10.00,10.00,0.00,1,,US,United States,20,1,0
if statement bash script,20,1,1,0,,10.00,10.00,0.00,1,,US,United States,20,1,0
golang grpc client,20,1,1,0,,7.00,8.00,1.00,2,,US,United States,20,1,0
python subprocess print output,20,,1,,,,9.00,,1,1,US,United States,20,1,
docker volume ls,30,1,1,0,,11.00,11.00,0.00,1,-1,DE,Germany,30,1,0
can you concatenate lists in python,20,1,1,0,,9.00,11.00,2.00,1,,US,United States,20,1,0
python api testing,20,1,1,0,,10.00,10.00,0.00,1,,CA,Canada,20,1,0
what is a docker network,20,1,1,0,,10.00,10.00,0.00,1,,US,United States,20,1,0
python subprocess stdout,20,1,1,0,,11.00,11.00,0.00,1,,US,United States,20,1,0
what is abstract syntax tree,20,1,,,,11.00,,,0,-1,US,United States,20,1,
how to read a csv file,20,1,1,0,,11.00,11.00,0.00,1,,IN,India,20,1,0
go tui library,20,1,1,-1,,7.00,10.00,3.00,1,,US,United States,20,1,-1
dockerfile multi stage build,20,1,,,,10.00,,,0,-1,US,United States,20,1,
namedtuple default values,20,1,1,0,,11.00,11.00,0.00,1,,US,United States,20,1,0
jq select value,10,1,1,0,,6.00,6.00,0.00,1,,US,United States,10,1,0
tekton k8s,10,,1,,,,6.00,,1,1,US,United States,10,1,
linux count unique lines,10,0,1,0,,7.00,6.00,-1.00,1,,US,United States,10,1,0
golang delve,20,1,1,0,,8.00,8.00,0.00,1,,US,United States,20,1,0
python write to yaml file,20,1,1,0,,9.00,9.00,0.00,1,,US,United States,20,1,0
yaml reader python,20,1,1,0,,9.00,9.00,0.00,1,,US,United States,20,1,0
python pattern matching,10,1,,,,8.00,,,0,-1,CZ,Czech Republic,10,1,
docker vs linux containers,10,1,,,,9.00,,,0,-1,US,United States,10,1,
golang simple http server,10,1,,,,8.00,,,0,-1,US,United States,10,1,
combine list of lists python,10,1,1,0,,7.00,9.00,2.00,1,,US,United States,10,1,0
10x engineer meme,10,1,,,,8.00,,,0,-1,US,United States,10,1,
yaml.safe_load return type,10,1,1,0,,8.00,8.00,0.00,1,,US,United States,10,1,0
pyyaml write to file,10,1,1,0,,8.00,8.00,0.00,1,,US,United States,10,1,0
jq get value,0,0,1,0,,6.00,5.62,-0.38,8,,US,United States,0,1,0
install setup.py,20,1,1,0,,11.00,10.00,-1.00,1,,US,United States,20,1,0
python yaml parser,200,0,1,0,,21.00,21.00,0.00,1,,US,United States,200,1,0
where does docker store containers,30,1,1,-1,,7.00,12.00,5.00,1,,US,United States,30,1,-1
jq default value,30,1,,,,11.00,,,0,-1,US,United States,30,1,
transform json to csv,30,1,1,0,,12.00,12.00,0.00,1,,US,United States,30,1,0
pip ninja,20,1,1,0,,10.00,10.00,0.00,1,,US,United States,20,1,0
python class abc,10,1,1,0,,8.00,8.00,0.00,1,,US,United States,10,1,0
how to create python library,10,1,1,0,,6.00,7.00,1.00,1,,US,United States,10,1,0
shell script conditional,10,1,1,-1,,4.00,7.00,3.00,1,,US,United States,10,1,-1
bash test conditions,10,1,1,0,,7.00,7.00,0.00,1,,US,United States,10,1,0
create a python library,10,1,1,0,,7.00,7.00,0.00,1,,US,United States,10,1,0
cmake vs gcc,10,1,1,0,,8.00,7.00,-1.00,1,,US,United States,10,1,0
write to yaml file python,10,1,1,0,,8.00,8.00,0.00,1,,US,United States,10,1,0
python logging custom handler,10,1,1,0,,7.00,7.00,0.00,1,,US,United States,10,1,0
ninja tutorial,10,1,1,0,,7.00,7.00,0.00,1,,US,United States,10,1,0
python run process,10,1,1,0,,7.00,7.00,0.00,1,,DE,Germany,10,1,0
how does awk work,10,,1,,,,5.00,,1,1,US,United States,10,1,
awk delimiter comma,10,1,1,0,,3.00,5.00,2.00,1,,US,United States,10,1,0
macro rules,10,1,1,0,,6.00,6.00,0.00,1,,US,United States,10,1,0
bash read file contents into variable,10,1,1,0,,6.00,5.00,-1.00,1,,US,United States,10,1,0
bash convert json to csv,10,1,1,0,,5.00,5.00,0.00,1,,US,United States,10,1,0
pymongo query,10,1,,,,8.00,,,0,-1,US,United States,10,1,
golang error to string,20,1,1,0,,9.00,9.00,0.00,1,,RU,Russian Federation,20,1,0
buf grpc,20,1,,,,9.00,,,0,-1,US,United States,20,1,
tui go,20,1,1,0,,9.00,9.00,0.00,1,,US,United States,20,1,0
vpc creation using terraform,20,1,1,0,,9.00,9.00,0.00,1,,IN,India,20,1,0
docker compose volumes explained,20,1,,,,9.00,,,0,-1,US,United States,20,1,
if statement in bash script,20,1,1,0,,10.00,9.00,-1.00,1,,US,United States,20,1,0
docker volume example,10,1,1,0,,7.00,7.50,0.50,2,,RU,Russian Federation,10,1,0
linux namespaces,250,,1,,,,7.00,,1,1,US,United States,250,1,
python log levels,300,1,1,0,,20.00,23.00,3.00,1,,US,United States,300,1,0
how to use docker secrets,20,1,1,-1,,5.00,9.00,4.00,1,,US,United States,20,1,-1
bash read text file,20,1,1,0,,9.00,9.00,0.00,1,,US,United States,20,1,0
github actions reusable steps,20,,1,,,,9.00,,1,1,US,United States,20,1,
cimg python,10,1,,,,9.00,,,0,-1,US,United States,10,1,
python postgresql connect,20,1,1,0,,10.00,10.00,0.00,1,,RU,Russian Federation,20,1,0
python subprocess.popen,20,1,,,,10.00,,,0,-1,DE,Germany,20,1,
variables in bash,20,1,,,,10.00,,,0,-1,IN,India,20,1,
sed linux replace,20,1,,,,10.00,,,0,-1,US,United States,20,1,
jq multiple select,20,1,1,0,,9.00,10.00,1.00,1,,US,United States,20,1,0
octopus deploy,2890,0,1,0,,21.25,21.17,-0.08,6,2,PT,Portugal,2890,1,0
bash jq command,20,1,1,0,,10.00,10.00,0.00,1,,US,United States,20,1,0
jq select from array,0,0,1,0,,5.60,4.60,-1.00,5,,US,United States,0,1,0
go work file,10,0,1,0,,9.33,9.33,0.00,3,,US,United States,10,1,0
how to use echo command,10,,0,,,,8.00,,1,1,US,United States,10,0,
python run subprocess,10,0,0,0,,8.00,8.00,0.00,1,,DE,Germany,10,0,0
yaml read python,10,0,0,0,,9.00,9.00,0.00,1,,US,United States,10,0,0
python psycopg2,20,0,,,,8.00,,,0,-2,DE,Germany,20,0,
kubernetes securitycontext,200,1,0,-1,,18.00,21.00,3.00,1,,US,United States,200,0,-1
cdk terraform,30,0,,,,11.00,,,0,-1,GB,United Kingdom,30,0,
terraform import aws_route53_record,20,0,0,0,,10.00,9.00,-1.00,1,,US,United States,20,0,0
mongodb on docker,20,0,,,,9.00,,,0,-1,US,United States,20,0,
github action cron,20,1,0,-1,,8.00,9.00,1.00,1,-1,GB,United Kingdom,20,0,-1
export json to csv,20,0,0,0,,10.00,10.00,0.00,1,,US,United States,20,0,0
jq select wildcard,20,1,0,0,,8.00,9.00,1.00,1,,US,United States,20,0,0
bazel clear cache,20,1,0,-1,,6.00,10.00,4.00,1,,US,United States,20,0,-1
combine two list python,20,0,0,0,,10.00,10.00,0.00,1,,US,United States,20,0,0
concatenate list,20,1,0,0,,9.50,9.00,-0.50,3,-1,IN,India,20,0,0
run vscode in docker,20,0,0,0,,9.00,9.00,0.00,1,,US,United States,20,0,0
python microservices framework,30,0,,,,12.00,,,0,-1,IN,India,30,0,
docker compose networking,20,0,,,,9.00,,,0,-1,NL,Netherlands,20,0,
how to convert json file to csv,20,0,0,0,,10.00,10.00,0.00,1,,US,United States,20,0,0
where does docker store files,20,0,0,0,,10.00,10.00,0.00,1,,US,United States,20,0,0
k9s set namespace,20,,0,,,,11.00,,1,1,US,United States,20,0,
sed regex examples,20,0,,,,10.00,,,0,-1,US,United States,20,0,
echo $shell,20,0,,,,10.00,,,0,-1,US,United States,20,0,
yaml load file,20,,0,,,,9.00,,1,1,US,United States,20,0,
golang gin,860,1,0,-1,,20.00,25.75,5.75,4,2,US,United States,860,0,-1
string manipulation bash,20,1,0,0,,9.00,10.00,1.00,1,,US,United States,20,0,0
docker multistage build example,10,0,0,0,,7.00,7.00,0.00,1,,US,United States,10,0,0
bazel query rdeps,10,1,0,0,,7.00,7.00,0.00,1,,US,United States,10,0,0
rails docker image,10,0,0,0,,7.00,7.00,0.00,1,,US,United States,10,0,0
docker --net,10,1,0,0,,6.00,7.00,1.00,1,,DE,Germany,10,0,0
learning awk,10,0,0,0,,7.00,7.00,0.00,1,,US,United States,10,0,0
read syslog,10,0,,,,7.00,,,0,-1,US,United States,10,0,
nix programming language,10,,0,,,,7.00,,1,1,US,United States,10,0,
bazel remote cache,10,1,0,-1,,3.00,8.00,5.00,1,,US,United States,10,0,-1
createrepo rpm,10,0,0,0,,7.00,7.00,0.00,1,,US,United States,10,0,0
bazel cache clean,10,0,0,0,,8.00,8.00,0.00,1,,US,United States,10,0,0
grpc protobuf version compatibility,10,1,0,0,,5.00,6.00,1.00,1,,US,United States,10,0,0
bazel clean expunge,10,0,0,0,,7.00,7.00,0.00,1,,US,United States,10,0,0
#!/bin/bash meaning,10,0,0,0,,10.00,7.00,-3.00,1,,US,United States,10,0,0
golang write csv,10,1,0,0,,4.00,6.00,2.00,1,,US,United States,10,0,0
ecr credential helper,10,0,,,,6.00,,,0,-1,US,United States,10,0,
top of bash script,10,0,0,0,,10.00,6.00,-4.00,1,,US,United States,10,0,0
using setup.py,10,0,0,0,,6.00,6.00,0.00,1,,US,United States,10,0,0
bazel expunge,10,0,,,,7.00,,,0,-1,US,United States,10,0,
poetry groups python,10,0,0,0,,8.00,6.00,-2.00,1,,US,United States,10,0,0
spec: required value: must specify a volume type,10,0,0,0,,6.00,6.00,0.00,1,,US,United States,10,0,0
go terminal,10,0,0,0,,6.00,6.00,0.00,1,,US,United States,10,0,0
python connect to postgresql,90,,0,,,,18.00,,1,1,US,United States,90,0,
csv file in python,500,2,0,-1,,5.00,26.00,21.00,1,,IN,India,500,0,-1
dx developer experience,150,0,0,0,,20.00,20.00,0.00,1,,US,United States,150,0,0
aws network,200,0,0,0,,18.00,17.00,-1.00,1,,US,United States,200,0,0
docker postgres image,200,,0,,,,21.00,,1,1,US,United States,200,0,
circle ci free,20,,0,,,,11.00,,1,1,US,United States,20,0,
makefile in windows,0,0,0,0,,5.00,5.00,0.00,3,,IN,India,0,0,0
with keyword in python,200,,0,,,,22.00,,1,1,IN,India,200,0,
install cmake on windows,0,0,0,0,,4.00,4.00,0.00,1,,US,United States,0,0,0
jq selector,0,0,0,0,,5.00,3.00,-2.00,1,,US,United States,0,0,0
makefile target variable,0,0,0,0,,3.00,3.00,0.00,1,,US,United States,0,0,0
protobuf compatibility,0,0,0,0,,3.00,3.00,0.00,1,,US,United States,0,0,0
setup private docker registry,0,1,0,0,,2.00,3.00,1.00,1,,US,United States,0,0,0
jq select multiple keys,10,0,0,0,,5.00,4.00,-1.00,1,,US,United States,10,0,0
how to create setup.py,10,0,0,0,,4.00,4.00,0.00,1,,US,United States,10,0,0
makefile check environment variable,10,0,0,0,,4.00,4.00,0.00,1,,US,United States,10,0,0
docker build volume,20,0,,,,9.50,,,0,-2,DE,Germany,20,0,
rules rust,20,0,,,,10.00,,,0,-1,US,United States,20,0,
linux container vs docker,20,0,0,0,,10.00,10.00,0.00,1,,DE,Germany,20,0,0
python concat list of lists,10,0,0,0,,9.00,9.00,0.00,1,,US,United States,10,0,0
nix software,90,0,,,,11.00,,,0,-1,US,United States,90,0,
nvidia runtime,20,0,,,,9.00,,,0,-1,US,United States,20,0,
python concat two list,20,0,0,0,,10.00,10.00,0.00,1,,US,United States,20,0,0
linux networking tutorial,20,,0,,,,9.00,,1,1,US,United States,20,0,
python yaml write,20,0,0,0,,10.00,10.00,0.00,1,,US,United States,20,0,0
concurrency in rust,10,1,0,0,,8.00,8.00,0.00,1,,US,United States,10,0,0
simple makefile example,10,0,,,,8.00,,,0,-1,US,United States,10,0,
mongodb docker container,10,0,,,,8.00,,,0,-1,DE,Germany,10,0,
print error golang,10,0,,,,8.00,,,0,-1,US,United States,10,0,
abstract base class in python,10,1,0,0,,8.00,9.00,1.00,1,,US,United States,10,0,0
how to read the csv file in python,10,0,0,0,,8.00,8.00,0.00,1,,IN,India,10,0,0
docker image location linux,10,1,0,0,,7.00,9.00,2.00,1,,US,United States,10,0,0
docker run volumes,10,1,0,0,,7.00,8.00,1.00,1,,DE,Germany,10,0,0
shell script sleep command,20,0,0,0,,9.00,9.00,0.00,2,,IN,India,20,0,0
variable in bash script,20,1,0,0,,8.00,10.00,2.00,1,,US,United States,20,0,0
concatenate python lists,20,0,0,0,,11.00,9.00,-2.00,1,,US,United States,20,0,0
makefile special variables,10,1,0,0,,4.67,5.33,0.67,3,,US,United States,10,0,0
subprocess call,20,0,,,,11.00,,,0,-1,DE,Germany,20,0,
golang terminal,10,0,0,0,,7.00,5.00,-2.00,1,,US,United States,10,0,0
embedding cosine similarity,10,0,0,0,,9.00,6.00,-3.00,1,,US,United States,10,0,0
linux capabilities list,10,1,0,0,,3.00,5.00,2.00,1,,US,United States,10,0,0
static linking,20,2,0,-2,,8.00,10.00,2.00,1,-1,US,United States,20,0,-2
what is namespace in kubernetes,350,0,0,0,,41.00,24.00,-17.00,1,,IN,India,350,0,0
sh function,20,,0,,,,10.00,,1,1,US,United States,20,0,
mtls kubernetes,20,0,,,,11.00,,,0,-1,US,United States,20,0,
create rpm,20,,0,,,,10.00,,1,1,US,United States,20,0,
parse yaml file python,20,0,,,,10.00,,,0,-1,US,United States,20,0,
configure script,20,,0,,,,10.00,,1,1,US,United States,20,0,
abc abstractmethod,20,0,,,,11.00,,,0,-1,US,United States,20,0,
test github actions locally,250,0,0,0,,23.00,23.00,0.00,1,,US,United States,250,0,0
bazel typescript,0,0,0,0,,1.00,1.00,0.00,1,,US,United States,0,0,0
golang monorepo,0,0,0,0,,2.00,2.00,0.00,2,,US,United States,0,0,0
jq select fields,0,0,0,0,,4.00,3.00,-1.00,1,,US,United States,0,0,0
makefile variable assignment,0,0,0,0,,2.00,2.00,0.00,1,,US,United States,0,0,0
awk csv,0,0,0,0,,2.50,2.50,0.00,2,,US,United States,0,0,0
python subprocess run get output,20,0,0,0,,10.50,10.50,0.00,2,,US,United States,20,0,0
bash strings,20,1,0,0,,9.50,11.00,1.50,1,-1,US,United States,20,0,0
golang convert error to string,20,,0,,,,12.00,,1,1,US,United States,20,0,
uniq linux,20,0,0,0,,10.00,11.00,1.00,1,,IL,Israel,20,0,0
echo syntax,20,1,0,0,,10.00,11.00,1.00,1,,US,United States,20,0,0
what does $ mean in bash,20,,0,,,,12.00,,1,1,US,United States,20,0,
homebrew mac m1,10,0,0,0,,7.43,8.14,0.71,7,,US,United States,10,0,0
awk linux tutorial,10,0,0,0,,7.00,7.00,0.00,1,,US,United States,10,0,0
poetry add test dependency,10,0,0,0,,7.00,7.00,0.00,1,,US,United States,10,0,0
route 53 terraform,10,0,,,,7.00,,,0,-1,US,United States,10,0,
bash or conditional,10,,0,,,,7.00,,1,1,US,United States,10,0,
jq select not equal,10,0,0,0,,7.00,7.00,0.00,1,,US,United States,10,0,0
jq select string contains,10,0,0,0,,7.00,7.00,0.00,1,,US,United States,10,0,0
python yaml list,10,0,0,0,,9.00,7.00,-2.00,1,,US,United States,10,0,0
aws ecr login,150,0,0,0,,23.00,21.00,-2.00,1,,US,United States,150,0,0
jq filter array by key,10,0,0,0,,9.00,9.00,0.00,1,,US,United States,10,0,0
errors is golang,10,0,,,,10.00,,,0,-1,US,United States,10,0,
where are docker containers stored,10,3,0,-2,,9.00,9.00,0.00,1,-1,US,United States,10,0,-2
why use cmake,10,0,0,0,,9.00,9.00,0.00,1,,US,United States,10,0,0
kubernetes canary deployment example,10,1,0,-1,,5.00,9.00,4.00,1,,US,United States,10,0,-1
gmake vs cmake,10,1,0,0,,8.00,9.00,1.00,1,,US,United States,10,0,0
terraform allows interpolation of variables,10,0,0,0,,9.00,9.00,0.00,1,,IN,India,10,0,0
error handling golang,10,0,0,0,,9.00,9.00,0.00,1,,US,United States,10,0,0
python concatenate 2 lists,20,,0,,,,10.00,,1,1,US,United States,20,0,
jq fromjson,20,0,0,0,,9.00,9.00,0.00,1,,US,United States,20,0,0
read a yaml file in python,20,1,0,-1,,6.00,9.00,3.00,1,,US,United States,20,0,-1
go http server example,20,0,0,0,,9.00,9.00,0.00,1,,US,United States,20,0,0
jq equals,10,0,0,0,,9.00,8.00,-1.00,1,,US,United States,10,0,0
python yaml load from file,10,0,0,0,,10.00,9.00,-1.00,1,,US,United States,10,0,0
monorepo typescript,10,0,0,0,,9.00,9.00,0.00,1,,US,United States,10,0,0
abstract classes python,20,,0,,,,10.00,,1,1,US,United States,20,0,
how to make a makefile c++,10,1,0,0,,6.00,8.00,2.00,1,,US,United States,10,0,0
jq sort,150,1,0,-1,,17.00,21.00,4.00,1,,US,United States,150,0,-1
shell function with arguments,10,0,0,0,,10.00,8.00,-2.00,1,,US,United States,10,0,0
python import yaml file,10,0,0,0,,9.00,9.00,0.00,1,,US,United States,10,0,0
bash shell sleep,10,0,0,0,,9.00,8.00,-1.00,1,,US,United States,10,0,0
abstract class python example,10,0,0,0,,8.00,8.00,0.00,1,,US,United States,10,0,0
linux shell script arguments,10,0,0,0,,8.00,8.00,0.00,1,,US,United States,10,0,0
install ninja linux,10,0,0,0,,7.00,6.00,-1.00,1,,US,United States,10,0,0
python abstract class attribute,10,,0,,,,6.00,,1,1,US,United States,10,0,
python structural pattern matching,10,1,0,-1,,7.00,6.00,-1.00,1,-1,DE,Germany,10,0,-1
go return error,10,0,0,0,,7.00,6.00,-1.00,1,,RU,Russian Federation,10,0,0
concat list,10,0,0,0,,6.00,6.00,0.00,1,,IN,India,10,0,0
create setup.py,10,0,0,0,,6.00,6.00,0.00,1,,US,United States,10,0,0
python read in csv,10,0,0,0,,7.00,6.00,-1.00,1,,DE,Germany,10,0,0
cmake la gi,10,0,0,0,,9.00,8.00,-1.00,1,,VN,Vietnam,10,0,0
docker compose private registry,20,1,0,-1,,6.00,10.00,4.00,1,,US,United States,20,0,-1
linux eval,20,,0,,,,10.00,,1,1,DE,Germany,20,0,
how to create a virtual environment in python,850,0,0,0,,27.00,41.50,14.50,2,1,US,United States,850,0,0
csv file python,10,0,,,,9.50,,,0,-2,AU,Australia,10,0,
pymongo example,10,0,0,0,,9.00,9.00,0.00,1,,US,United States,10,0,0
jq select not null,20,0,,,,11.00,,,0,-1,US,United States,20,0,
bash scripting variables,20,1,0,0,,8.00,10.00,2.00,1,,US,United States,20,0,0
how to combine 2 lists in python,20,0,,,,11.00,,,0,-1,US,United States,20,0,
selenium and beautifulsoup,20,1,0,0,,9.00,10.00,1.00,1,,US,United States,20,0,0
grpc-gateway,300,0,0,0,,7.22,7.10,-0.12,10,1,US,United States,300,0,0
python yaml.load,20,1,0,0,,8.50,9.50,1.00,2,,GB,United Kingdom,20,0,0
bin/bash command,10,0,0,0,,10.00,9.50,-0.50,2,1,US,United States,10,0,0
how to concatenate list in python,10,1,0,-1,,10.00,9.00,-1.00,1,-1,IN,India,10,0,-1
chown permissions,10,0,0,0,,9.00,9.00,0.00,1,,US,United States,10,0,0
tf cdk,10,0,,,,9.00,,,0,-1,US,United States,10,0,
sed replace inline,10,,0,,,,9.00,,1,1,DE,Germany,10,0,
delve golang,10,0,0,0,,9.00,9.00,0.00,1,,US,United States,10,0,0
docker container file location,10,0,0,0,,10.00,10.00,0.00,1,,US,United States,10,0,0
pytest class fixture,10,0,0,0,,9.00,9.00,0.00,1,,US,United States,10,0,0
docker files location,10,1,0,0,,7.00,10.00,3.00,1,,US,United States,10,0,0
aws vpc terraform,10,0,0,0,,9.00,9.00,0.00,1,,FR,France,10,0,0
windows install cmake,0,0,0,0,,4.00,4.00,0.00,4,,US,United States,0,0,0
python load yaml from file,10,0,0,0,,9.00,9.00,0.00,1,,US,United States,10,0,0
python3 namedtuple,10,,0,,,,8.00,,1,1,US,United States,10,0,
yaml loader python,10,0,0,0,,8.00,8.00,0.00,1,,US,United States,10,0,0
jq create new object,20,0,0,0,,12.00,12.00,0.00,1,,US,United States,20,0,0
multi-stage builds,20,0,,,,11.00,,,0,-1,US,United States,20,0,
docker blog,20,,0,,,,11.00,,1,1,HK,Hong Kong,20,0,
what is namespace in docker,20,0,,,,12.00,,,0,-1,IN,India,20,0,
poetry add dev dependencies,20,0,0,0,,10.00,11.00,1.00,1,,FR,France,20,0,0
docker run volume example,20,0,,,,10.00,,,0,-1,RU,Russian Federation,20,0,
conda install ninja,20,0,0,0,,10.00,10.00,0.00,1,,US,United States,20,0,0
terraform route 53,20,0,0,0,,10.00,10.00,0.00,1,,US,United States,20,0,0
terraform circular dependency,20,0,0,0,,10.00,10.00,0.00,1,,US,United States,20,0,0
golang web server example,20,0,0,0,,10.00,10.00,0.00,1,,US,United States,20,0,0
вщслук дщпы,20,0,,,,11.00,,,0,-1,RU,Russian Federation,20,0,
terraform variable interpolation,20,1,0,-1,,6.00,10.00,4.00,1,,US,United States,20,0,-1
https mitm,20,0,,,,10.00,,,0,-1,US,United States,20,0,
cxx vs cpp flags,20,0,,,,10.00,,,0,-1,IN,India,20,0,
mitmproxy ssl,20,0,0,0,,11.00,10.00,-1.00,1,,US,United States,20,0,0
openshift vs kubernetes,2250,0,0,0,,51.50,46.40,-5.10,5,3,IN,India,2250,0,0
homebrew apple silicon,10,0,0,0,,8.00,7.00,-1.00,3,-1,US,United States,10,0,0
yaml dictionary,150,0,,,,21.00,,,0,-1,US,United States,150,0,
python yaml import,20,0,0,0,,11.00,11.00,0.00,1,,US,United States,20,0,0
creating a makefile,10,0,,,,10.00,,,0,-1,US,United States,10,0,
docker postgresql,1200,0,0,0,,33.00,30.67,-2.33,6,1,TR,Turkey,1200,0,0
macro rust,10,,0,,,,8.00,,1,1,US,United States,10,0,
simple makefile,10,0,,,,7.00,,,0,-1,DE,Germany,10,0,
terraform depends_on module,10,,0,,,,7.00,,1,1,DE,Germany,10,0,
golang dlv,10,0,0,0,,8.00,7.00,-1.00,1,,US,United States,10,0,0
python yaml loader,10,1,0,-1,,7.50,7.00,-0.50,1,-1,US,United States,10,0,-1
docker networks explained,10,0,,,,7.00,,,0,-1,US,United States,10,0,
reading data from csv file in python,10,0,0,0,,8.00,8.00,0.00,1,,IN,India,10,0,0
chi middleware,10,0,0,0,,9.00,7.00,-2.00,1,,US,United States,10,0,0
how will you load a .csv file in python,10,0,0,0,,8.00,7.00,-1.00,1,,IN,India,10,0,0
bash read contents of file into variable,10,0,0,0,,7.00,7.00,0.00,1,,US,United States,10,0,0
echo output of command bash,10,0,0,0,,8.00,8.00,0.00,1,,US,United States,10,0,0
automating linux scripts,10,1,0,0,,6.00,8.00,2.00,1,,RU,Russian Federation,10,0,0
go error type,10,0,0,0,,9.00,9.00,0.00,1,,US,United States,10,0,0
mongo db docker,10,1,0,-1,,7.00,8.00,1.00,1,-1,RU,Russian Federation,10,0,-1
# bin/bash meaning,10,0,0,0,,9.00,9.00,0.00,1,,IN,India,10,0,0
dynamically linked,10,0,,,,8.00,,,0,-1,US,United States,10,0,
python subprocess.run example,10,0,0,0,,8.00,8.00,0.00,1,,DE,Germany,10,0,0
py yaml,10,3,0,-2,,9.50,8.00,-1.50,1,-1,US,United States,10,0,-2
network management in linux,10,0,0,0,,8.00,8.00,0.00,1,,IN,India,10,0,0
load csv file python,10,0,0,0,,10.00,7.00,-3.00,2,-1,NL,Netherlands,10,0,0
golang sqllite,10,0,0,0,,5.00,5.00,0.00,1,,US,United States,10,0,0
make command on windows,10,0,0,0,,8.00,6.00,-2.00,1,,US,United States,10,0,0
grpc aws lambda,10,1,0,0,,3.00,5.00,2.00,1,,US,United States,10,0,0
read file bash script,10,0,0,0,,4.00,5.00,1.00,1,,US,United States,10,0,0
npm list workspaces,10,0,0,0,,7.00,5.00,-2.00,1,,US,United States,10,0,0
cmake quick start,10,0,0,0,,5.00,5.00,0.00,1,,US,United States,10,0,0
makefile conditional variable,10,0,0,0,,6.00,5.00,-1.00,1,,US,United States,10,0,0
how to read csv files in python,0,4,0,-3,,7.00,4.00,-3.00,1,-1,IN,India,0,0,-3
make variables,0,0,0,0,,7.00,4.00,-3.00,1,,US,United States,0,0,0
create a yaml file python,0,0,0,0,,4.00,4.00,0.00,1,,US,United States,0,0,0
shell script delay,0,0,0,0,,4.00,4.00,0.00,1,,US,United States,0,0,0
python import csv file,20,0,0,0,,9.75,9.75,0.00,4,,DE,Germany,20,0,0
bash if statement,1700,,0,,,,19.00,,1,1,US,United States,1700,0,
bash echo file contents,20,0,0,0,,11.00,11.00,0.00,1,,US,United States,20,0,0
poetry install dev dependencies,20,0,,,,12.00,,,0,-1,RU,Russian Federation,20,0,
python how to concatenate lists,10,0,0,0,,9.00,9.00,0.00,1,,US,United States,10,0,0
create virtualenv,210,3,0,-3,,9.50,19.50,10.00,2,-4,DE,Germany,210,0,-3
nvidia container toolkit,800,4,0,-3,,17.00,28.00,11.00,1,,US,United States,800,0,-3
sleep command in linux,250,0,0,0,,22.00,23.00,1.00,1,,IN,India,250,0,0
csv in python,200,0,0,0,,24.00,23.00,-1.00,1,,IN,India,200,0,0
closure python,10,0,,,,9.00,,,0,-1,PL,Poland,10,0,
bash script delay,10,0,0,0,,9.00,9.00,0.00,1,,US,United States,10,0,0
k9s kill vs delete,10,0,0,0,,9.00,9.00,0.00,1,,US,United States,10,0,0
how to read yaml,10,0,,,,9.00,,,0,-1,US,United States,10,0,
python logging overwrite file,10,0,,,,9.00,,,0,-1,US,United States,10,0,
terraform depends_on example,10,1,0,0,,6.00,9.00,3.00,1,,US,United States,10,0,0
docker container networking,10,0,,,,9.00,,,0,-1,IN,India,10,0,
github actions save artifacts,10,0,0,0,,9.00,9.00,0.00,1,,US,United States,10,0,0
yaml to python,10,0,,,,9.00,,,0,-1,US,United States,10,0,
bash script variable,10,1,0,0,,9.00,9.00,0.00,1,-1,GB,United Kingdom,10,0,0
load yaml file,10,0,,,,9.00,,,0,-1,US,United States,10,0,
bash read file contents,10,1,0,-1,,4.00,9.00,5.00,1,,US,United States,10,0,-1
nginx grafana,20,0,,,,10.00,,,0,-1,US,United States,20,0,
mongodb container,20,,0,,,,10.00,,1,1,DE,Germany,20,0,
cmake vs,20,0,0,0,,9.00,10.00,1.00,1,,US,United States,20,0,0
abc.abc python,20,,0,,,,10.00,,1,1,US,United States,20,0,
rust macros,250,7,0,-7,,7.33,8.00,0.67,1,-2,US,United States,250,0,-7
abstract function python,20,,0,,,,10.00,,1,1,US,United States,20,0,
make in windows,20,0,0,0,,8.00,8.00,0.00,2,,IN,India,20,0,0
set variable in makefile,0,0,0,0,,2.00,2.00,0.00,1,,US,United States,0,0,0
makefile define variable,0,0,0,0,,1.00,1.00,0.00,1,,US,United States,0,0,0
gorm create database,10,0,0,0,,6.00,7.00,1.00,1,,US,United States,10,0,0
bazel clean --expunge,10,0,0,0,,7.00,7.00,0.00,1,,US,United States,10,0,0
bash builtin variables,10,0,0,0,,6.00,6.00,0.00,1,,US,United States,10,0,0
golang check type of error,10,0,0,0,,7.00,7.00,0.00,1,,US,United States,10,0,0
ecs terraform example,10,0,0,0,,8.00,7.00,-1.00,1,,US,United States,10,0,0
linux find and replace,10,0,0,0,,6.00,6.00,0.00,1,,US,United States,10,0,0
namedtuple vs dataclass,10,1,0,0,,4.00,7.00,3.00,1,,US,United States,10,0,0
flag make,10,0,,,,6.00,,,0,-1,DE,Germany,10,0,
how to concatenate 2 lists in python,10,0,0,0,,7.00,7.00,0.00,1,,US,United States,10,0,0
cdktf examples,10,0,0,0,,6.00,6.00,0.00,1,,US,United States,10,0,0
link static,50,0,0,0,,7.00,8.00,1.00,1,,US,United States,50,0,0
create a makefile,10,1,0,-1,,5.00,9.00,4.00,1,,US,United States,10,0,-1
jq get first element of array,20,0,0,0,,12.00,12.00,0.00,1,,US,United States,20,0,0
how to install ninja,10,0,0,0,,10.00,10.00,0.00,1,,US,United States,10,0,0
pulumi vs terraform,1110,0,0,0,,29.33,22.75,-6.58,4,1,US,United States,1110,0,0
docker run mongo,10,0,0,0,,7.50,8.50,1.00,2,,US,United States,10,0,0
bash variable in command,0,0,0,0,,3.00,3.00,0.00,1,,US,United States,0,0,0
golang encrypt,0,0,0,0,,2.00,3.00,1.00,1,,US,United States,0,0,0
mitmproxy examples,0,0,0,0,,3.00,3.00,0.00,1,,US,United States,0,0,0
wildcard make,0,0,0,0,,4.00,3.00,-1.00,1,,US,United States,0,0,0
makefile assign variable from shell command,0,0,0,0,,3.00,3.00,0.00,1,,US,United States,0,0,0
django pre_save,20,0,0,0,,10.00,12.00,2.00,2,1,RU,Russian Federation,20,0,0
open csv file in python,0,1,0,-1,,8.50,8.00,-0.50,3,-1,IN,India,0,0,-1
dynamic linking,20,0,,,,12.00,,,0,-1,DE,Germany,20,0,
linux network commands,300,1,0,0,,11.00,19.00,8.00,1,,GB,United Kingdom,300,0,0
bash shell variables,10,0,0,0,,7.00,8.00,1.00,1,,US,United States,10,0,0
make environment variables,10,0,0,0,,9.00,8.00,-1.00,1,,US,United States,10,0,0
golang print error type,10,,0,,,,8.00,,1,1,US,United States,10,0,
go chi middleware,10,0,0,0,,8.00,8.00,0.00,1,,US,United States,10,0,0
subprocess python example,10,0,0,0,,8.00,8.00,0.00,1,,DE,Germany,10,0,0
github actions install dependencies,10,0,0,0,,8.00,8.00,0.00,1,,US,United States,10,0,0
jq two fields,10,,0,,,,8.00,,1,1,US,United States,10,0,
terraform aws route53,10,,0,,,,8.00,,1,1,US,United States,10,0,
python subprocess run example,10,0,0,0,,9.00,8.00,-1.00,1,,DE,Germany,10,0,0
jq create array,10,0,,,,8.00,,,0,-1,US,United States,10,0,
automated tasks in linux,10,0,,,,9.00,,,0,-1,US,United States,10,0,
how does bazel work,10,1,0,0,,7.00,9.00,2.00,1,,US,United States,10,0,0
python yaml read file,10,0,0,0,,10.00,10.00,0.00,1,,US,United States,10,0,0
forward vs backward compatibility,10,0,,,,11.00,,,0,-1,US,United States,10,0,
from as dockerfile,10,0,0,0,,8.00,9.00,1.00,1,,US,United States,10,0,0
concatenate two lists in python,20,0,,,,11.00,,,0,-2,US,United States,20,0,
setuptools setup,10,0,0,0,,11.00,11.00,0.00,1,,US,United States,10,0,0
python build package,10,0,,,,11.00,,,0,-1,US,United States,10,0,
how to use csv file in python,10,0,,,,11.00,,,0,-1,IN,India,10,0,
@abstractmethod in python,30,0,0,0,,15.00,15.00,0.00,1,,US,United States,30,0,0
make windows,110,0,0,0,,9.50,9.33,-0.17,3,-1,BR,Brazil,110,0,0
bitbucket pipeline pricing,40,0,0,0,,15.00,15.00,0.00,1,,US,United States,40,0,0
jq select filter,10,0,0,0,,9.00,9.00,0.00,1,,US,United States,10,0,0
docker image storage,10,0,,,,9.00,,,0,-1,US,United States,10,0,
docker network explained,10,1,0,0,,7.00,9.00,2.00,1,,US,United States,10,0,0
concatenate list of lists python,10,0,0,0,,10.00,10.00,0.00,1,,US,United States,10,0,0
aws route 53 terraform,10,0,0,0,,9.00,9.00,0.00,1,,US,United States,10,0,0
python convert dict to yaml,10,0,,,,9.00,,,0,-1,US,United States,10,0,
run mongodb in docker,10,0,0,0,,10.00,10.00,0.00,1,,IN,India,10,0,0
golang err to string,10,0,,,,9.00,,,0,-1,US,United States,10,0,
selenium python web scraping,10,0,,,,9.00,,,0,-1,CA,Canada,10,0,
grpc server golang,10,0,,,,9.00,,,0,-1,RU,Russian Federation,10,0,
join list of lists python,10,0,0,0,,10.00,9.50,-0.50,2,,US,United States,10,0,0
python __match_args__,10,0,0,0,,9.00,9.00,0.00,1,,US,United States,10,0,0
kubectl create role,10,0,0,0,,9.00,9.00,0.00,1,,US,United States,10,0,0
vagrant docker,20,0,,,,11.00,,,0,-1,GB,United Kingdom,20,0,
poetry add dev,10,0,0,0,,8.00,7.00,-1.00,1,,US,United States,10,0,0
set environment variable makefile,10,0,0,0,,7.00,7.00,0.00,1,,US,United States,10,0,0
python yaml don't work,10,0,0,0,,7.00,7.00,0.00,1,,RU,Russian Federation,10,0,0
makefile visual studio,10,0,0,0,,7.00,7.00,0.00,1,,US,United States,10,0,0
kubernetes tekton,10,0,0,0,,7.00,7.00,0.00,1,,US,United States,10,0,0
sh sleep command,10,0,0,0,,7.00,7.00,0.00,1,,US,United States,10,0,0
convert json to csv jq,10,0,0,0,,6.00,8.00,2.00,1,,US,United States,10,0,0
sed global replace,10,0,0,0,,8.00,7.00,-1.00,1,,US,United States,10,0,0
dockerfile mysql,10,0,0,0,,14.50,7.00,-7.50,1,-1,DE,Germany,10,0,0
docker container volume,10,1,0,0,,5.00,7.00,2.00,1,,DE,Germany,10,0,0
makefile $<,20,,0,,,,11.00,,1,1,US,United States,20,0,
bash if conditions,70,0,,,,18.00,,,0,-1,US,United States,70,0,
docker host network,200,,0,,,,23.00,,1,1,US,United States,200,0,
how to create an rpm,20,,0,,,,11.00,,1,1,US,United States,20,0,
docker shared volume,20,0,,,,11.00,,,0,-1,DE,Germany,20,0,
psycopg2 tutorial,10,0,0,0,,8.00,7.00,-1.00,1,,US,United States,10,0,0
jq or,10,,0,,,,8.00,,1,1,US,United States,10,0,
bash range loop,10,0,0,0,,11.00,11.00,0.00,1,,US,United States,10,0,0
if else statements in bash,10,0,0,0,,10.00,10.00,0.00,1,,US,United States,10,0,0
concatenating lists python,10,0,0,0,,11.00,10.00,-1.00,1,,US,United States,10,0,0
sbom tool,250,0,0,0,,47.00,24.00,-23.00,1,,US,United States,250,0,0
canary deployment in kubernetes,10,0,0,0,,10.00,11.00,1.00,1,,US,United States,10,0,0
loop bash script,10,0,,,,10.00,,,0,-1,US,United States,10,0,
subprocess print output,10,0,0,0,,10.00,10.00,0.00,1,,US,United States,10,0,0
docker containerd,10,0,,,,10.00,,,0,-1,RU,Russian Federation,10,0,
lunars domain,20,0,0,0,,11.00,11.00,0.00,1,,US,United States,20,0,0
# bin/bash,0,0,0,0,,8.50,8.00,-0.50,4,2,GB,United Kingdom,0,0,0
how to make a make file,10,1,0,0,,8.00,9.00,1.00,1,,US,United States,10,0,0
npm and npx difference,200,1,0,0,,19.00,23.00,4.00,1,,IN,India,200,0,0
read a file line by line bash,10,,0,,,,9.00,,1,1,US,United States,10,0,
mac add brew to path,10,,0,,,,9.00,,1,1,US,United States,10,0,
pytest import fixture from another file,10,1,0,0,,7.00,9.00,2.00,1,,US,United States,10,0,0
terraform variables types,20,0,,,,11.00,,,0,-1,GB,United Kingdom,20,0,
kubernetes configmaps,20,0,,,,11.00,,,0,-1,DE,Germany,20,0,
bash for loops,80,,0,,,,8.00,,1,1,US,United States,80,0,
docker logs location,90,0,,,,20.00,,,0,-1,US,United States,90,0,
git lfs,11050,0,0,0,,29.00,31.67,2.67,6,,ID,Indonesia,11050,0,0
windows install ninja,10,1,0,0,,6.00,9.00,3.00,1,,US,United States,10,0,0
kubernetes config maps,10,0,0,0,,9.00,9.00,0.00,1,,DE,Germany,10,0,0
docker multiple from,10,1,0,0,,6.00,9.00,3.00,1,,DE,Germany,10,0,0
ecr container,10,0,0,0,,9.00,9.00,0.00,1,,US,United States,10,0,0
docker log files,10,3,0,-2,,8.67,9.00,0.33,1,-2,US,United States,10,0,-2
bazel clean build,10,0,0,0,,9.00,9.00,0.00,1,,US,United States,10,0,0
mongo docker container,10,0,0,0,,9.00,9.00,0.00,1,,US,United States,10,0,0
spinnaker vs kubernetes,10,0,0,0,,9.00,9.00,0.00,1,,US,United States,10,0,0
sleep bash command,10,0,,,,10.00,,,0,-1,US,United States,10,0,
poetry install optional dependencies,10,0,0,0,,9.00,9.00,0.00,1,,US,United States,10,0,0
what is volume in docker,10,0,0,0,,10.00,10.00,0.00,1,,IN,India,10,0,0
create makefile,10,0,0,0,,10.00,9.00,-1.00,1,,US,United States,10,0,0
pyscript example,10,0,,,,8.00,,,0,-1,US,United States,10,0,
how to create repo in linux,10,0,,,,8.00,,,0,-1,IN,India,10,0,
bin bash meaning,10,0,0,0,,8.00,9.00,1.00,1,,IN,India,10,0,0
merge list of lists python,10,0,0,0,,11.00,8.00,-3.00,1,,US,United States,10,0,0
configmap max size,10,0,,,,9.00,,,0,-1,US,United States,10,0,
docker vs chroot,10,0,0,0,,8.00,8.00,0.00,1,,US,United States,10,0,0
chi router golang,0,0,0,0,,5.00,5.00,0.00,1,,US,United States,0,0,0
check error type golang,0,0,0,0,,6.00,6.00,0.00,1,,US,United States,0,0,0
go chi router,0,0,0,0,,5.00,5.00,0.00,1,,US,United States,0,0,0
set-output deprecated,0,0,0,0,,5.00,5.00,0.00,1,,US,United States,0,0,0
dataclass vs namedtuple,0,0,0,0,,6.00,5.00,-1.00,1,,US,United States,0,0,0
golang mongodb example,0,0,0,0,,5.00,5.00,0.00,1,,US,United States,0,0,0
golang encrypt string,0,0,0,0,,3.00,5.00,2.00,1,,US,United States,0,0,0
ubuntu ninja,0,0,0,0,,5.00,5.00,0.00,1,,US,United States,0,0,0
rust macro rules,0,0,0,0,,4.50,4.50,0.00,2,,US,United States,0,0,0
create pip package,0,0,0,0,,6.00,5.00,-1.00,1,,US,United States,0,0,0
go check error type,10,0,0,0,,6.00,7.00,1.00,1,,US,United States,10,0,0
make a file in python,10,0,0,0,,7.00,7.00,0.00,1,,US,United States,10,0,0
find and replace with sed,10,0,0,0,,6.00,6.00,0.00,1,,US,United States,10,0,0
subprocess environment variables,10,0,0,0,,6.00,6.00,0.00,1,,US,United States,10,0,0
makefile env,10,0,0,0,,8.00,6.00,-2.00,1,,US,United States,10,0,0
python 3 abstract class,10,0,0,0,,5.00,6.00,1.00,1,,US,United States,10,0,0
dockerfile volume example,10,0,0,0,,9.00,8.50,-0.50,2,,RU,Russian Federation,10,0,0
beautifulsoup selenium,10,0,0,0,,10.00,10.00,0.00,1,,US,United States,10,0,0
from json to csv,20,0,,,,11.00,,,0,-1,ES,Spain,20,0,
json to csv mac,10,1,0,0,,6.00,10.00,4.00,1,,US,United States,10,0,0
python pretty print yaml,10,0,0,0,,10.00,10.00,0.00,1,,US,United States,10,0,0
pip setup.py,10,0,,,,10.00,,,0,-1,US,United States,10,0,
pyodide vs pyscript,10,0,0,0,,11.00,11.00,0.00,1,,US,United States,10,0,0
sleep shell,10,0,0,0,,11.00,11.00,0.00,1,,US,United States,10,0,0
makefile cxx,10,0,0,0,,10.00,10.00,0.00,1,,US,United States,10,0,0
docker pull where does it go,10,0,,,,11.00,,,0,-1,US,United States,10,0,
parsing yaml in python,10,0,,,,11.00,,,0,-1,US,United States,10,0,
go errors.is,10,0,,,,11.00,,,0,-1,US,United States,10,0,
load a csv file in python,10,0,0,0,,10.00,10.00,0.00,1,,US,United States,10,0,0
python write to yaml,10,0,0,0,,11.00,11.00,0.00,1,,US,United States,10,0,0
cross compile for raspberry pi,0,0,0,0,,2.00,2.00,0.00,1,,US,United States,0,0,0
concatenate list elements python,10,0,0,0,,10.00,9.00,-1.00,2,,US,United States,10,0,0
amazon ecs full form,50,0,,,,17.00,,,0,-1,IN,India,50,0,
install brew on mac m1,10,0,0,0,,7.60,8.67,1.07,3,-2,IN,India,10,0,0
pyyaml dump to file,10,0,0,0,,7.00,7.00,0.00,1,,US,United States,10,0,0
protobuf deprecate field,10,0,0,0,,9.00,7.00,-2.00,1,,US,United States,10,0,0
docker start portainer,10,0,0,0,,7.00,7.00,0.00,1,,US,United States,10,0,0
variables bash script,10,0,0,0,,9.00,7.00,-2.00,1,,US,United States,10,0,0
how to build python package,10,0,0,0,,8.00,7.00,-1.00,1,,US,United States,10,0,0
$@ makefile,10,0,0,0,,7.00,8.00,1.00,1,,US,United States,10,0,0
golang get error message,10,0,0,0,,8.00,7.00,-1.00,1,,US,United States,10,0,0
bash conditional assignment,10,0,0,0,,7.00,7.00,0.00,1,,US,United States,10,0,0
what is docker volumes,10,0,0,0,,8.00,8.00,0.00,1,,IN,India,10,0,0
python subprocess env,0,0,0,0,,6.00,6.00,0.00,1,,US,United States,0,0,0
arguments in shell script,10,1,0,0,,6.50,8.00,1.50,1,-1,US,United States,10,0,0
concatenate python list,10,0,0,0,,10.00,10.00,0.00,1,,US,United States,10,0,0
import yaml file python,10,0,0,0,,8.00,8.00,0.00,1,,US,United States,10,0,0
rust lifetimes explained,0,0,0,0,,3.00,3.00,0.00,1,,US,United States,0,0,0
earthly secrets,0,0,0,0,,4.00,4.00,0.00,1,,US,United States,0,0,0
python context manager exception,0,0,0,0,,8.00,4.00,-4.00,1,,US,United States,0,0,0
protobuf version compatibility,0,0,0,0,,4.00,4.00,0.00,1,,US,United States,0,0,0
docker portainer compose,0,0,0,0,,4.00,4.00,0.00,1,,RU,Russian Federation,0,0,0
create aws vpc using terraform,10,,0,,,,9.00,,1,1,IN,India,10,0,
dockerfile from multiple images,10,0,,,,9.00,,,0,-1,US,United States,10,0,
python reading csv files,10,0,,,,9.00,,,0,-1,US,United States,10,0,
errors golang,10,0,0,0,,8.00,9.00,1.00,1,-1,GB,United Kingdom,10,0,0
__match_args__,10,0,0,0,,9.00,9.00,0.00,1,,US,United States,10,0,0
poetry list dependencies,10,0,0,0,,9.00,9.00,0.00,1,,US,United States,10,0,0
yaml safe_load vs load,10,0,0,0,,11.00,9.00,-2.00,1,,US,United States,10,0,0
schroot container,10,0,0,0,,10.00,8.00,-2.00,1,,US,United States,10,0,0
syslog entry contains,10,0,,,,11.00,,,0,-1,US,United States,10,0,
cdktf import,10,,0,,,,10.00,,1,1,US,United States,10,0,
sed examples replace,10,0,,,,8.00,,,0,-1,US,United States,10,0,
k9s cheat sheet,80,0,0,0,,20.00,20.00,0.00,1,,US,United States,80,0,0
types of error in python,1200,0,0,0,,37.00,32.00,-5.00,1,,IN,India,1200,0,0
nginx mtls,10,10,0,-9,,7.50,10.00,2.50,1,-1,US,United States,10,0,-9
does python have abstract classes,10,0,,,,11.00,,,0,-1,US,United States,10,0,
where does docker build store images,10,1,0,0,,6.00,10.00,4.00,1,,US,United States,10,0,0
django post save,10,,0,,,,10.00,,1,1,US,United States,10,0,
canary kubernetes,10,0,0,0,,8.00,10.00,2.00,1,,US,United States,10,0,0
python dataclasses,900,1,0,-1,,25.00,29.50,4.50,2,1,US,United States,900,0,-1
golang remote debugging,10,0,0,0,,9.00,8.00,-1.00,1,,US,United States,10,0,0
loading csv file in python,10,0,0,0,,7.00,9.00,2.00,1,,IN,India,10,0,0
what is static linking,10,0,0,0,,6.00,9.00,3.00,1,,US,United States,10,0,0
python calculate cosine similarity,10,1,0,0,,5.00,9.00,4.00,1,,US,United States,10,0,0
g++ example,10,0,0,0,,8.00,8.00,0.00,1,,US,United States,10,0,0
securitycontext kubernetes,150,0,0,0,,23.00,23.00,0.00,1,,US,United States,150,0,0
docker buildx,2050,1,0,-1,,27.00,36.80,9.80,5,1,CA,Canada,2050,0,-1
yaml load vs safe_load,10,,0,,,,11.00,,1,1,US,United States,10,0,
bash script sleep command,10,,0,,,,10.00,,1,1,US,United States,10,0,
jq in,10,0,,,,9.00,,,0,-1,US,United States,10,0,
docker image contents,10,0,,,,11.00,,,0,-1,US,United States,10,0,
kubernetes configmap yaml,10,0,,,,11.00,,,0,-1,US,United States,10,0,
python install from setup.py,10,0,0,0,,10.00,11.00,1.00,1,,US,United States,10,0,0
makefile path,10,0,0,0,,9.00,11.00,2.00,1,,US,United States,10,0,0
numpy cosine similarity,100,0,0,0,,20.00,23.00,3.00,1,,US,United States,100,0,0
npx pnpm,0,0,0,0,,7.67,8.00,0.33,3,,US,United States,0,0,0
terraform variable type,20,0,,,,12.00,,,0,-1,DE,Germany,20,0,
git lfs commands,40,0,0,0,,17.00,17.00,0.00,1,,US,United States,40,0,0
pyinstaller package,10,0,0,0,,8.00,8.00,0.00,1,,US,United States,10,0,0
python base class abstract method,10,1,0,0,,5.00,8.00,3.00,1,,US,United States,10,0,0
jq one line per object,10,,0,,,,8.00,,1,1,US,United States,10,0,
what is jq,450,0,0,0,,22.00,22.00,0.00,1,,US,United States,450,0,0
logging basicconfig,200,0,0,0,,24.00,24.00,0.00,1,,US,United States,200,0,0
python abstractclassmethod,10,0,,,,10.00,,,0,-1,US,United States,10,0,
how to make python package,10,0,0,0,,12.00,9.00,-3.00,1,,US,United States,10,0,0
docker portainer install,10,0,,,,9.00,,,0,-1,ES,Spain,10,0,
bash load file into variable,10,,0,,,,9.00,,1,1,US,United States,10,0,
what is #!/bin/bash,10,0,0,0,,10.00,10.00,0.00,1,,US,United States,10,0,0
docker own registry,10,0,,,,9.00,,,0,-1,DE,Germany,10,0,
python3 abc,10,0,,,,9.00,,,0,-1,US,United States,10,0,
csv read python,10,0,0,0,,8.50,9.00,0.50,1,-1,DE,Germany,10,0,0
docker run postgres locally,10,0,0,0,,9.00,9.00,0.00,1,,US,United States,10,0,0
jq map example,10,0,0,0,,9.00,9.00,0.00,1,,US,United States,10,0,0
cpp flag,10,0,,,,9.00,,,0,-1,US,United States,10,0,
what is dynamic linking in os,10,0,0,0,,11.00,11.00,0.00,1,,IN,India,10,0,0
cloudbuild.yaml example,10,0,0,0,,10.00,10.00,0.00,1,,US,United States,10,0,0
python read yaml to dict,10,0,0,0,,9.00,11.00,2.00,1,-1,US,United States,10,0,0
multi stage builds docker,10,0,,,,11.00,,,0,-1,US,United States,10,0,
concat 2 list python,10,0,0,0,,7.00,10.00,3.00,1,,FR,France,10,0,0
route53 terraform,10,0,0,0,,10.00,10.00,0.00,1,,IN,India,10,0,0
terraform functions,800,0,0,0,,30.00,30.00,0.00,2,,IN,India,800,0,0
logger python,250,2,0,-2,,12.00,25.00,13.00,1,-1,US,United States,250,0,-2
k6 performance testing,900,0,,,,31.00,,,0,-1,IN,India,900,0,
makefile examples,0,0,0,0,,6.00,7.50,1.50,2,,GB,United Kingdom,0,0,0
docker log,250,0,0,0,,20.50,25.00,4.50,1,-1,FI,Finland,250,0,0
lerna tutorial,10,1,0,0,,6.00,7.00,1.00,1,-1,US,United States,10,0,0
bash script declare variable,10,0,0,0,,9.00,7.00,-2.00,1,,US,United States,10,0,0
load csv python,10,0,,,,7.00,,,0,-1,AU,Australia,10,0,
find and replace sed,10,0,0,0,,7.00,7.00,0.00,1,,US,United States,10,0,0
cmake gui windows,10,0,0,0,,7.00,7.00,0.00,1,,US,United States,10,0,0
bash constants,10,0,0,0,,7.00,7.00,0.00,1,,US,United States,10,0,0
bash sleep 10 seconds,10,,0,,,,7.00,,1,1,GB,United Kingdom,10,0,
makefile for windows,0,0,0,0,,7.00,7.00,0.00,1,,US,United States,0,0,0
python ast library,0,0,0,0,,5.00,6.00,1.00,1,,US,United States,0,0,0
how to run make on windows,0,0,0,0,,7.00,6.00,-1.00,1,,US,United States,0,0,0
bazel rust,0,0,0,0,,6.00,6.00,0.00,1,,US,United States,0,0,0
run makefile on windows,0,0,0,0,,6.00,6.00,0.00,1,,US,United States,0,0,0
make a python package,0,0,0,0,,7.00,6.00,-1.00,1,,US,United States,0,0,0
bash read from file into variable,0,0,0,0,,10.00,6.00,-4.00,1,,US,United States,0,0,0
pymongo create collection,0,0,0,0,,9.00,6.00,-3.00,1,,US,United States,0,0,0
pytest fixture yield,0,0,0,0,,7.00,7.00,0.00,1,,US,United States,0,0,0
read file in bash script,0,0,0,0,,6.00,6.00,0.00,1,,US,United States,0,0,0
open a csv file in python,0,0,0,0,,8.67,6.00,-2.67,1,-2,GB,United Kingdom,0,0,0
actions/download-artifact@v3,100,0,0,0,,3.50,3.38,-0.12,8,,US,United States,100,0,0
makefile tutorial,250,1,0,0,,22.00,27.00,5.00,1,,US,United States,250,0,0
namedtuple,900,0,0,0,,19.50,23.00,3.50,2,,RU,Russian Federation,900,0,0
conda make new environment,200,0,,,,24.00,,,0,-1,US,United States,200,0,
codespaces devcontainer,10,0,0,0,,11.00,11.00,0.00,1,,US,United States,10,0,0
grpc rest gateway,10,0,0,0,,11.00,11.00,0.00,1,,US,United States,10,0,0
for i in bash,10,,0,,,,11.00,,1,1,DE,Germany,10,0,
setup.py build,0,0,0,0,,3.00,3.00,0.00,1,,US,United States,0,0,0
sed find,0,0,0,0,,5.00,3.00,-2.00,1,,US,United States,0,0,0
makefile glob,0,0,0,0,,5.00,3.00,-2.00,1,,US,United States,0,0,0
bazel disable remote cache,0,0,0,0,,5.00,3.00,-2.00,1,,US,United States,0,0,0
golang zip file,0,0,0,0,,3.00,3.00,0.00,1,,US,United States,0,0,0
echo overwrite file,10,0,0,0,,7.00,8.00,1.00,1,,US,United States,10,0,0
mysql docker port,10,0,0,0,,9.00,8.00,-1.00,1,,US,United States,10,0,0
homebrew location,10,0,0,0,,11.00,8.00,-3.00,1,,US,United States,10,0,0
creating python packages,10,0,0,0,,7.00,9.00,2.00,1,,US,United States,10,0,0
ecs aws tutorial,10,0,0,0,,6.00,8.00,2.00,1,,IN,India,10,0,0
bash script read file into variable,10,0,0,0,,8.00,8.00,0.00,1,,US,United States,10,0,0
python script to read csv file,10,0,0,0,,8.00,8.00,0.00,1,,IN,India,10,0,0
py installer,10,,0,,,,8.00,,1,1,CA,Canada,10,0,
psycopg2 error handling,10,0,0,0,,5.00,8.00,3.00,1,,US,United States,10,0,0
cmake installer,10,0,0,0,,8.00,8.00,0.00,1,,US,United States,10,0,0
python package creation,10,0,0,0,,8.00,8.00,0.00,1,,US,United States,10,0,0
docker mysql port,10,0,0,0,,8.00,8.00,0.00,1,,US,United States,10,0,0
python join lists,10,0,,,,8.00,,,0,-1,SE,Sweden,10,0,
github actions env,350,,0,,,,33.50,,2,2,US,United States,350,0,
learn jq,10,0,0,0,,9.00,9.00,0.00,1,,US,United States,10,0,0
pytest fixture class,10,0,0,0,,10.00,10.00,0.00,1,,US,United States,10,0,0
dataclass python,3050,0,0,0,,38.25,36.71,-1.54,7,3,US,United States,3050,0,0
sed substitute regex,0,0,0,0,,5.50,6.50,1.00,2,,US,United States,0,0,0
sed only replace first match,20,0,0,0,,14.00,14.00,0.00,1,,US,United States,20,0,0
python setup.py build,0,0,0,0,,5.00,5.00,0.00,1,,US,United States,0,0,0
vite yarn,0,0,0,0,,5.00,5.00,0.00,1,,US,United States,0,0,0
python subprocess run environment variables,0,0,0,0,,8.00,5.00,-3.00,1,,US,United States,0,0,0
protobuf change field type,0,0,0,0,,5.00,5.00,0.00,1,,US,United States,0,0,0
makefile read environment variable,0,0,0,0,,6.00,5.00,-1.00,1,,US,United States,0,0,0
read a csv file python,0,0,0,0,,5.00,5.00,0.00,1,,FR,France,0,0,0
make a file python,0,0,0,0,,5.00,5.00,0.00,1,,US,United States,0,0,0
rust struct lifetime,0,0,0,0,,4.00,4.00,0.00,1,,US,United States,0,0,0
how to use docker volumes,10,0,0,0,,5.00,7.00,2.00,1,,US,United States,10,0,0
golang try catch,20,0,,,,14.00,,,0,-1,ID,Indonesia,20,0,
sed substitute,10,0,0,0,,11.00,10.00,-1.00,2,1,IT,Italy,10,0,0
yaml files python,10,1,0,-1,,3.00,10.00,7.00,1,,US,United States,10,0,-1
jq select not,10,0,0,0,,10.00,10.00,0.00,1,,US,United States,10,0,0
bash awk examples,10,1,0,0,,6.00,10.00,4.00,1,,US,United States,10,0,0
dockerfile network host,10,0,,,,10.00,,,0,-1,DE,Germany,10,0,
docker volume flag,10,0,0,0,,10.00,10.00,0.00,1,,US,United States,10,0,0
interview an engineer,10,0,0,0,,11.00,11.00,0.00,1,,US,United States,10,0,0
docker volume,3400,5,0,-4,,11.86,22.17,10.31,6,-1,RU,Russian Federation,3400,0,-4
yaml load from file,10,,0,,,,11.00,,1,1,US,United States,10,0,
import yaml python3,10,0,0,0,,6.00,6.00,0.00,1,,US,United States,10,0,0
make file variables,0,0,0,0,,1.00,1.00,0.00,1,,US,United States,0,0,0
ci vs cd,600,0,,,,29.00,,,0,-1,US,United States,600,0,
docker location,10,0,0,0,,11.00,11.00,0.00,1,,US,United States,10,0,0
configure make,10,0,,,,11.00,,,0,-1,US,United States,10,0,
docker compose volume,660,0,0,0,,39.00,28.75,-10.25,4,3,PT,Portugal,660,0,0
golang if err,10,0,0,0,,9.00,9.00,0.00,1,,US,United States,10,0,0
hacktoberfest 2020,10,0,0,0,,9.00,9.00,0.00,1,,IN,India,10,0,0
bash bin,10,0,0,0,,11.00,9.00,-2.00,1,,US,United States,10,0,0
psycopg2 exceptions,10,0,0,0,,9.00,9.00,0.00,1,,US,United States,10,0,0
what is a volume in docker,10,0,0,0,,7.00,9.00,2.00,1,,US,United States,10,0,0
linux unique,10,0,0,0,,9.00,9.00,0.00,1,,US,United States,10,0,0
jq search for value,10,0,0,0,,9.00,9.00,0.00,1,,US,United States,10,0,0
ruby alpine doesn't expose port,10,0,,,,9.00,,,0,-1,RU,Russian Federation,10,0,
yml python,10,0,0,0,,10.00,10.00,0.00,1,,US,United States,10,0,0
makefile for c++,10,0,,,,10.00,,,0,-1,US,United States,10,0,
cmd pushd,10,0,0,0,,9.00,9.00,0.00,1,,US,United States,10,0,0
gnu make automatic variables,10,0,0,0,,9.00,9.00,0.00,1,,US,United States,10,0,0
parse string bash,10,0,0,0,,6.00,9.00,3.00,1,,US,United States,10,0,0
join two lists in python,10,0,,,,9.00,,,0,-1,IN,India,10,0,
virtualenv create,10,0,0,0,,10.00,9.00,-1.00,1,,DE,Germany,10,0,0
jq doc,10,,0,,,,9.00,,1,1,FR,France,10,0,
yarn workspaces monorepo,10,,0,,,,9.00,,1,1,US,United States,10,0,
jq return multiple fields,10,0,0,0,,8.00,8.00,0.00,1,,US,United States,10,0,0
bash variable string,10,0,0,0,,8.00,8.00,0.00,1,,US,United States,10,0,0
namedtuple class,10,0,0,0,,8.00,8.00,0.00,1,,US,United States,10,0,0
what does echo do in bash,10,0,0,0,,9.00,9.00,0.00,1,,CA,Canada,10,0,0
docker compose volumes,4150,0,0,0,,35.00,36.90,1.90,10,6,RU,Russian Federation,4150,0,0
python abstract property,150,0,,,,22.00,,,0,-1,US,United States,150,0,
docker logs,5200,0,0,0,,33.83,31.12,-2.71,8,2,BR,Brazil,5200,0,0
kubernetes operator,1270,0,0,0,,43.33,51.75,8.42,4,1,FI,Finland,1270,0,0
127.0.0.1:8080:8080,10,0,0,0,,11.00,11.00,0.00,1,,US,United States,10,0,0
earthly github,0,0,0,0,,2.00,3.00,1.00,1,,US,United States,0,0,0
abstract class in python,820,0,0,0,,25.50,25.00,-0.50,2,,IN,India,820,0,0
fish terminal,200,0,,,,25.00,,,0,-1,US,United States,200,0,
sqlalchemy database,10,0,,,,12.00,,,0,-1,US,United States,10,0,
makefile syntax,0,0,0,0,,7.00,9.00,2.00,2,1,FR,France,0,0,0
bash print string,10,0,,,,11.00,,,0,-1,US,United States,10,0,
sed search replace,10,0,0,0,,8.00,9.00,1.00,1,,DE,Germany,10,0,0
google cloud build,150,0,0,0,,19.00,18.00,-1.00,1,,US,United States,150,0,0
bazel build,150,0,0,0,,23.00,23.00,0.00,1,,US,United States,150,0,0
golang errors as,10,0,0,0,,7.00,7.50,0.50,2,,RU,Russian Federation,10,0,0
echo $?,10,0,,,,11.00,,,0,-1,CA,Canada,10,0,
how to open csv files in python,10,0,,,,10.00,,,0,-1,US,United States,10,0,
how to read data from a csv file in python,10,0,,,,10.00,,,0,-1,US,United States,10,0,
mongodb in docker,10,0,0,0,,6.00,10.00,4.00,1,,RU,Russian Federation,10,0,0
docker mysql create database,10,0,,,,10.00,,,0,-1,US,United States,10,0,
docker lxc,10,0,,,,10.00,,,0,-1,RU,Russian Federation,10,0,
kubernetes containerd vs docker,10,0,,,,10.00,,,0,-1,US,United States,10,0,
create pypi package,10,0,,,,10.00,,,0,-1,US,United States,10,0,
python 3 yaml,10,0,0,0,,10.00,10.00,0.00,1,,US,United States,10,0,0
debian repository,10,0,0,0,,8.00,10.00,2.00,1,,IN,India,10,0,0
golang concurrency,200,,0,,,,26.00,,1,1,US,United States,200,0,
install homebrew on mac m1,10,0,0,0,,8.40,9.00,0.60,3,-2,US,United States,10,0,0
python dictconfig,0,0,0,0,,6.00,7.00,1.00,1,,US,United States,0,0,0
reading csv files in python,0,0,0,0,,8.00,7.00,-1.00,1,-1,GB,United Kingdom,0,0,0
docker compose ports not working,0,0,0,0,,6.00,7.00,1.00,1,,US,United States,0,0,0
python how to create a package,0,0,0,0,,6.00,7.00,1.00,1,,US,United States,0,0,0
npx for pnpm,0,0,0,0,,7.00,7.00,0.00,1,,US,United States,0,0,0
pyyaml load yaml file,0,0,,,,7.00,,,0,-1,US,United States,0,0,
what does # /bin/bash mean,0,0,0,0,,7.00,7.00,0.00,1,,US,United States,0,0,0
jq select contains string,0,0,0,0,,7.00,7.00,0.00,1,,US,United States,0,0,0
how to load a csv file in python,0,1,0,-1,,8.00,7.00,-1.00,1,-1,IN,India,0,0,-1
python concatenate lists of strings,10,0,0,0,,9.00,9.00,0.00,1,,US,United States,10,0,0
read a file in shell script,10,0,0,0,,9.00,8.00,-1.00,1,,US,United States,10,0,0
if then bash script,10,0,0,0,,8.00,9.00,1.00,1,,US,United States,10,0,0
golang error interface,10,1,0,-1,,9.00,8.00,-1.00,1,-1,US,United States,10,0,-1
concat list of lists python,10,0,0,0,,10.00,9.00,-1.00,1,,US,United States,10,0,0
makefile check if variable is set,10,0,0,0,,6.00,8.00,2.00,1,,US,United States,10,0,0
github action reuse steps,10,0,0,0,,6.00,8.00,2.00,1,,US,United States,10,0,0
gorm example,10,0,0,0,,7.00,8.00,1.00,1,,US,United States,10,0,0
rust generic struct,10,0,0,0,,7.00,9.00,2.00,1,,US,United States,10,0,0
install homebrew mac m1,0,1,0,0,,9.91,9.33,-0.58,3,-8,US,United States,0,0,0
makefile set variable in target,0,0,0,0,,2.00,4.00,2.00,1,,US,United States,0,0,0
add brew to path mac m1,0,0,0,0,,3.00,4.00,1.00,1,,US,United States,0,0,0
make cflags,0,0,0,0,,3.00,4.00,1.00,1,,US,United States,0,0,0
dockerfile run make,0,0,0,0,,4.00,4.00,0.00,1,,RU,Russian Federation,0,0,0
awk separator comma,0,0,0,0,,6.00,4.00,-2.00,1,,US,United States,0,0,0
awk split by comma,0,0,0,0,,5.00,4.00,-1.00,1,,US,United States,0,0,0
brew m1,0,0,0,0,,4.50,3.50,-1.00,2,,US,United States,0,0,0
github actions concurrency example,0,0,0,0,,3.00,4.00,1.00,1,,US,United States,0,0,0
python subprocess output to file,0,0,0,0,,3.00,4.00,1.00,1,,US,United States,0,0,0
golang unzip file,0,0,0,0,,4.00,4.00,0.00,1,,US,United States,0,0,0
makefile wildcard recursive,0,0,0,0,,4.00,4.00,0.00,1,,US,United States,0,0,0
jq select two fields,0,0,0,0,,4.00,4.00,0.00,1,,US,United States,0,0,0
how to use sed to replace text,0,,0,,,,4.00,,1,1,US,United States,0,0,
github actions cron,150,1,0,-1,,16.00,23.00,7.00,1,-1,GB,United Kingdom,150,0,-1
typeerror: called match pattern must be a type,10,0,0,0,,9.00,9.00,0.00,1,,US,United States,10,0,0
go dlv,10,,0,,,,9.00,,1,1,US,United States,10,0,
building a python package,10,0,,,,10.00,,,0,-1,US,United States,10,0,
string bash,10,0,,,,9.00,,,0,-1,FR,France,10,0,
apt install ninja,10,0,0,0,,9.00,9.00,0.00,1,,US,United States,10,0,0
cmake installation,10,0,0,0,,8.00,10.00,2.00,1,,US,United States,10,0,0
aws route53 terraform,10,0,,,,9.00,,,0,-1,US,United States,10,0,
visual studio make,10,0,0,0,,9.00,9.00,0.00,1,,US,United States,10,0,0
docker container volumes,10,0,0,0,,10.00,9.00,-1.00,1,,US,United States,10,0,0
makefile $$,10,0,0,0,,9.00,9.00,0.00,1,,US,United States,10,0,0
shell function,10,,0,,,,9.00,,1,1,PH,Philippines,10,0,
unix find and replace,10,,0,,,,10.00,,1,1,US,United States,10,0,
mongo container,10,0,0,0,,10.00,10.00,0.00,1,,US,United States,10,0,0
makefile print variable,0,0,0,0,,6.25,6.00,-0.25,4,,DE,Germany,0,0,0
git lfs pull,600,0,,,,30.00,,,0,-2,US,United States,600,0,
abstract class python,90,,0,,,,23.00,,1,1,IN,India,90,0,
rust macro tutorial,0,0,0,0,,5.00,5.00,0.00,1,,US,United States,0,0,0
creating python package,0,0,0,0,,6.00,7.00,1.00,1,,US,United States,0,0,0
powerlevel10k config,0,0,0,0,,6.00,6.00,0.00,1,,US,United States,0,0,0
configure ac,0,0,0,0,,6.00,7.00,1.00,1,,US,United States,0,0,0
create package python,0,0,0,0,,6.00,6.00,0.00,1,,US,United States,0,0,0
sed search,0,0,0,0,,6.00,6.00,0.00,1,,US,United States,0,0,0
jq select multiple values,0,0,0,0,,7.00,7.00,0.00,1,,US,United States,0,0,0
python read csv files,0,0,0,0,,6.00,6.00,0.00,1,,DE,Germany,0,0,0
bash variable manipulation,10,0,0,0,,10.00,8.00,-2.00,1,,US,United States,10,0,0
python csv file,10,0,,,,11.00,,,0,-1,DE,Germany,10,0,
blue green deployment database,10,1,0,0,,5.00,11.00,6.00,1,,US,United States,10,0,0
go module vs package,10,0,,,,12.00,,,0,-1,US,United States,10,0,
npm run vs npx,10,0,,,,11.00,,,0,-1,US,United States,10,0,
makefile set shell,10,0,0,0,,11.00,11.00,0.00,1,,US,United States,10,0,0
bash function arguments,200,0,0,0,,24.00,27.00,3.00,1,,US,United States,200,0,0
string in bash,10,0,0,0,,10.00,10.00,0.00,1,,US,United States,10,0,0
cache node modules github actions,10,0,0,0,,6.00,9.00,3.00,1,,US,United States,10,0,0
golang json api,10,0,,,,10.00,,,0,-1,US,United States,10,0,
pass variables to bash script,10,0,0,0,,8.00,10.00,2.00,1,,US,United States,10,0,0
sed regex example,10,0,,,,10.00,,,0,-1,US,United States,10,0,
terraform aws route 53,10,0,0,0,,11.00,10.00,-1.00,1,,US,United States,10,0,0
concatenate two lists,10,,0,,,,11.00,,1,1,IN,India,10,0,
throw error golang,10,0,0,0,,10.00,10.00,0.00,1,,US,United States,10,0,0
poetry tests,10,0,,,,10.00,,,0,-1,US,United States,10,0,
terraform route 53 record,20,0,0,0,,15.00,15.00,0.00,1,,US,United States,20,0,0
cmake tutorial,1890,0,0,0,,22.00,21.80,-0.20,5,,RU,Russian Federation,1890,0,0
create python virtualenv,450,0,0,0,,30.00,29.00,-1.00,1,,US,United States,450,0,0
make command in windows,0,0,0,0,,9.00,8.50,-0.50,2,,IN,India,0,0,0
sed replace pattern,0,0,0,0,,6.50,6.50,0.00,2,,US,United States,0,0,0
bash if or,350,0,0,0,,23.00,27.00,4.00,2,,CZ,Czech Republic,350,0,0
cloud build,510,0,0,0,,22.00,23.50,1.50,2,1,RU,Russian Federation,510,0,0
ecs aws,200,,0,,,,26.00,,1,1,PL,Poland,200,0,
act github actions,200,0,0,0,,29.00,25.00,-4.00,1,,US,United States,200,0,0
python @dataclass,250,0,0,0,,27.00,27.00,0.00,1,,US,United States,250,0,0
pytest conftest,200,1,0,-1,,19.00,26.00,7.00,1,,US,United States,200,0,-1
subprocess stdout,10,0,0,0,,11.00,11.00,0.00,1,,US,United States,10,0,0
what is error in python,200,0,0,0,,27.00,27.00,0.00,1,,IN,India,200,0,0
python logging module,400,,0,,,,29.00,,1,1,US,United States,400,0,
read file into variable bash,10,0,,,,11.00,,,0,-1,US,United States,10,0,
go package vs module,10,0,,,,12.00,,,0,-1,US,United States,10,0,
completedprocess,10,0,0,0,,11.00,9.00,-2.00,1,,US,United States,10,0,0
jq documentation,10,,0,,,,9.00,,1,1,GB,United Kingdom,10,0,
docker rails,10,0,0,0,,9.00,9.00,0.00,1,,DE,Germany,10,0,0
concat lists,10,0,0,0,,8.00,9.00,1.00,1,,DE,Germany,10,0,0
are named tuples mutable,10,0,,,,10.00,,,0,-1,US,United States,10,0,
rails docker,0,0,0,0,,8.50,8.00,-0.50,1,-1,RU,Russian Federation,0,0,0
poetry path dependency,0,0,0,0,,8.00,8.00,0.00,1,,US,United States,0,0,0
python3 named tuple,0,0,0,0,,8.00,8.00,0.00,1,,US,United States,0,0,0
golang server example,0,0,,,,8.00,,,0,-1,US,United States,0,0,
linux echo tab,0,0,0,0,,10.00,8.00,-2.00,1,,US,United States,0,0,0
delve go,0,0,0,0,,9.00,8.00,-1.00,1,,US,United States,0,0,0
what is go.work,0,0,0,0,,9.00,8.00,-1.00,1,,US,United States,0,0,0
opening csv file in python,0,0,0,0,,8.00,8.00,0.00,1,,IN,India,0,0,0
make install windows,0,0,0,0,,9.67,8.00,-1.67,2,-1,IN,India,0,0,0
yum install rpmbuild,0,0,0,0,,8.00,8.00,0.00,1,,US,United States,0,0,0
kubescape install,0,0,0,0,,8.00,8.00,0.00,1,,US,United States,0,0,0
pytest fixture in class,0,0,,,,8.00,,,0,-1,US,United States,0,0,
read file shell script,0,0,0,0,,9.00,8.00,-1.00,1,,US,United States,0,0,0
cmake download windows,0,0,0,0,,9.00,8.00,-1.00,1,,US,United States,0,0,0
command line tools,1100,0,0,0,,46.00,42.00,-4.00,2,,IN,India,1100,0,0
import csv file python,0,0,0,0,,9.75,9.00,-0.75,2,-2,GB,United Kingdom,0,0,0
makefile override variable,0,0,0,0,,8.00,5.00,-3.00,1,,US,United States,0,0,0
lflags,0,0,0,0,,6.00,5.00,-1.00,1,,US,United States,0,0,0
jq get field,0,0,0,0,,5.00,5.00,0.00,1,,US,United States,0,0,0
download cmake windows,0,0,0,0,,4.00,5.00,1.00,1,,US,United States,0,0,0
linux find replace,0,,0,,,,5.00,,1,1,US,United States,0,0,
bash built in variables,0,0,0,0,,5.00,5.00,0.00,1,,US,United States,0,0,0
homebrew m1 mac,0,0,0,0,,5.00,5.00,0.00,1,,US,United States,0,0,0
makefile check if environment variable is set,0,0,0,0,,5.00,5.00,0.00,1,,US,United States,0,0,0
subprocess run env,0,0,0,0,,3.00,5.00,2.00,1,,US,United States,0,0,0
go terminal ui,0,0,0,0,,3.00,5.00,2.00,1,,US,United States,0,0,0
sed find and replace in file,0,0,0,0,,7.00,6.00,-1.00,1,,US,United States,0,0,0
bazel golang,0,0,0,0,,5.00,5.00,0.00,1,,US,United States,0,0,0
golang csv to struct,0,0,0,0,,5.00,5.00,0.00,1,,US,United States,0,0,0
bazel javascript,0,0,0,0,,5.00,5.00,0.00,1,,US,United States,0,0,0
cmake command not found windows,0,0,0,0,,5.00,5.00,0.00,1,,US,United States,0,0,0
sqllite golang,0,0,0,0,,5.00,5.00,0.00,1,,US,United States,0,0,0
bash pass variable to command,0,0,0,0,,5.00,5.00,0.00,1,,US,United States,0,0,0
uninstall powerlevel10k,0,0,0,0,,5.00,5.00,0.00,1,,US,United States,0,0,0
go error,10,0,,,,10.00,,,0,-1,CA,Canada,10,0,
bash expression evaluation,10,0,0,0,,8.00,11.00,3.00,1,,US,United States,10,0,0
how to read csv in python,10,1,0,0,,11.00,10.00,-1.00,1,-1,IN,India,10,0,0
combine two lists in python,10,0,0,0,,11.00,11.00,0.00,1,,IN,India,10,0,0
jq has,10,,0,,,,10.00,,1,1,US,United States,10,0,
minikube vs docker desktop,10,0,,,,10.00,,,0,-1,CA,Canada,10,0,
how will you load a .csv file in python?,10,0,0,0,,10.00,10.00,0.00,1,,IN,India,10,0,0
dockerfile rails,10,0,,,,10.00,,,0,-1,US,United States,10,0,
shell read file,10,0,0,0,,10.00,10.00,0.00,1,,DE,Germany,10,0,0
rancher blog,10,0,0,0,,10.00,10.00,0.00,1,,US,United States,10,0,0
concat two list in python,10,0,0,0,,9.00,10.00,1.00,1,,IN,India,10,0,0
pyinstaller python,10,1,0,-1,,5.00,10.00,5.00,1,,ES,Spain,10,0,-1
cargo workspaces,10,0,0,0,,10.00,10.00,0.00,1,,US,United States,10,0,0
rpm server,10,0,,,,11.00,,,0,-1,US,United States,10,0,
concatenate two list in python,10,0,,,,11.00,,,0,-1,IN,India,10,0,
cdktf aws provider,10,0,,,,10.00,,,0,-1,US,United States,10,0,
python uv,7500,0,0,0,,41.00,42.00,1.00,1,,US,United States,7500,0,0
makefile assign variable,0,0,0,0,,3.00,3.00,0.00,1,,US,United States,0,0,0
bazel python tutorial,0,0,0,0,,2.00,2.00,0.00,1,,US,United States,0,0,0
ldflags makefile,0,0,0,0,,2.00,2.00,0.00,1,,US,United States,0,0,0
awk comma separated,0,0,0,0,,2.00,2.00,0.00,1,,US,United States,0,0,0
makefile ldflags,0,0,0,0,,2.00,2.00,0.00,1,,US,United States,0,0,0
homebrew install mac m1,0,0,0,0,,8.00,9.33,1.33,3,1,US,United States,0,0,0
python create a package,0,0,0,0,,7.00,7.00,0.00,1,,US,United States,0,0,0
github actions pass environment variables to reusable workflow,0,0,0,0,,7.00,7.00,0.00,1,,US,United States,0,0,0
rust parallelism,0,0,0,0,,8.00,7.00,-1.00,1,,US,United States,0,0,0
setup.py build wheel,0,,0,,,,8.00,,1,1,US,United States,0,0,
bash string,0,1,0,-1,,9.67,7.00,-2.67,1,-2,US,United States,0,0,-1
linux echo komutu,0,0,0,0,,7.00,7.00,0.00,1,,TR,Turkey,0,0,0
poetry development dependencies,0,0,0,0,,8.00,8.00,0.00,1,,US,United States,0,0,0
p10k zsh,0,0,0,0,,7.00,7.00,0.00,1,,US,United States,0,0,0
how to create a make file,0,0,,,,8.00,,,0,-1,US,United States,0,0,
powerline10k,70,1,0,-1,,3.83,4.50,0.67,6,,DE,Germany,70,0,-1
sql alchemy query,10,0,,,,9.00,,,0,-1,US,United States,10,0,
shell function arguments,10,0,0,0,,7.00,9.00,2.00,1,,US,United States,10,0,0
github action cache node_modules,10,0,0,0,,8.00,9.00,1.00,1,,US,United States,10,0,0
go errors package,0,0,0,0,,9.00,8.00,-1.00,1,,US,United States,0,0,0
python subprocess arguments,0,0,0,0,,9.00,8.00,-1.00,1,,US,United States,0,0,0
sed replace string in file,250,1,0,-1,,17.00,26.00,9.00,1,,US,United States,250,0,-1
what are volumes in docker,10,0,0,0,,11.00,11.00,0.00,1,,US,United States,10,0,0
dataclasses python,250,,0,,,,28.00,,1,1,US,United States,250,0,
jq count items,30,0,0,0,,21.00,21.00,0.00,2,,US,United States,30,0,0
protobuf buf,10,0,0,0,,10.00,13.00,3.00,1,,US,United States,10,0,0
staff developer meaning,10,0,,,,11.00,,,0,-1,CA,Canada,10,0,
docker from as builder,10,0,,,,11.00,,,0,-1,US,United States,10,0,
makefile escape dollar,10,,0,,,,11.00,,1,1,US,United States,10,0,
npx vs yarn,10,0,0,0,,11.00,10.00,-1.00,1,,US,United States,10,0,0
jq if value equals,10,0,0,0,,9.00,10.00,1.00,1,,US,United States,10,0,0
python write dict to yaml,10,,0,,,,11.00,,1,1,US,United States,10,0,
strings in bash,10,0,0,0,,11.00,11.00,0.00,1,,US,United States,10,0,0
echo in command line,10,0,0,0,,11.00,11.00,0.00,1,,US,United States,10,0,0
named tuple,300,2,0,-2,,18.50,29.00,10.50,1,-1,DE,Germany,300,0,-2
kind vs minikube,200,0,0,0,,24.00,27.00,3.00,1,,US,United States,200,0,0
playwright api testing,550,1,0,-1,,25.00,31.50,6.50,2,,US,United States,550,0,-1
@echo command,10,0,0,0,,11.00,11.00,0.00,1,,US,United States,10,0,0
docker vs vagrant,10,0,0,0,,9.50,10.00,0.50,1,-1,CA,Canada,10,0,0
bazel nodejs,0,0,0,0,,3.00,3.00,0.00,1,,US,United States,0,0,0
aws_ecs_service terraform,60,,0,,,,22.00,,1,1,US,United States,60,0,
github action env variables,100,0,0,0,,24.00,24.00,0.00,1,,US,United States,100,0,0
download cmake,0,0,0,0,,9.50,9.00,-0.50,2,,GB,United Kingdom,0,0,0
macos containers,150,0,,,,25.00,,,0,-1,US,United States,150,0,
python read csv,4650,5,0,-5,,10.33,13.71,3.38,7,-5,SE,Sweden,4650,0,-5
pyyaml docs,40,0,0,0,,19.00,19.00,0.00,1,,US,United States,40,0,0
aws networking services,300,0,,,,28.00,,,0,-1,US,United States,300,0,
jq print two fields,0,0,,,,9.00,,,0,-1,US,United States,0,0,
cmake ninja install,0,0,0,0,,9.00,9.00,0.00,1,,US,United States,0,0,0
build a python package,0,0,,,,9.00,,,0,-1,US,United States,0,0,
python import csv,0,0,0,0,,10.50,9.00,-1.50,1,-1,BR,Brazil,0,0,0
golang return new error,0,0,0,0,,7.00,9.00,2.00,1,,US,United States,0,0,0
go gorm,0,1,0,0,,7.50,9.00,1.50,1,-1,ID,Indonesia,0,0,0
lifetimes rust,0,0,0,0,,11.00,10.00,-1.00,1,,US,United States,0,0,0
subprocess.call python,0,,0,,,,9.00,,1,1,DE,Germany,0,0,
error interface golang,0,0,0,0,,9.00,9.00,0.00,1,,US,United States,0,0,0
golang err,0,0,,,,9.00,,,0,-1,US,United States,0,0,
# /bin/bash in shell script,0,,0,,,,9.00,,1,1,IN,India,0,0,
docker data volume,0,0,0,0,,9.00,9.00,0.00,1,,US,United States,0,0,0
awk csv column,0,0,0,0,,10.00,9.00,-1.00,1,,US,United States,0,0,0
starship vs powerlevel10k,10,0,,,,11.00,,,0,-1,US,United States,10,0,
go error interface,10,,0,,,,10.00,,1,1,US,United States,10,0,
go err,10,0,0,0,,10.00,10.00,0.00,1,,US,United States,10,0,0
aws_vpc terraform,10,,0,,,,10.00,,1,1,CA,Canada,10,0,
golang custom errors,10,0,,,,10.00,,,0,-1,RU,Russian Federation,10,0,
bash read variable from file,10,0,0,0,,10.00,10.00,0.00,1,,DE,Germany,10,0,0
go server example,10,0,,,,10.00,,,0,-1,US,United States,10,0,
run make on windows,0,0,0,0,,6.00,6.00,0.00,1,,US,United States,0,0,0
cmake on windows,0,0,0,0,,5.00,6.00,1.00,1,,US,United States,0,0,0
read csv files python,0,0,0,0,,6.00,6.00,0.00,1,,DE,Germany,0,0,0
python package setup,0,0,0,0,,7.00,6.00,-1.00,1,,US,United States,0,0,0
bazel rules_docker,0,0,0,0,,6.00,6.00,0.00,1,,US,United States,0,0,0
how to download cmake,0,0,0,0,,6.00,7.00,1.00,1,,US,United States,0,0,0
python psycopg2 example,0,0,0,0,,6.00,6.00,0.00,1,,US,United States,0,0,0
lifetime rust,0,0,0,0,,9.00,7.00,-2.00,1,,US,United States,0,0,0
cmake gcc,0,0,0,0,,6.00,6.00,0.00,1,,US,United States,0,0,0
macro rules rust,0,0,0,0,,8.00,6.00,-2.00,1,,US,United States,0,0,0
python setup.py build wheel,0,0,0,0,,7.00,6.00,-1.00,1,,US,United States,0,0,0
bazel go,0,0,0,0,,6.00,6.00,0.00,1,,US,United States,0,0,0
brew mac m1,0,0,0,0,,8.50,6.00,-2.50,1,-1,US,United States,0,0,0
your homebrew's prefix is not /opt/homebrew,0,0,0,0,,7.00,7.00,0.00,1,,US,United States,0,0,0
dockerfile create volume,10,0,0,0,,10.00,11.00,1.00,1,,US,United States,10,0,0
jenkins deploy,10,0,,,,11.00,,,0,-1,DE,Germany,10,0,
concatenate a list,10,0,,,,11.00,,,0,-1,US,United States,10,0,
makefile local variable,0,0,0,0,,2.00,3.00,1.00,1,,US,United States,0,0,0
invalid operation: cannot indirect,0,0,0,0,,4.00,3.00,-1.00,1,,US,United States,0,0,0
bazel build python,0,0,0,0,,2.00,3.00,1.00,1,,US,United States,0,0,0
how to install cmake windows,0,0,0,0,,4.00,4.00,0.00,1,,US,United States,0,0,0
bazel for python,0,0,0,0,,3.00,3.00,0.00,1,,US,United States,0,0,0
how to use cmake on windows,0,0,0,0,,3.00,3.00,0.00,1,,US,United States,0,0,0
dasel json to csv,0,0,0,0,,3.00,3.00,0.00,1,,US,United States,0,0,0
linux syslog,150,1,0,-1,,14.00,25.00,11.00,1,,US,United States,150,0,-1
jq filter fields,0,0,0,0,,7.00,7.00,0.00,1,,US,United States,0,0,0
homebrew location mac,0,0,0,0,,8.00,9.00,1.00,1,,US,United States,0,0,0
where is homebrew installed,0,0,0,0,,11.00,9.00,-2.00,1,,US,United States,0,0,0
travis ci open source,0,0,0,0,,8.00,8.00,0.00,1,,US,United States,0,0,0
yaml.dump to file,0,0,0,0,,8.00,8.00,0.00,1,,US,United States,0,0,0
where is brew installed on mac,0,0,,,,9.00,,,0,-1,US,United States,0,0,
errors.new golang,0,0,0,0,,8.00,8.00,0.00,1,,US,United States,0,0,0
what does /bin/bash do,0,0,0,0,,11.00,8.00,-3.00,1,,US,United States,0,0,0
opening a csv file in python,0,0,0,0,,8.00,8.00,0.00,1,,IN,India,0,0,0
docker volume tutorial,0,0,0,0,,6.50,8.00,1.50,1,-1,US,United States,0,0,0
make special variables,0,0,0,0,,7.00,8.00,1.00,1,,US,United States,0,0,0
golang get error type,0,0,0,0,,6.00,8.00,2.00,1,,US,United States,0,0,0
pytest yield fixture,0,0,,,,9.00,,,0,-1,US,United States,0,0,
run mysql docker,0,0,,,,8.00,,,0,-1,BR,Brazil,0,0,
bash run string as command,0,0,,,,8.00,,,0,-1,US,United States,0,0,
golang webserver,0,0,0,0,,8.00,8.00,0.00,1,,GB,United Kingdom,0,0,0
golang chi middleware,0,0,0,0,,8.00,8.00,0.00,1,,US,United States,0,0,0
bash string parsing,0,0,0,0,,8.00,8.00,0.00,1,,US,United States,0,0,0
python mutable namedtuple,0,0,0,0,,5.00,9.00,4.00,1,,US,United States,0,0,0
unix eval,0,0,0,0,,9.00,9.00,0.00,1,,US,United States,0,0,0
psycopg2.connect example,0,0,0,0,,8.00,9.00,1.00,1,,US,United States,0,0,0
how to package python code,10,0,0,0,,10.00,10.00,0.00,1,,US,United States,10,0,0
concat list in python,10,0,0,0,,11.00,11.00,0.00,1,,US,United States,10,0,0
the echo command:,10,0,0,0,,6.00,11.00,5.00,1,,US,United States,10,0,0
virtualenv create env,10,0,,,,14.00,,,0,-1,RU,Russian Federation,10,0,
bazel dependency graph,0,0,0,0,,8.00,9.00,1.00,1,,US,United States,0,0,0
terraform plan,700,0,0,0,,30.00,35.50,5.50,2,1,IN,India,700,0,0
is subprocess built in python,10,,0,,,,11.00,,1,1,US,United States,10,0,
terraform apply,350,0,0,0,,35.00,30.00,-5.00,1,,US,United States,350,0,0
docker grafana,350,0,0,0,,27.00,36.00,9.00,2,1,RU,Russian Federation,350,0,0
github actions set environment variables,200,0,0,0,,28.00,28.00,0.00,1,,US,United States,200,0,0
concatenate two list python,0,0,0,0,,10.00,9.00,-1.00,1,,US,United States,0,0,0
linux string manipulation,0,0,0,0,,7.00,8.00,1.00,1,,US,United States,0,0,0
jq get two fields,0,,0,,,,8.00,,1,1,US,United States,0,0,
golang errors.as,0,3,0,-3,,8.00,8.50,0.50,2,-1,US,United States,0,0,-3
docker build dockerfile,800,0,0,0,,34.33,36.50,2.17,4,1,DE,Germany,800,0,0
how to write makefile,0,0,,,,8.00,,,0,-1,US,United States,0,0,
pytest fixture scope,350,0,0,0,,27.00,31.00,4.00,1,,US,United States,350,0,0
github merge queue,1000,0,0,0,,29.50,34.50,5.00,2,,US,United States,1000,0,0
jq count,150,1,0,-1,,17.00,27.00,10.00,1,,US,United States,150,0,-1
pnpm equivalent of npx,10,0,0,0,,12.00,12.00,0.00,1,,US,United States,10,0,0
automated tasks linux,10,0,,,,11.00,,,0,-1,DE,Germany,10,0,
ninja c++,10,0,,,,12.00,,,0,-1,US,United States,10,0,
is travis ci free,10,0,0,0,,11.00,11.00,0.00,1,,US,United States,10,0,0
go modules vs packages,10,0,,,,11.00,,,0,-1,US,United States,10,0,
travis ci free,10,0,0,0,,11.00,11.00,0.00,1,,US,United States,10,0,0
golang error types,0,0,0,0,,7.00,11.00,4.00,1,,US,United States,0,0,0
github actions cache node_modules,0,0,0,0,,10.00,10.00,0.00,1,,DE,Germany,0,0,0
jq get top level keys,0,0,,,,10.00,,,0,-1,US,United States,0,0,
conditional statement in linux,0,,0,,,,10.00,,1,1,IN,India,0,0,
how to import a csv file into python,0,0,0,0,,10.00,10.00,0.00,1,,CA,Canada,0,0,0
errors as golang,0,0,,,,10.00,,,0,-1,US,United States,0,0,
how to concatenate two list in python,0,0,0,0,,11.00,11.00,0.00,1,,IN,India,0,0,0
abstract method in python,400,,0,,,,33.00,,1,1,IN,India,400,0,
makefiles,200,0,,,,28.00,,,0,-1,US,United States,200,0,
deployment strategies,16300,0,0,0,,47.00,51.20,4.20,5,2,US,United States,16300,0,0
argo ci cd,150,0,,,,26.00,,,0,-1,US,United States,150,0,
python poetry groups,0,0,0,0,,7.00,7.00,0.00,1,,US,United States,0,0,0
pass variable to shell script,0,0,0,0,,5.00,7.00,2.00,1,,US,United States,0,0,0
bazel no cache,0,0,0,0,,7.00,7.00,0.00,1,,US,United States,0,0,0
dockerfile volume command,0,0,0,0,,7.00,7.00,0.00,1,,CA,Canada,0,0,0
gorm examples,0,0,0,0,,7.00,7.00,0.00,1,,US,United States,0,0,0
docker in vscode,0,0,0,0,,7.00,7.00,0.00,1,,US,United States,0,0,0
netlify functions example,0,0,0,0,,7.00,7.00,0.00,1,,US,United States,0,0,0
jq any,0,,0,,,,7.00,,1,1,US,United States,0,0,
awk field separator comma,0,0,0,0,,7.00,7.00,0.00,1,,US,United States,0,0,0
encrypt file with ssh key,0,0,0,0,,7.00,7.00,0.00,1,,ZA,South Africa,0,0,0
how will you load a csv file in python,0,0,0,0,,7.00,7.00,0.00,1,,IN,India,0,0,0
windows run makefile,0,0,0,0,,8.00,8.00,0.00,1,,US,United States,0,0,0
man capabilities,0,0,0,0,,7.00,7.00,0.00,1,,US,United States,0,0,0
npm vs npx vs yarn,0,0,0,0,,7.00,7.00,0.00,1,,US,United States,0,0,0
docker alternatives,1050,0,0,0,,64.00,53.00,-11.00,2,1,US,United States,1050,0,0
django cache,100,0,0,0,,26.00,26.00,0.00,1,,US,United States,100,0,0
python bazel,0,0,0,0,,4.00,4.00,0.00,1,,US,United States,0,0,0
make define variable,0,0,0,0,,4.00,4.00,0.00,1,,US,United States,0,0,0
wildcard in makefile,0,0,0,0,,5.00,4.50,-0.50,2,,US,United States,0,0,0
rust parallel programming,0,0,0,0,,6.00,4.00,-2.00,1,,US,United States,0,0,0
jq select fields from array of objects,0,0,0,0,,4.00,4.00,0.00,1,,US,United States,0,0,0
cmake windows install,0,0,0,0,,4.00,6.00,2.00,2,,RU,Russian Federation,0,0,0
makefile recursive wildcard,0,0,0,0,,4.00,4.00,0.00,1,,US,United States,0,0,0
find and sed,0,0,0,0,,5.00,4.00,-1.00,1,,US,United States,0,0,0
bazel rules docker,0,0,0,0,,4.00,4.00,0.00,1,,US,United States,0,0,0
what does #!/bin/bash do,0,0,0,0,,11.00,9.00,-2.00,1,,US,United States,0,0,0
python postgresql psycopg2,0,0,,,,9.00,,,0,-1,US,United States,0,0,
linux get unique lines,0,0,0,0,,9.00,9.00,0.00,1,,US,United States,0,0,0
read from csv python,0,0,0,0,,5.00,9.00,4.00,1,,CA,Canada,0,0,0
golang tview,0,0,,,,9.00,,,0,-1,US,United States,0,0,
apt repository,0,0,0,0,,10.00,10.00,0.00,1,,IN,India,0,0,0
bash use variable,0,,0,,,,9.00,,1,1,DE,Germany,0,0,
awk examples in linux,0,0,,,,9.00,,,0,-1,IN,India,0,0,
make python package,0,0,0,0,,9.00,10.00,1.00,1,,US,United States,0,0,0
abstract attribute python,0,0,0,0,,9.00,9.00,0.00,1,,US,United States,0,0,0
jq select multiple fields same line,0,0,0,0,,9.00,9.00,0.00,1,,US,United States,0,0,0
proto reserved,0,0,0,0,,12.00,8.00,-4.00,1,,US,United States,0,0,0
go to chi,0,0,0,0,,6.00,8.00,2.00,1,,US,United States,0,0,0
echo > vs >>,0,0,0,0,,7.00,9.00,2.00,1,,US,United States,0,0,0
flux cd,250,,0,,,,29.00,,1,1,US,United States,250,0,
concat python list,0,0,0,0,,11.00,11.00,0.00,1,,US,United States,0,0,0
docker hub mongo,20,0,,,,18.00,,,0,-1,DE,Germany,20,0,
bash loop over range,10,0,0,0,,17.00,17.00,0.00,1,,US,United States,10,0,0
makefile print all variables,0,0,0,0,,6.00,6.00,0.00,1,,US,United States,0,0,0
k3s vs minikube,100,,0,,,,26.00,,1,1,US,United States,100,0,
python logging example,210,0,0,0,,29.50,25.00,-4.50,2,,IL,Israel,210,0,0
dockerhub mongodb,10,0,,,,13.00,,,0,-1,PL,Poland,10,0,
install homebrew m1,0,0,0,0,,7.50,7.50,0.00,2,,DE,Germany,0,0,0
sed replace command,0,,0,,,,9.00,,1,1,US,United States,0,0,
simple makefile c++,0,0,0,0,,7.00,9.00,2.00,1,,US,United States,0,0,0
how to install cmake on windows,0,0,0,0,,5.00,6.00,1.00,1,,US,United States,0,0,0
poetry build,0,0,0,0,,8.00,9.50,1.50,2,1,CA,Canada,0,0,0
python subprocess capture output,0,0,0,0,,8.00,9.50,1.50,2,,GB,United Kingdom,0,0,0
create python virtual environment,350,,0,,,,32.00,,1,1,IN,India,350,0,
ecr aws,1000,0,0,0,,22.00,36.00,14.00,2,1,US,United States,1000,0,0
makefile install,0,,0,,,,11.00,,1,1,RU,Russian Federation,0,0,
concatenating lists in python,0,0,0,0,,11.00,11.00,0.00,1,,IN,India,0,0,0
c++ make,0,0,,,,11.00,,,0,-1,DE,Germany,0,0,
subprocess.run capture output,0,,0,,,,12.00,,1,1,US,United States,0,0,
mono repo vs poly repo,0,0,,,,12.00,,,0,-1,US,United States,0,0,
gorm postgres,0,0,,,,12.00,,,0,-1,IN,India,0,0,
linux autoconf,0,,0,,,,12.00,,1,1,US,United States,0,0,
docker volume command,0,0,,,,11.00,,,0,-1,CA,Canada,0,0,
how to create a repository in linux,0,0,,,,11.00,,,0,-1,IN,India,0,0,
subprocess python,2620,0,0,0,,18.00,19.29,1.29,7,3,TR,Turkey,2620,0,0
conda create environment,800,0,0,0,,35.00,43.67,8.67,3,2,AU,Australia,800,0,0
logging dictconfig,0,0,0,0,,7.00,8.00,1.00,1,,US,United States,0,0,0
how to install make on windows,0,,0,,,,8.00,,1,1,CA,Canada,0,0,
awk and,0,,0,,,,8.00,,1,1,US,United States,0,0,
psycopg2 execute,0,0,,,,8.00,,,0,-1,US,United States,0,0,
macros in rust,0,0,0,0,,9.00,8.00,-1.00,1,,US,United States,0,0,0
homebrew install path,0,0,0,0,,7.00,9.00,2.00,1,,US,United States,0,0,0
errors package golang,0,0,0,0,,8.00,8.00,0.00,1,,US,United States,0,0,0
docker volume là gì,0,,0,,,,8.00,,1,1,VN,Vietnam,0,0,
aws ecs,150,0,0,0,,21.00,29.00,8.00,1,,VN,Vietnam,150,0,0
python logging format,300,0,0,0,,32.00,32.00,0.00,1,,US,United States,300,0,0
portainer ce,350,,0,,,,31.00,,1,1,US,United States,350,0,
csv to json cli,0,0,,,,5.00,,,0,-1,US,United States,0,0,
container_image bazel,0,0,0,0,,6.00,6.00,0.00,1,,US,United States,0,0,0
golang go.work,0,0,0,0,,7.00,5.00,-2.00,1,,US,United States,0,0,0
gcc ldflags,0,0,0,0,,5.00,5.00,0.00,1,,US,United States,0,0,0
brew apple silicon,0,0,0,0,,5.00,5.00,0.00,1,,US,United States,0,0,0
make flags linux,0,0,0,0,,2.00,5.00,3.00,1,,US,United States,0,0,0
gnu make variables,0,0,0,0,,5.00,5.00,0.00,1,,US,United States,0,0,0
bazel python example,0,0,0,0,,2.00,5.00,3.00,1,,US,United States,0,0,0
install uv,6000,0,,,,45.00,,,0,-1,US,United States,6000,0,
errors in golang,0,0,0,0,,10.00,10.00,0.00,1,,IN,India,0,0,0
brew install location,0,0,,,,11.00,,,0,-1,US,United States,0,0,
pytest yield,0,0,0,0,,12.00,11.00,-1.00,1,,US,United States,0,0,0
what does # /bin/bash do,0,0,0,0,,10.00,10.00,0.00,1,,US,United States,0,0,0
poetry add to dev dependencies,0,0,0,0,,11.00,11.00,0.00,1,,US,United States,0,0,0
"echo ""::set-output name=",0,0,0,0,,10.00,10.00,0.00,1,,US,United States,0,0,0
jq print multiple fields same line,0,0,,,,10.00,,,0,-1,US,United States,0,0,
psycopg2 example,0,0,,,,10.00,,,0,-1,RU,Russian Federation,0,0,
pyinstaller venv,0,0,0,0,,11.00,11.00,0.00,1,,US,United States,0,0,0
check if cmake is installed,0,0,,,,10.00,,,0,-1,US,United States,0,0,
brew install ninja,0,,0,,,,10.00,,1,1,US,United States,0,0,
/opt/homebrew,0,,0,,,,10.00,,1,1,US,United States,0,0,
python subprocess with arguments,0,0,0,0,,8.00,8.00,0.00,1,,US,United States,0,0,0
diesel rocket,500,0,,,,34.00,,,0,-1,IN,India,500,0,
create a virtual environment python,600,0,0,0,,35.00,35.00,0.00,2,1,US,United States,600,0,0
installing cmake,0,0,0,0,,9.00,9.00,0.00,1,,US,United States,0,0,0
pyyaml vs yaml,20,0,0,0,,20.00,20.00,0.00,1,,US,United States,20,0,0
concatenate elements in list python,0,,0,,,,10.00,,1,1,US,United States,0,0,
kubectl get secret value,200,,0,,,,29.00,,1,1,US,United States,200,0,
python parse csv,150,0,0,0,,24.00,29.00,5.00,1,,US,United States,150,0,0
kubeadm install,200,0,0,0,,30.00,30.00,0.00,1,,IN,India,200,0,0
python docker,1050,,0,,,,25.75,,4,4,IN,India,1050,0,
run --mount=type=secret,20,0,0,0,,19.00,19.00,0.00,1,,US,United States,20,0,0
homebrew install location,0,0,0,0,,9.00,10.00,1.00,1,,US,United States,0,0,0
zsh powerlevel10k,0,0,,,,9.00,,,0,-1,AU,Australia,0,0,
jq display multiple fields,0,0,0,0,,9.00,9.00,0.00,1,,US,United States,0,0,0
how to read a csv in python,0,0,0,0,,9.00,9.00,0.00,1,,IN,India,0,0,0
simple c++ makefile,0,0,0,0,,8.00,9.00,1.00,1,,US,United States,0,0,0
join list of lists,0,,0,,,,9.00,,1,1,US,United States,0,0,
combine list of lists,0,0,0,0,,9.00,9.00,0.00,1,,US,United States,0,0,0
sed or,0,0,,,,9.00,,,0,-1,US,United States,0,0,
ohmyzsh powerlevel10k,0,0,0,0,,8.00,9.00,1.00,1,,US,United States,0,0,0
brew install mac m1,0,0,0,0,,10.00,10.00,0.00,1,,US,United States,0,0,0
ldflags,0,,0,,,,10.00,,1,1,IN,India,0,0,
jq index,0,0,0,0,,10.00,10.00,0.00,1,,US,United States,0,0,0
combine list of lists into one list python,0,,0,,,,9.00,,1,1,US,United States,0,0,
$@ in makefile,0,0,0,0,,10.00,10.00,0.00,1,,US,United States,0,0,0
connect to mongodb docker container,0,0,0,0,,6.00,9.00,3.00,1,,US,United States,0,0,0
homebrew path mac,0,0,0,0,,8.00,10.00,2.00,1,,US,United States,0,0,0
makefile arguments,0,0,0,0,,9.50,9.50,0.00,2,,FR,France,0,0,0
mongodb image,70,0,0,0,,26.00,26.00,0.00,1,,US,United States,70,0,0
gnu make flags,0,0,0,0,,6.00,6.00,0.00,1,,US,United States,0,0,0
golang errors is,0,1,0,-1,,8.67,6.00,-2.67,1,-2,US,United States,0,0,-1
bazel rdeps,0,0,0,0,,6.00,6.00,0.00,1,,US,United States,0,0,0
github set-output deprecated,0,0,0,0,,6.00,6.00,0.00,1,,US,United States,0,0,0
git lfs list files,0,0,0,0,,6.00,6.00,0.00,1,,US,United States,0,0,0
kubescape scan,0,0,0,0,,7.00,6.00,-1.00,1,,US,United States,0,0,0
bazel blog,0,,0,,,,6.00,,1,1,US,United States,0,0,
m1 homebrew,0,0,0,0,,6.00,6.00,0.00,1,,US,United States,0,0,0
python subprocess stdout to file,0,0,0,0,,6.00,6.00,0.00,1,,US,United States,0,0,0
makefile set variable if not set,0,0,0,0,,6.00,6.00,0.00,1,,US,United States,0,0,0
configure.ac file,0,0,0,0,,6.00,6.00,0.00,1,,US,United States,0,0,0
jq get values,0,0,0,0,,6.00,7.00,1.00,1,,US,United States,0,0,0
bazel query attr,0,0,0,0,,6.00,6.00,0.00,1,,US,United States,0,0,0
delete replica set kubernetes,0,,0,,,,11.00,,1,1,US,United States,0,0,
reading csv files,0,0,,,,11.00,,,0,-1,IN,India,0,0,
linux bin bash,0,,0,,,,11.00,,1,1,US,United States,0,0,
mysql docker port change,0,0,,,,11.00,,,0,-1,RU,Russian Federation,0,0,
uv install,4700,0,,,,44.00,,,0,-1,US,United States,4700,0,
jq count elements,10,0,0,0,,19.00,19.00,0.00,1,,US,United States,10,0,0
gorm,3700,0,0,0,,30.00,17.67,-12.33,3,2,US,United States,3700,0,0
subprocess run output,0,0,0,0,,9.00,9.00,0.00,1,,US,United States,0,0,0
python subprocess pipe output,0,,0,,,,9.00,,1,1,US,United States,0,0,
subprocess output,0,0,0,0,,9.00,9.00,0.00,1,,US,United States,0,0,0
concatenate a list python,0,0,0,0,,10.00,10.00,0.00,1,,US,United States,0,0,0
configmap size limit,30,0,0,0,,22.00,22.00,0.00,1,,US,United States,30,0,0
python install virtualenv,10,0,0,0,,17.00,17.00,0.00,1,,GB,United Kingdom,10,0,0
pnpm npx equivalent,0,0,0,0,,6.00,6.00,0.00,1,,US,United States,0,0,0
define nix,200,0,0,0,,30.00,21.00,-9.00,1,,US,United States,200,0,0
import yaml,20,0,,,,19.00,,,0,-1,ES,Spain,20,0,
rabbitmq vs kafka,3500,0,0,0,,38.80,44.62,5.83,8,3,IN,India,3500,0,0
bazel test timeout,100,0,0,0,,28.00,28.00,0.00,1,,US,United States,100,0,0
github action environment variables,200,0,0,0,,23.00,31.00,8.00,1,,US,United States,200,0,0
namespace in kubernetes,450,0,0,0,,43.00,35.00,-8.00,1,,IN,India,450,0,0
jq extract field,0,0,0,0,,9.00,10.00,1.00,2,1,FR,France,0,0,0
kubernetes secrets encryption,90,0,,,,28.00,,,0,-1,US,United States,90,0,
@dataclass python,200,0,0,0,,30.00,32.00,2.00,1,,US,United States,200,0,0
jq extract field from array,0,0,,,,10.00,,,0,-1,US,United States,0,0,
/opt/homebrew/bin is not in your path.,0,0,0,0,,8.67,10.00,1.33,3,,US,United States,0,0,0
/opt/homebrew/bin is not in your path,0,0,0,0,,11.00,10.00,-1.00,2,1,IN,India,0,0,0
bash sed regex,0,0,0,0,,10.00,10.00,0.00,1,,US,United States,0,0,0
jq filter array,0,0,0,0,,10.00,10.00,0.00,1,,DE,Germany,0,0,0
how to add homebrew to your path,0,0,0,0,,10.00,10.00,0.00,1,,US,United States,0,0,0
python how to read csv file,0,0,,,,10.00,,,0,-1,CA,Canada,0,0,
installing homebrew on mac m1,0,0,,,,10.00,,,0,-1,US,United States,0,0,
bash get unique lines,0,0,0,0,,11.00,11.00,0.00,1,,US,United States,0,0,0
concatenate list of lists,0,0,0,0,,9.00,10.00,1.00,1,,US,United States,0,0,0
get data from csv python,0,0,,,,11.00,,,0,-1,US,United States,0,0,
opt/homebrew/bin is not in your path,0,0,0,0,,10.00,10.00,0.00,1,,US,United States,0,0,0
makefile parameters,0,,0,,,,10.00,,1,1,US,United States,0,0,
github actions yarn cache,0,0,0,0,,5.00,10.00,5.00,1,,US,United States,0,0,0
rust macro_rules,0,0,0,0,,7.00,10.00,3.00,1,,US,United States,0,0,0
how to concat two list in python,0,0,,,,11.00,,,0,-1,IN,India,0,0,
error type golang,0,0,0,0,,9.00,11.00,2.00,1,,US,United States,0,0,0
zsh theme powerlevel10k,10,,0,,,,16.00,,1,1,US,United States,10,0,
how to use make on windows,0,0,0,0,,9.00,8.00,-1.00,1,,US,United States,0,0,0
bazel rules_rust,0,0,0,0,,7.00,7.00,0.00,1,,US,United States,0,0,0
subprocess env,0,0,0,0,,7.00,7.00,0.00,1,,US,United States,0,0,0
psycopg2 examples,0,0,0,0,,7.00,7.00,0.00,1,,US,United States,0,0,0
golang error package,0,0,0,0,,7.00,7.00,0.00,1,,US,United States,0,0,0
rust lifetime parameter,0,0,0,0,,8.00,7.00,-1.00,1,,US,United States,0,0,0
volumes in dockerfile,0,0,0,0,,7.00,7.00,0.00,1,,IN,India,0,0,0
m1 mac homebrew,0,0,0,0,,7.00,7.00,0.00,1,,US,United States,0,0,0
makefile := vs =,0,0,0,0,,9.00,7.00,-2.00,1,,US,United States,0,0,0
mac m1 install brew,0,0,0,0,,8.00,8.00,0.00,1,,US,United States,0,0,0
makefile default variable,0,0,0,0,,7.00,7.00,0.00,1,,US,United States,0,0,0
go work use,0,0,0,0,,7.00,7.00,0.00,1,,US,United States,0,0,0
c++ makefile,0,0,,,,7.00,,,0,-1,NL,Netherlands,0,0,
rust bazel,0,0,0,0,,6.00,7.00,1.00,1,,US,United States,0,0,0
bazel py_test,0,0,0,0,,7.00,7.00,0.00,1,,US,United States,0,0,0
windows make file,0,0,0,0,,8.00,7.00,-1.00,1,,US,United States,0,0,0
make set variable,0,0,0,0,,4.00,7.00,3.00,1,,US,United States,0,0,0
running make on windows,0,0,0,0,,8.00,8.00,0.00,1,,US,United States,0,0,0
jq select in array,0,0,0,0,,6.50,6.50,0.00,2,,US,United States,0,0,0
brew install m1,0,0,0,0,,8.00,7.00,-1.00,1,,US,United States,0,0,0
python read a csv file,0,0,0,0,,6.00,7.00,1.00,1,,CA,Canada,0,0,0
makefile filter,0,0,0,0,,8.00,8.00,0.00,1,,US,United States,0,0,0
go work init,0,0,0,0,,9.00,7.00,-2.00,1,,US,United States,0,0,0
where is homebrew installed on mac m1,0,0,0,0,,5.00,7.00,2.00,1,,US,United States,0,0,0
cxx flags,0,0,0,0,,5.00,7.00,2.00,1,,US,United States,0,0,0
jq select array,0,0,0,0,,5.00,7.00,2.00,1,,US,United States,0,0,0
golang errors.as example,0,0,0,0,,7.00,7.00,0.00,1,,US,United States,0,0,0
c++ ninja,0,0,,,,12.00,,,0,-1,US,United States,0,0,
sed replace after match,0,0,0,0,,13.00,13.00,0.00,1,,US,United States,0,0,0
buildkitd,20,0,0,0,,3.00,4.33,1.33,3,,US,United States,20,0,0
logging format python,10,0,,,,18.00,,,0,-1,IN,India,10,0,
terraform aws ecs service,30,0,0,0,,23.00,23.00,0.00,1,,US,United States,30,0,0
crio kubernetes,0,0,0,0,,10.00,10.00,0.00,1,,US,United States,0,0,0
stdout=subprocess.pipe,0,0,0,0,,11.00,10.00,-1.00,1,,US,United States,0,0,0
yarn vs npx,0,0,0,0,,10.00,10.00,0.00,1,,US,United States,0,0,0
homebrew install m1,0,0,0,0,,6.00,7.00,1.00,1,,US,United States,0,0,0
convert makefile to cmake,30,0,0,0,,24.00,24.00,0.00,1,,US,United States,30,0,0
terraform backend s3,200,,0,,,,32.00,,1,1,IN,India,200,0,
terraform vs pulumi,200,1,0,0,,21.00,32.00,11.00,1,,US,United States,200,0,0
github docker registry,200,0,,,,32.00,,,0,-1,US,United States,200,0,
github workflow variables,200,,0,,,,32.00,,1,1,US,United States,200,0,
cargo crate,400,0,0,0,,28.00,31.00,3.00,1,,US,United States,400,0,0
shell script sleep 5 seconds,0,0,0,0,,11.00,11.00,0.00,1,,US,United States,0,0,0
cargo new workspace,0,0,0,0,,11.00,11.00,0.00,1,,US,United States,0,0,0
markdown linter,0,,0,,,,11.00,,1,1,GB,United Kingdom,0,0,
brew install arm64,0,0,0,0,,7.00,11.00,4.00,1,,US,United States,0,0,0
makefile echo variable,0,0,0,0,,8.00,12.00,4.00,1,,US,United States,0,0,0
bash execute string,0,0,0,0,,12.00,12.00,0.00,1,,US,United States,0,0,0
g++ compile,0,0,,,,11.00,,,0,-1,DE,Germany,0,0,
what is go.sum,0,0,0,0,,11.00,11.00,0.00,1,,US,United States,0,0,0
python venv create,200,3,0,-3,,21.50,33.00,11.50,1,-1,US,United States,200,0,-3
how to make file,150,0,0,0,,28.00,28.00,0.00,1,,IN,India,150,0,0
cross compilation,10,0,,,,18.00,,,0,-1,IN,India,10,0,
install homebrew into /usr/local,0,0,0,0,,9.00,8.00,-1.00,1,,US,United States,0,0,0
jq select first,0,,0,,,,8.00,,1,1,US,United States,0,0,
install brew m1,0,0,,,,8.00,,,0,-1,US,United States,0,0,
makefile pass argument,0,,0,,,,8.00,,1,1,US,United States,0,0,
jq extract two fields,0,0,0,0,,8.00,8.00,0.00,1,,US,United States,0,0,0
jq get value by key,0,0,0,0,,8.67,9.00,0.33,3,,RU,Russian Federation,0,0,0
jq array index,0,0,0,0,,7.00,8.00,1.00,1,,US,United States,0,0,0
rust macro types,0,0,0,0,,6.00,9.00,3.00,1,,US,United States,0,0,0
cppflags,0,0,0,0,,7.50,7.67,0.17,3,1,US,United States,0,0,0
reading in a csv file python,0,0,,,,9.00,,,0,-1,US,United States,0,0,
brew install path,0,,0,,,,9.00,,1,1,US,United States,0,0,
from abc import abc abstractmethod,40,0,0,0,,25.00,25.00,0.00,1,,IN,India,40,0,0
podman rootless,150,0,0,0,,43.00,31.00,-12.00,1,,US,United States,150,0,0
gcp docker registry,10,0,0,0,,20.00,20.00,0.00,1,,US,United States,10,0,0
print variable in makefile,0,0,0,0,,10.00,10.00,0.00,1,,US,United States,0,0,0
external secrets operator,1150,,0,,,,39.50,,2,2,DE,Germany,1150,0,
python csv,4270,0,0,0,,13.00,15.83,2.83,6,,BR,Brazil,4270,0,0
bash else if,850,0,0,0,,44.00,38.00,-6.00,3,1,GB,United Kingdom,850,0,0
where are homebrew packages installed mac,0,0,0,0,,9.00,9.00,0.00,1,,US,United States,0,0,0
jq print field,0,0,0,0,,8.00,8.00,0.00,1,,US,United States,0,0,0
docker secret,150,0,0,0,,20.00,31.00,11.00,1,,US,United States,150,0,0
python get subprocess output,0,0,0,0,,9.00,10.00,1.00,1,,US,United States,0,0,0
what is a staff software engineer,200,0,0,0,,36.00,33.00,-3.00,1,,US,United States,200,0,0
fixtures in pytest,10,0,0,0,,20.00,20.00,0.00,1,,US,United States,10,0,0
ecr repository,150,0,0,0,,32.00,32.00,0.00,1,,US,United States,150,0,0
what is class and object in python,450,0,0,0,,40.00,37.00,-3.00,1,,IN,India,450,0,0
api testing playwright,20,0,,,,23.00,,,0,-1,US,United States,20,0,
makefile in cpp,0,0,,,,13.00,,,0,-1,IN,India,0,0,
for loop in bash,300,0,,,,36.00,,,0,-1,IN,India,300,0,
portainer community edition,200,0,0,0,,33.00,33.00,0.00,1,,US,United States,200,0,0
errors.is golang,0,1,0,-1,,8.50,9.00,0.50,1,-1,US,United States,0,0,-1
jq query array,0,0,0,0,,8.00,9.00,1.00,1,,US,United States,0,0,0
brew install location mac,0,0,0,0,,9.00,10.00,1.00,1,,US,United States,0,0,0
ruby implicit return,0,0,0,0,,9.00,9.00,0.00,1,,US,United States,0,0,0
lifetimes in rust,0,,0,,,,9.00,,1,1,US,United States,0,0,
jq extract multiple fields,0,0,0,0,,8.00,9.00,1.00,1,,FR,France,0,0,0
gnu make special variables,0,0,0,0,,9.00,9.00,0.00,1,,US,United States,0,0,0
bash string literal,0,0,,,,9.00,,,0,-1,US,United States,0,0,
your homebrew's prefix is not /opt/homebrew.,0,0,0,0,,9.00,9.00,0.00,1,,US,United States,0,0,0
mac install homebrew m1,0,0,0,0,,9.00,9.00,0.00,1,,US,United States,0,0,0
install brew in mac m1,0,0,,,,9.00,,,0,-1,IN,India,0,0,
gazelle python,0,0,,,,9.00,,,0,-1,US,United States,0,0,
brew find install location,0,0,0,0,,9.00,9.00,0.00,1,,US,United States,0,0,0
golang compare errors,0,0,0,0,,9.00,9.00,0.00,1,,US,United States,0,0,0
creating vpc using terraform,0,0,0,0,,6.00,9.00,3.00,1,,IN,India,0,0,0
github actions .env file,0,0,0,0,,15.00,15.00,0.00,1,,US,United States,0,0,0
jq output multiple fields,0,0,0,0,,15.00,15.00,0.00,1,,US,United States,0,0,0
uniq count,10,,0,,,,22.00,,1,1,US,United States,10,0,
k9s exit shell,10,0,0,0,,22.00,22.00,0.00,1,,US,United States,10,0,0
objects in python,500,0,0,0,,38.50,38.50,0.00,2,,IN,India,500,0,0
create new conda environment,300,,0,,,,36.00,,1,1,US,United States,300,0,
10x engineer,750,0,0,0,,20.50,18.50,-2.00,2,,GB,United Kingdom,750,0,0
jq filter multiple fields,0,0,0,0,,9.00,9.00,0.00,1,,US,United States,0,0,0
how to install brew on mac m1,0,0,0,0,,9.00,10.00,1.00,1,,US,United States,0,0,0
python classes and objects,700,0,0,0,,41.00,39.50,-1.50,2,,IN,India,700,0,0
create environment,30,0,,,,25.00,,,0,-1,US,United States,30,0,
prometheus monitoring tool,400,0,0,0,,33.50,37.00,3.50,2,,IN,India,400,0,0
python logging to file,200,0,0,0,,36.00,34.00,-2.00,1,,US,United States,200,0,0
conda create env,150,0,0,0,,38.00,33.00,-5.00,1,-1,TR,Turkey,150,0,0
create environment python,10,0,,,,19.00,,,0,-1,GB,United Kingdom,10,0,
merge queue,200,3,0,-3,,12.67,34.00,21.33,1,-2,US,United States,200,0,-3
terminal commands,950,0,,,,42.00,,,0,-2,IN,India,950,0,
read csv,450,0,0,0,,43.00,34.00,-9.00,1,,US,United States,450,0,0
make file,200,0,0,0,,25.50,35.00,9.50,1,-1,IN,India,200,0,0
python subprocess suppress output,0,0,,,,10.00,,,0,-1,US,United States,0,0,
brew install directory,0,0,,,,10.00,,,0,-1,US,United States,0,0,
docker mongodb create database,0,0,,,,8.50,,,0,-2,US,United States,0,0,
run cmake,0,0,0,0,,11.00,11.00,0.00,1,,US,United States,0,0,0
makefile pass arguments,0,0,0,0,,11.00,11.00,0.00,1,,US,United States,0,0,0
how to run cmake,0,0,0,0,,10.00,10.00,0.00,1,,CA,Canada,0,0,0
poetry develop = true,0,0,,,,10.00,,,0,-1,US,United States,0,0,
install homebrew on m1 mac,0,0,0,0,,9.00,9.50,0.50,2,-1,AU,Australia,0,0,0
cxxflags,0,0,,,,10.00,,,0,-1,IN,India,0,0,
jq index array,0,0,0,0,,10.00,10.00,0.00,1,,US,United States,0,0,0
makefile source env file,0,0,,,,10.00,,,0,-1,US,United States,0,0,
add /opt/homebrew/bin to path,0,,0,,,,11.00,,1,1,US,United States,0,0,
jq first item in array,0,0,0,0,,9.00,10.00,1.00,1,,US,United States,0,0,0
python mongodb create collection,0,0,,,,10.00,,,0,-1,RU,Russian Federation,0,0,
#bin bash,0,,0,,,,11.00,,1,1,US,United States,0,0,
what is an ecr,350,,0,,,,37.00,,1,1,US,United States,350,0,
terraform import,4250,0,0,0,,49.00,49.33,0.33,6,4,US,United States,4250,0,0
docker compose secrets,150,0,0,0,,21.00,33.00,12.00,1,,DE,Germany,150,0,0
nmake vs make,10,0,0,0,,20.00,20.00,0.00,1,,US,United States,10,0,0
python subprocess stdout to string,0,0,,,,10.00,,,0,-1,US,United States,0,0,
docker-compose volumes,1250,6,0,-6,,20.50,41.50,21.00,2,,DE,Germany,1250,0,-6
cosine_similarity,200,,0,,,,35.00,,1,1,US,United States,200,0,
uninstall git lfs,20,0,0,0,,6.00,6.00,0.00,1,,US,United States,20,0,0
aws lambda terraform,200,,0,,,,35.00,,1,1,US,United States,200,0,
docker run mount volume,10,0,0,0,,20.00,20.00,0.00,1,,AU,Australia,10,0,0
continuous integration vs continuous deployment,250,0,,,,36.00,,,0,-1,US,United States,250,0,
get output of subprocess python,0,0,0,0,,12.00,12.00,0.00,1,,US,United States,0,0,0
sed command to replace,0,0,,,,15.00,,,0,-1,CA,Canada,0,0,
aws graviton,1800,0,0,0,,46.00,47.33,1.33,3,1,US,United States,1800,0,0
what is nx,550,,0,,,,39.00,,2,2,US,United States,550,0,
docker container logs,550,0,0,0,,40.00,40.00,0.00,2,,US,United States,550,0,0
logger basicconfig,20,0,0,0,,26.00,26.00,0.00,1,,US,United States,20,0,0
kubernetes mount configmap as file,30,0,0,0,,26.00,26.00,0.00,1,,US,United States,30,0,0
github actions cache,250,0,0,0,,32.00,36.00,4.00,1,,JP,Japan,250,0,0
linux systemd,150,0,,,,34.00,,,0,-1,US,United States,150,0,
what is object in python,1200,0,,,,44.00,,,0,-1,IN,India,1200,0,
popen communicate,10,,0,,,,24.00,,1,1,US,United States,10,0,
terraform variable array,20,0,,,,24.00,,,0,-1,US,United States,20,0,
docker buildx build,250,,0,,,,37.00,,1,1,US,United States,250,0,
kubernetes job,450,0,0,0,,43.00,40.00,-3.00,1,,US,United States,450,0,0
kubernetes deployment strategy,300,0,0,0,,45.00,38.00,-7.00,1,,US,United States,300,0,0
podman run,350,0,0,0,,38.00,38.00,0.00,1,,US,United States,350,0,0
how to check if cmake is installed,0,0,0,0,,13.00,13.00,0.00,1,,US,United States,0,0,0
argocd vs helm,80,,0,,,,33.00,,1,1,US,United States,80,0,
staff engineer,2100,0,0,0,,56.00,46.00,-10.00,1,,US,United States,2100,0,0
nix it,450,0,,,,34.00,,,0,-1,US,United States,450,0,
github actions terraform,100,0,0,0,,52.00,35.00,-17.00,1,,US,United States,100,0,0
systemd service,600,0,0,0,,42.50,41.00,-1.50,1,-1,US,United States,600,0,0
create environment in python,200,,0,,,,37.00,,1,1,IN,India,200,0,
k6 load testing example,20,,0,,,,27.00,,1,1,US,United States,20,0,
nix,41800,0,0,0,,21.88,22.08,0.20,13,5,AU,Australia,41800,0,0
echo commands,20,0,0,0,,10.00,10.00,0.00,1,,US,United States,20,0,0
kafka vs rabbitmq,2050,0,0,0,,39.80,48.86,9.06,7,2,IN,India,2050,0,0
10x engineer meaning,600,0,,,,43.00,,,0,-1,US,United States,600,0,
terraform aws lambda,300,0,0,0,,38.00,39.00,1.00,1,,US,United States,300,0,0
python abstractproperty,30,0,0,0,,29.00,29.00,0.00,1,,US,United States,30,0,0
github actions environment,150,0,0,0,,35.00,35.00,0.00,1,,JP,Japan,150,0,0
docker daemon logs,100,0,,,,35.00,,,0,-1,US,United States,100,0,
syslog,5950,0,0,0,,50.00,50.11,0.11,9,5,IN,India,5950,0,0
popen subprocess,50,0,0,0,,32.00,32.00,0.00,1,,US,United States,50,0,0
optional variable terraform,80,0,0,0,,34.00,34.00,0.00,1,,US,United States,80,0,0
docker ruby image,20,0,,,,26.00,,,0,-1,US,United States,20,0,
github actions secrets,650,0,0,0,,38.50,49.00,10.50,2,,US,United States,650,0,0
merge queue github,150,,0,,,,37.00,,1,1,US,United States,150,0,
github variables,200,,0,,,,38.00,,1,1,US,United States,200,0,
create conda environment,200,0,0,0,,34.00,38.00,4.00,1,,US,United States,200,0,0
bash file,200,0,0,0,,27.00,39.00,12.00,1,,US,United States,200,0,0
python subprocess return code,10,0,0,0,,24.00,24.00,0.00,1,,US,United States,10,0,0
aws lambda dockerfile,90,0,0,0,,35.00,35.00,0.00,1,,US,United States,90,0,0
csv python,850,0,0,0,,34.50,32.00,-2.50,3,1,RU,Russian Federation,850,0,0
docker volume mount,200,,0,,,,39.00,,1,1,US,United States,200,0,
python frameworks,1250,0,0,0,,65.33,46.50,-18.83,2,-1,US,United States,1250,0,0
sbom generation tools,200,0,,,,38.00,,,0,-1,US,United States,200,0,
delve,600,,0,,,,38.00,,1,1,HK,Hong Kong,600,0,
powerlevel10,0,0,0,0,,4.00,3.00,-1.00,1,,US,United States,0,0,0
python logging set formatter,10,0,0,0,,25.00,25.00,0.00,1,,US,United States,10,0,0
subprocess stderr,0,0,0,0,,18.00,18.00,0.00,1,,US,United States,0,0,0
jq get first element,0,0,0,0,,15.00,15.00,0.00,1,,US,United States,0,0,0
read.csv,250,0,0,0,,42.00,40.00,-2.00,1,,US,United States,250,0,0
trim string bash,20,0,0,0,,29.00,29.00,0.00,1,,US,United States,20,0,0
docker vs virtual machine,600,0,0,0,,42.50,44.00,1.50,2,,US,United States,600,0,0
k8s job,200,,0,,,,39.00,,1,1,US,United States,200,0,
yaml.dump,230,0,0,0,,5.00,5.00,0.00,6,,DE,Germany,230,0,0
gitlab ci/cd,20,0,0,0,,33.50,29.00,-4.50,1,-1,US,United States,20,0,0
lxc container,550,0,,,,45.50,,,0,-2,US,United States,550,0,
github actions environment variables,950,,0,,,,45.00,,3,3,DE,Germany,950,0,
logging module in python,200,0,0,0,,40.00,39.00,-1.00,1,,IN,India,200,0,0
ecr public registry,20,0,0,0,,27.00,27.00,0.00,1,,US,United States,20,0,0
yarn vs npm,3610,0,0,0,,43.50,45.20,1.70,5,3,SG,Singapore,3610,0,0
if multiple conditions bash,10,0,0,0,,24.00,24.00,0.00,1,,US,United States,10,0,0
github merge queues,90,,0,,,,36.00,,1,1,US,United States,90,0,
rust lifetime bounds,0,0,,,,15.00,,,0,-1,US,United States,0,0,
warning: /opt/homebrew/bin is not in your path,0,0,0,0,,16.00,16.00,0.00,1,,US,United States,0,0,0
bazel_gazelle,0,0,0,0,,3.00,3.00,0.00,1,,US,United States,0,0,0
kubernetes cron schedule,10,0,0,0,,25.00,25.00,0.00,1,,US,United States,10,0,0
bash if else,4300,0,0,0,,48.00,51.14,3.14,7,,GB,United Kingdom,4300,0,0
class object in python,150,0,0,0,,38.00,38.00,0.00,1,,IN,India,150,0,0
cargo crates,150,,0,,,,33.00,,1,1,US,United States,150,0,
selenium web scraping,200,,0,,,,40.00,,1,1,IN,India,200,0,
error in python,250,0,0,0,,41.00,41.00,0.00,1,,IN,India,250,0,0
kubernetes networking,800,0,0,0,,74.00,53.00,-21.00,2,1,US,United States,800,0,0
rancher kubernetes,1150,,0,,,,46.33,,3,3,IN,India,1150,0,
common ci,30,0,,,,32.00,,,0,-1,US,United States,30,0,
docker build from dockerfile,250,0,0,0,,34.00,41.00,7.00,1,,US,United States,250,0,0
terraform s3 backend,40,0,0,0,,36.00,33.00,-3.00,1,-1,CA,Canada,40,0,0
makeflags,10,0,0,0,,4.25,4.50,0.25,4,,DE,Germany,10,0,0
setup.py find_packages,10,0,0,0,,28.00,28.00,0.00,1,,US,United States,10,0,0
jq loop through array,0,0,0,0,,20.00,20.00,0.00,1,,US,United States,0,0,0
kubernetes secret,100,0,0,0,,40.50,38.00,-2.50,1,-1,US,United States,100,0,0
monorepo,7900,0,0,0,,58.00,62.86,4.86,7,5,VN,Vietnam,7900,0,0
python subprocess run stdout,0,0,0,0,,17.00,17.00,0.00,1,,US,United States,0,0,0
graviton aws,900,0,0,0,,47.50,56.00,8.50,2,,US,United States,900,0,0
securitycontext runasuser,80,,0,,,,37.00,,1,1,US,United States,80,0,
terraform aws_ecs_cluster,20,0,0,0,,30.00,30.00,0.00,1,,US,United States,20,0,0
shell=true subprocess,10,0,0,0,,28.00,28.00,0.00,1,,US,United States,10,0,0
conda env create,300,,0,,,,43.00,,1,1,US,United States,300,0,
ripgrep file extension,20,0,0,0,,30.00,30.00,0.00,1,,US,United States,20,0,0
python abstract method decorator,20,,0,,,,30.00,,1,1,US,United States,20,0,
anaconda virtual environment,60,0,0,0,,36.00,36.00,0.00,1,,US,United States,60,0,0
bazel-gazelle,0,0,0,0,,4.00,3.00,-1.00,1,,US,United States,0,0,0
flux gitops logo,30,,0,,,,54.50,,2,2,IN,India,30,0,
logger in python,200,0,0,0,,41.00,41.00,0.00,1,,IN,India,200,0,0
awk command in linux,2250,0,0,0,,36.00,47.00,11.00,2,,US,United States,2250,0,0
npm vs yarn,200,0,0,0,,35.00,41.00,6.00,1,,IN,India,200,0,0
with statement in python,200,0,0,0,,43.00,43.00,0.00,1,,IN,India,200,0,0
sed regex,250,0,0,0,,13.00,12.00,-1.00,1,,US,United States,250,0,0
services in kubernetes,250,0,,,,43.00,,,0,-1,IN,India,250,0,
python objects,400,0,,,,30.00,,,0,-1,US,United States,400,0,
errors in python,350,0,0,0,,44.00,44.00,0.00,1,,IN,India,350,0,0
linux networking commands,300,0,0,0,,15.00,16.00,1.00,1,,IN,India,300,0,0
systemd service file,200,0,0,0,,44.00,44.00,0.00,1,,US,United States,200,0,0
docker bridge network,250,0,0,0,,43.00,44.00,1.00,1,,US,United States,250,0,0
docker list networks,200,0,0,0,,42.00,43.00,1.00,1,,US,United States,200,0,0
terraform lambda,300,0,0,0,,16.00,45.00,29.00,1,,SE,Sweden,300,0,0
terraform docker,150,,0,,,,42.00,,1,1,US,United States,150,0,
docker build example,200,,0,,,,44.00,,1,1,US,United States,200,0,
create environment conda,30,0,,,,34.00,,,0,-1,NL,Netherlands,30,0,
pyinstaller versions,0,0,0,0,,20.00,20.00,0.00,1,,US,United States,0,0,0
python class and object,200,0,0,0,,44.00,45.00,1.00,1,,IN,India,200,0,0
eartgly,30,0,0,0,,4.00,4.00,0.00,1,,US,United States,30,0,0
replica set,250,,0,,,,45.00,,1,1,US,United States,250,0,
k8s network policy,200,0,0,0,,39.00,44.00,5.00,1,,US,United States,200,0,0
bash default variables,10,0,,,,29.00,,,0,-1,US,United States,10,0,
python logging best practices,350,,0,,,,47.00,,1,1,US,United States,350,0,
configure.ac,0,0,0,0,,5.00,5.00,0.00,4,,DE,Germany,0,0,0
playwright python tutorial,40,0,,,,36.00,,,0,-1,CA,Canada,40,0,
sed replace word,0,,0,,,,21.00,,1,1,US,United States,0,0,
docker vs vm,800,0,0,0,,40.00,47.50,7.50,2,1,US,United States,800,0,0
vault kubernetes secrets,10,0,0,0,,31.00,31.00,0.00,1,,US,United States,10,0,0
k8s deployment strategy types,10,0,,,,30.00,,,0,-1,US,United States,10,0,
fixtures are not meant to be called directly,10,0,0,0,,33.00,33.00,0.00,1,,US,United States,10,0,0
what is an object in python,400,0,0,0,,47.00,51.50,4.50,2,,IN,India,400,0,0
conda create new environment python 3.9,10,0,0,0,,30.00,30.00,0.00,1,,US,United States,10,0,0
object in python,1100,0,,,,50.00,,,0,-1,IN,India,1100,0,
sbom example,400,0,0,0,,65.00,48.00,-17.00,1,,US,United States,400,0,0
github actions docker,10,0,,,,31.00,,,0,-1,SE,Sweden,10,0,
docker mount volume,210,0,0,0,,34.50,35.00,0.50,2,,AT,Austria,210,0,0
awk,10910,0,0,0,,38.75,26.94,-11.81,18,6,ID,Indonesia,10910,0,0
k8s operator,200,0,0,0,,44.00,46.00,2.00,1,,US,United States,200,0,0
class and objects in python,250,0,0,0,,48.00,48.00,0.00,1,,IN,India,250,0,0
mono repo,500,,0,,,,48.00,,1,1,US,United States,500,0,
what is k3s,250,0,0,0,,36.00,46.00,10.00,1,,US,United States,250,0,0
sbom tools,450,0,0,0,,50.00,50.00,0.00,1,,US,United States,450,0,0
pyinstaller,24720,0,0,0,,8.36,9.57,1.21,46,7,DE,Germany,24720,0,0
conda create environment python 3,0,0,0,0,,28.00,28.00,0.00,1,,CA,Canada,0,0,0
pyinstaller requirements.txt,0,0,0,0,,26.00,26.00,0.00,1,,US,United States,0,0,0
portainer podman,30,0,,,,37.00,,,0,-1,FR,France,30,0,
shadow deployment,200,1,0,-1,,21.00,47.00,26.00,1,,US,United States,200,0,-1
kubernetes cronjob,250,0,0,0,,47.00,47.00,0.00,1,,US,United States,250,0,0
kubernetes service,250,0,0,0,,46.33,47.00,0.67,1,-2,IN,India,250,0,0
awk meaning,150,,0,,,,37.00,,1,1,IN,India,150,0,
bash elif,200,0,0,0,,48.00,48.00,0.00,1,,US,United States,200,0,0
kubernetes networkpolicy,20,0,,,,36.00,,,0,-1,IN,India,20,0,
bash if else if,150,0,0,0,,46.00,46.00,0.00,1,,US,United States,150,0,0
golang ineffective assignment to field,0,0,0,0,,24.00,24.00,0.00,1,,US,United States,0,0,0
terraform vs kubernetes,250,,0,,,,50.00,,1,1,US,United States,250,0,
actions/download-artifact,770,0,0,0,,6.90,7.44,0.54,9,-1,DE,Germany,770,0,0
docker registry,7000,0,0,0,,54.60,57.78,3.18,9,4,IL,Israel,7000,0,0
create a python virtual environment,10,0,0,0,,31.00,31.00,0.00,1,,AU,Australia,10,0,0
podman container file,20,0,,,,39.00,,,0,-1,US,United States,20,0,
connect to docker postgres,10,0,0,0,,35.00,35.00,0.00,1,,US,United States,10,0,0
upload-artifact,250,0,0,0,,6.00,5.67,-0.33,3,1,GB,United Kingdom,250,0,0
kubernetes persistent volume,250,,0,,,,49.00,,1,1,US,United States,250,0,
django admin panel,150,,0,,,,48.00,,1,1,IN,India,150,0,
buildkit inline cache,10,0,0,0,,35.00,35.00,0.00,1,,US,United States,10,0,0
abstractclassmethod,0,0,0,0,,31.00,31.00,0.00,1,,US,United States,0,0,0
k8s namespace,40,0,,,,41.00,,,0,-1,RU,Russian Federation,40,0,
create configmap from file,40,0,0,0,,42.00,42.00,0.00,1,,US,United States,40,0,0
workspace cargo works,0,0,,,,30.00,,,0,-1,BR,Brazil,0,0,
difference between class and object in python,250,0,0,0,,60.00,51.00,-9.00,1,,IN,India,250,0,0
linux terminal commands,1250,0,0,0,,45.00,54.00,9.00,2,1,US,United States,1250,0,0
docker build image from dockerfile,100,0,0,0,,47.00,47.00,0.00,1,,US,United States,100,0,0
cosine similarity calculator,200,,0,,,,51.00,,1,1,US,United States,200,0,
terraform github actions,100,,0,,,,48.00,,1,1,US,United States,100,0,
conda create new environment,1050,,0,,,,43.50,,2,2,IN,India,1050,0,
shell fish,250,0,,,,48.00,,,0,-1,JP,Japan,250,0,
lxc containers,250,0,0,0,,52.00,52.00,0.00,1,,US,United States,250,0,0
pyinstaller anaconda,10,0,0,0,,35.00,35.00,0.00,1,,US,United States,10,0,0
types of errors in python with examples,150,,0,,,,49.00,,1,1,IN,India,150,0,
argparse vs click,40,0,0,0,,44.00,44.00,0.00,1,,US,United States,40,0,0
aws iam best practices,250,0,0,0,,48.00,52.00,4.00,1,,US,United States,250,0,0
git lfs config,30,0,0,0,,43.00,43.00,0.00,1,,US,United States,30,0,0
esrthly,100,0,0,0,,4.00,5.00,1.00,1,,US,United States,100,0,0
how to acr,20,0,,,,42.00,,,0,-1,US,United States,20,0,
python with statement,600,0,0,0,,16.00,20.00,4.00,1,,US,United States,600,0,0
blue green deployment,7490,0,0,0,,79.00,70.75,-8.25,4,3,IE,Ireland,7490,0,0
bash if,4300,0,0,0,,43.67,49.56,5.89,9,,BG,Bulgaria,4300,0,0
limavm,0,0,0,0,,4.00,4.00,0.00,1,,US,United States,0,0,0
canary deployment,6650,0,0,0,,68.00,67.50,-0.50,8,4,CA,Canada,6650,0,0
terraform apply auto approve,150,0,0,0,,52.00,51.00,-1.00,1,,US,United States,150,0,0
ecs task terraform,10,,0,,,,35.00,,1,1,US,United States,10,0,
registry docker,150,0,,,,50.00,,,0,-1,FR,France,150,0,
build docker image from dockerfile,150,0,0,0,,38.00,51.00,13.00,1,,US,United States,150,0,0
types of errors in python,500,0,,,,57.00,,,0,-1,IN,India,500,0,
kubernetes services,350,0,0,0,,51.50,55.00,3.50,1,-1,US,United States,350,0,0
microk8s vs k3s,200,0,0,0,,53.00,53.00,0.00,1,,US,United States,200,0,0
linux sleep command,250,0,0,0,,15.00,14.00,-1.00,1,,US,United States,250,0,0
if not in bash,20,0,0,0,,42.00,42.00,0.00,1,,US,United States,20,0,0
green blue deployment,250,0,0,0,,54.00,54.00,0.00,1,,US,United States,250,0,0
kubernetes namespace,650,0,0,0,,35.00,57.50,22.50,2,-1,SE,Sweden,650,0,0
how to create a conda environment,200,0,0,0,,46.00,54.00,8.00,1,,US,United States,200,0,0
what are objects in python,10,0,,,,39.00,,,0,-1,CA,Canada,10,0,
eval meaning,10,0,,,,42.00,,,0,-1,AU,Australia,10,0,
earthfiles,360,0,0,0,,7.12,6.56,-0.57,9,1,US,United States,360,0,0
buildkit,1550,0,0,0,,10.44,13.67,3.22,6,-3,IL,Israel,1550,0,0
git config lfs,10,0,0,0,,40.00,40.00,0.00,1,,US,United States,10,0,0
view syslog ubuntu,10,0,,,,39.00,,,0,-1,US,United States,10,0,
syslog server,250,,0,,,,54.00,,1,1,GB,United Kingdom,250,0,
else if bash,100,0,0,0,,46.00,52.00,6.00,1,,US,United States,100,0,0
how to set up python virtual environment,10,0,,,,42.00,,,0,-1,US,United States,10,0,
python run subprocess in background,10,,0,,,,39.00,,1,1,US,United States,10,0,
earthlt,40,0,0,0,,5.00,5.00,0.00,1,,US,United States,40,0,0
what is miniconda,200,0,0,0,,22.00,54.00,32.00,1,,US,United States,200,0,0
python with keyword,150,,0,,,,27.00,,1,1,US,United States,150,0,
grep replace,40,0,0,0,,49.00,49.00,0.00,1,,US,United States,40,0,0
actions/upload-artifact,1360,0,0,0,,6.12,6.64,0.52,11,-6,DE,Germany,1360,0,0
mysql docker compose,20,0,,,,44.00,,,0,-1,SG,Singapore,20,0,
terraform auto approve,100,0,0,0,,53.00,53.00,0.00,1,,US,United States,100,0,0
shell string concatenation,10,0,0,0,,41.00,41.00,0.00,1,,US,United States,10,0,0
go-chi,100,0,0,0,,6.64,7.70,1.06,10,-1,NL,Netherlands,100,0,0
install portainer debian,30,0,,,,47.00,,,0,-1,FR,France,30,0,
python yaml 読み込み,200,,0,,,,55.00,,1,1,JP,Japan,200,0,
docker versus kubernetes,200,0,0,0,,41.00,56.00,15.00,1,,US,United States,200,0,0
system d,150,0,0,0,,45.00,51.00,6.00,1,,IN,India,150,0,0
mitmproxy,5180,0,0,0,,9.45,11.92,2.46,12,-10,CA,Canada,5180,0,0
github environment variables,200,0,0,0,,26.00,56.00,30.00,1,,US,United States,200,0,0
hostnetwork: true,20,0,0,0,,44.00,44.00,0.00,1,,US,United States,20,0,0
staff software engineer,1400,,0,,,,64.00,,2,2,IN,India,1400,0,
earthlu,30,0,0,0,,4.00,5.00,1.00,1,,US,United States,30,0,0
apache airflow use cases,200,,0,,,,57.00,,1,1,US,United States,200,0,
pants reference,10,0,,,,44.00,,,0,-1,CA,Canada,10,0,
container volume,20,0,0,0,,44.00,44.00,0.00,1,,FR,France,20,0,0
earrhly,20,0,0,0,,5.00,5.00,0.00,1,,US,United States,20,0,0
earlthly,20,0,0,0,,5.00,5.00,0.00,1,,US,United States,20,0,0
docker build specify dockerfile,200,0,0,0,,47.00,58.00,11.00,1,,US,United States,200,0,0
sbom generation,300,0,,,,60.00,,,0,-1,US,United States,300,0,
blue green deployments,300,0,0,0,,59.00,58.00,-1.00,1,,US,United States,300,0,0
kubernetes operators,350,0,0,0,,52.00,61.00,9.00,1,,US,United States,350,0,0
jq cheat sheet,200,0,0,0,,48.00,58.00,10.00,1,,US,United States,200,0,0
awk in linux,200,,0,,,,58.00,,1,1,IN,India,200,0,
docker container registry,200,0,0,0,,55.00,59.00,4.00,1,,US,United States,200,0,0
use jq to parse json,10,0,,,,44.00,,,0,-1,US,United States,10,0,
lima-vm,10,0,0,0,,4.00,5.00,1.00,1,,US,United States,10,0,0
linux install cmake,0,0,,,,43.00,,,0,-1,US,United States,0,0,
awk print command,0,0,,,,39.00,,,0,-1,IN,India,0,0,
chown in linux,10,0,,,,49.00,,,0,-1,US,United States,10,0,
frameworks for python,40,0,,,,54.00,,,0,-1,US,United States,40,0,
rbac in kubernetes,250,0,0,0,,63.00,63.00,0.00,1,,IN,India,250,0,0
chown command ubuntu,0,0,,,,43.00,,,0,-1,IN,India,0,0,
terminal codes,300,0,,,,63.00,,,0,-1,US,United States,300,0,
download-artifact@v3,10,0,0,0,,3.00,5.00,2.00,1,,US,United States,10,0,0
canary deployment meaning,350,0,0,0,,39.00,64.50,25.50,2,1,IN,India,350,0,0
awk command in unix,1400,0,0,0,,67.00,72.00,5.00,1,,IN,India,1400,0,0
chown,3000,0,0,0,,57.60,61.80,4.20,5,,TW,Taiwan,3000,0,0
docker registry image,200,,0,,,,62.00,,1,1,US,United States,200,0,
kubernetes rbac,250,,0,,,,63.00,,1,1,US,United States,250,0,
what is canary deployment,600,0,0,0,,65.00,69.50,4.50,2,1,US,United States,600,0,0
blue green deployment strategy,400,,0,,,,66.00,,1,1,US,United States,400,0,
actions/upload-artifact@v3,450,0,0,0,,6.75,7.00,0.25,12,,DE,Germany,450,0,0
dependency management,300,0,0,0,,72.00,64.00,-8.00,1,,US,United States,300,0,0
ripgrep recursive,30,0,0,0,,55.00,55.00,0.00,1,,US,United States,30,0,0
docker compose mysql,10,0,,,,50.00,,,0,-1,SG,Singapore,10,0,
kubernetes network policy,350,0,0,0,,41.00,66.00,25.00,1,,US,United States,350,0,0
sed replace recursive,0,,0,,,,40.00,,1,1,US,United States,0,0,
check if directory exists bash,30,0,,,,54.00,,,0,-1,CA,Canada,30,0,
k0s vs k3s,150,0,0,0,,63.00,63.00,0.00,1,,US,United States,150,0,0
commands for linux ubuntu,0,0,,,,46.00,,,0,-1,IN,India,0,0,
go json,150,0,0,0,,64.00,64.00,0.00,1,,US,United States,150,0,0
kubernetes monitoring prometheus,60,,0,,,,59.00,,1,1,US,United States,60,0,
what is kubernetes vs docker,250,0,,,,67.00,,,0,-1,US,United States,250,0,
docker build command,1950,,0,,,,64.00,,2,2,CA,Canada,1950,0,
logging.config.dictconfig,0,0,0,0,,5.00,5.00,0.00,1,,US,United States,0,0,0
change ownership of directory in linux,0,0,0,0,,43.00,43.00,0.00,1,,IN,India,0,0,0
mongodb python tutorial,0,0,,,,47.00,,,0,-1,DE,Germany,0,0,
improve developer experience,20,,0,,,,57.00,,1,1,US,United States,20,0,
subprocess,1000,0,0,0,,13.00,18.33,5.33,3,-2,IL,Israel,1000,0,0
power10k,140,0,0,0,,8.78,8.29,-0.49,7,-2,US,United States,140,0,0
popd,500,0,0,0,,9.33,9.33,0.00,6,,IN,India,500,0,0
if bash,10,0,,,,51.00,,,0,-1,UY,Uruguay,10,0,
unit testing vs integration testing,450,0,,,,70.00,,,0,-1,US,United States,450,0,
python абстрактный класс,30,0,,,,59.00,,,0,-1,RU,Russian Federation,30,0,
incident response metrics,250,0,0,0,,57.00,69.00,12.00,1,,US,United States,250,0,0
monorepo architecture,400,0,0,0,,67.00,72.00,5.00,1,,IN,India,400,0,0
ripgrep,7290,0,0,0,,13.67,22.64,8.97,11,2,NO,Norway,7290,0,0
blue green deployment model,100,,0,,,,66.00,,1,1,US,United States,100,0,
cli tools,300,0,,,,68.00,,,0,-1,US,United States,300,0,
containerd cli,10,0,,,,55.00,,,0,-1,CA,Canada,10,0,
mysql docker-compose,10,0,0,0,,55.00,55.00,0.00,1,,SG,Singapore,10,0,0
platformcon,30,0,0,0,,6.00,6.00,0.00,1,,CA,Canada,30,0,0
backstage vs port,30,0,0,0,,62.00,62.00,0.00,1,,US,United States,30,0,0
framework in python,500,0,0,0,,99.00,74.00,-25.00,1,,IN,India,500,0,0
framework python,350,,0,,,,73.00,,1,1,BR,Brazil,350,0,
kubernetes deployment strategies,200,0,0,0,,68.00,71.00,3.00,1,,IN,India,200,0,0
install k9s ubuntu,0,0,0,0,,53.00,53.00,0.00,1,,US,United States,0,0,0
apple container,200,,0,,,,69.00,,1,1,US,United States,200,0,
canary deployments,300,0,0,0,,58.00,74.00,16.00,1,,US,United States,300,0,0
nvidia-container-runtime,20,0,0,0,,4.00,6.00,2.00,1,,US,United States,20,0,0
kubernetes network,200,,0,,,,72.00,,1,1,US,United States,200,0,
hatch packages,200,0,0,0,,72.00,72.00,0.00,1,,LK,Sri Lanka,200,0,0
python subprocess popen,250,0,0,0,,22.00,16.00,-6.00,1,,US,United States,250,0,0
what is blue green deployment,500,,0,,,,77.00,,1,1,US,United States,500,0,
bin/bash,150,0,0,0,,10.67,10.12,-0.54,8,2,AR,Argentina,150,0,0
argocd vs spinnaker,80,,0,,,,71.00,,1,1,US,United States,80,0,
kubernetes cluster monitoring,150,0,,,,73.00,,,0,-1,US,United States,150,0,
blue-green deployment,700,0,0,0,,68.00,79.00,11.00,1,,US,United States,700,0,0
unit tests vs integration tests,200,0,0,0,,76.00,76.00,0.00,1,,US,United States,200,0,0
blue/green deployment,400,0,0,0,,59.00,78.00,19.00,1,,US,United States,400,0,0
rules_ts,10,0,0,0,,6.00,6.00,0.00,1,,US,United States,10,0,0
python framework,1300,0,0,0,,62.50,87.33,24.83,3,1,US,United States,1300,0,0
forward type,1200,0,,,,85.00,,,0,-1,US,United States,1200,0,
earthly.com,100,,0,,,,7.00,,1,1,US,United States,100,0,
actions/download-artifact@v2,10,0,0,0,,6.00,6.00,0.00,1,,US,United States,10,0,0
subprocess.completedprocess,10,0,0,0,,6.00,6.00,0.00,1,,US,United States,10,0,0
how to use cmake,250,1,0,-1,,15.00,29.00,14.00,1,-1,GB,United Kingdom,250,0,-1
framework of python,200,0,,,,77.00,,,0,-1,IN,India,200,0,
crio vs containerd,30,0,0,0,,69.00,69.00,0.00,1,,US,United States,30,0,0
pushd %~dp0,0,0,0,0,,54.00,54.00,0.00,1,,US,United States,0,0,0
chown command in linux,1500,,0,,,,69.50,,2,2,US,United States,1500,0,
subprocess.run,340,0,0,0,,9.80,10.20,0.40,5,,DE,Germany,340,0,0
bash functions,400,,0,,,,30.00,,1,1,US,United States,400,0,
/bin/bash,60,0,0,0,,8.17,8.40,0.23,5,-1,GB,United Kingdom,60,0,0
sccache,310,0,0,0,,7.00,9.67,2.67,3,,DE,Germany,310,0,0
dockerfile target,20,0,0,0,,71.00,71.00,0.00,1,,US,United States,20,0,0
class and object in python,2300,0,0,0,,36.00,39.00,3.00,1,,IN,India,2300,0,0
with statement python,200,0,0,0,,38.00,30.00,-8.00,1,,US,United States,200,0,0
portainer,49250,0,0,0,,25.54,24.60,-0.94,40,16,TH,Thailand,49250,0,0
ci/cd pipeline security best practices,100,,0,,,,81.00,,1,1,US,United States,100,0,
what is mtta,100,,0,,,,82.00,,1,1,US,United States,100,0,
argparse example,200,1,0,-1,,13.00,20.00,7.00,1,-1,IT,Italy,200,0,-1
what is framework in python,200,,0,,,,82.00,,1,1,IN,India,200,0,
psycopg2.connect,60,0,0,0,,9.00,7.50,-1.50,2,,US,United States,60,0,0
property based testing,150,0,0,0,,62.00,83.00,21.00,1,,US,United States,150,0,0
logging python,550,0,0,0,,24.00,20.50,-3.50,2,-1,IN,India,550,0,0
setup.py 사용법,10,0,0,0,,70.00,70.00,0.00,1,,KR,South Korea,10,0,0
dockerslim,10,0,0,0,,6.00,7.00,1.00,1,,US,United States,10,0,0
difference between kubernetes and docker,150,,0,,,,86.00,,1,1,US,United States,150,0,
what is blue/green deployment,70,0,,,,82.00,,,0,-1,US,United States,70,0,
upload-artifact@v3,10,0,0,0,,8.00,7.00,-1.00,1,,US,United States,10,0,0
syslog format,150,0,0,0,,88.00,88.00,0.00,1,,US,United States,150,0,0
actions/upload-artifact@v2,40,0,0,0,,8.86,8.40,-0.46,5,-2,IN,India,40,0,0
framework for python,200,0,0,0,,81.00,86.00,5.00,1,,IN,India,200,0,0
pyyaml,3850,0,0,0,,19.33,24.50,5.17,6,3,DE,Germany,3850,0,0
bash declare variable,80,,0,,,,11.00,,1,1,US,United States,80,0,
cloudbuild,0,0,0,0,,7.00,7.00,0.00,1,,CA,Canada,0,0,0
chroot,200,,0,,,,23.00,,1,1,GB,United Kingdom,200,0,
python object,1300,0,0,0,,40.00,43.00,3.00,1,,US,United States,1300,0,0
go/workspace,60,0,0,0,,7.00,8.00,1.00,1,,US,United States,60,0,0
configmap,460,0,0,0,,21.00,19.00,-2.00,3,1,US,United States,460,0,0
cargo-chef,50,0,0,0,,6.00,8.00,2.00,1,,US,United States,50,0,0
python3 virtualenv,250,,0,,,,35.00,,1,1,US,United States,250,0,
what is a yaml file,700,,0,,,,99.00,,1,1,US,United States,700,0,
cdktf,1130,0,0,0,,10.67,13.88,3.21,8,-4,US,United States,1130,0,0
kubernetes container security,300,0,,,,98.00,,,0,-1,US,United States,300,0,
pnpx,30,0,0,0,,7.00,8.00,1.00,1,-1,IN,India,30,0,0
autoconf,40,,0,,,,8.00,,1,1,US,United States,40,0,
jq,24180,0,0,0,,21.67,23.33,1.67,27,3,RU,Russian Federation,24180,0,0
kubeval,20,0,0,0,,9.17,9.14,-0.02,7,1,US,United States,20,0,0
docker build --target,10,0,,,,84.00,,,0,-1,GB,United Kingdom,10,0,
protoc-gen-grpc-gateway,20,0,0,0,,8.00,8.00,0.00,1,,US,United States,20,0,0
go-sqlite3,30,0,0,0,,9.00,9.00,0.00,2,,DE,Germany,30,0,0
psycopg2,5200,0,0,0,,18.38,16.24,-2.15,17,4,SG,Singapore,5200,0,0
kubebench,50,0,0,0,,9.00,9.50,0.50,2,1,NL,Netherlands,50,0,0
--runtime=nvidia,10,0,0,0,,7.00,8.00,1.00,1,,US,United States,10,0,0
awk printf,40,,0,,,,10.00,,1,1,US,United States,40,0,
canary release meaning,100,0,0,0,,100.00,100.00,0.00,1,,US,United States,100,0,0
awk linux,150,0,0,0,,38.00,27.00,-11.00,1,,US,United States,150,0,0
kube-bench,190,0,,,,10.33,,,0,-3,US,United States,190,0,
amazon-ecr-credential-helper,10,0,0,0,,9.00,9.00,0.00,1,,US,United States,10,0,0
classes and objects in python,1000,0,0,0,,41.00,36.00,-5.00,1,,IN,India,1000,0,0
pymongo,2510,0,0,0,,13.33,11.33,-2.00,9,3,PT,Portugal,2510,0,0
actions/cache@v3,80,0,0,0,,10.00,9.50,-0.50,4,2,GB,United Kingdom,80,0,0
dockerfile-rails,0,0,,,,8.00,,,0,-1,US,United States,0,0,
github_head_ref,40,0,0,0,,9.00,9.00,0.00,1,,US,United States,40,0,0
yaml.load,60,0,0,0,,9.67,9.33,-0.33,3,,GB,United Kingdom,60,0,0
kubeadm,1830,0,0,0,,11.83,18.40,6.57,5,-1,SG,Singapore,1830,0,0
define:monorepo,10,0,0,0,,98.00,98.00,0.00,1,,US,United States,10,0,0
yaml.safe_dump,20,0,0,0,,7.00,9.00,2.00,1,,US,United States,20,0,0
cmake download,320,0,0,0,,10.33,11.50,1.17,4,1,PL,Poland,320,0,0
actions/upload-artifact@v4,350,0,0,0,,11.00,11.00,0.00,1,,US,United States,350,0,0
logging.config,20,,0,,,,9.00,,1,1,US,United States,20,0,
intercal,700,0,0,0,,11.00,11.25,0.25,4,1,US,United States,700,0,0
yaml.safeload,20,0,0,0,,10.00,10.00,0.00,1,,US,United States,20,0,0
safe_load,10,0,0,0,,9.00,9.00,0.00,1,,US,United States,10,0,0
dawidd6/action-download-artifact@v2,10,0,,,,9.00,,,0,-1,US,United States,10,0,
#bin/bash,0,0,0,0,,6.00,9.67,3.67,3,2,GB,United Kingdom,0,0,0
setup.py,70,0,0,0,,11.00,11.00,0.00,1,,US,United States,70,0,0
psycog2,0,0,0,0,,9.00,9.00,0.00,1,,US,United States,0,0,0
turborepo,9100,0,0,0,,14.73,19.36,4.64,11,,DK,Denmark,9100,0,0
tool.poetry.dependencies,30,0,0,0,,5.00,10.00,5.00,1,,US,United States,30,0,0
bash while loop,2200,,0,,,,21.50,,2,2,GB,United Kingdom,2200,0,
linux chown,400,0,0,0,,43.00,34.00,-9.00,1,,US,United States,400,0,0
cimg/python,20,0,,,,10.00,,,0,-1,US,United States,20,0,
actions/upload-pages-artifact@v1,20,0,0,0,,10.00,10.00,0.00,1,,US,United States,20,0,0
docker store,20,0,,,,8.00,,,0,-1,DE,Germany,20,0,
python error handling,500,,0,,,,28.00,,1,1,US,United States,500,0,
docker-slim,10,0,,,,11.00,,,0,-1,IN,India,10,0,
logging in python,900,1,0,-1,,21.00,40.00,19.00,1,,US,United States,900,0,-1
make_dataclass,10,0,0,0,,9.00,10.00,1.00,1,,US,United States,10,0,0
awk print,400,0,0,0,,31.00,31.00,0.00,1,,US,United States,400,0,0
spdx-sbom-generator,10,0,,,,10.00,,,0,-1,US,United States,10,0,
grpc.dial,10,0,,,,10.00,,,0,-1,US,United States,10,0,
psychopg2,0,0,,,,10.00,,,0,-1,US,United States,0,0,
while loop bash,250,,0,,,,18.00,,1,1,US,United States,250,0,
install virtualenv,150,3,0,-3,,8.00,40.00,32.00,1,,IN,India,150,0,-3
pyscopg2,0,0,0,0,,10.00,10.00,0.00,1,,US,United States,0,0,0
subprocess popen,400,0,0,0,,24.00,24.00,0.00,1,,US,United States,400,0,0
buf.gen.yaml,30,0,0,0,,11.00,11.00,0.00,1,,US,United States,30,0,0
linux uniq,150,0,0,0,,14.50,18.00,3.50,1,-1,AU,Australia,150,0,0
setuptools.setup,0,0,,,,11.00,,,0,-1,US,United States,0,0,
#!/bin/bash,40,0,0,0,,12.67,14.00,1.33,2,-1,CO,Colombia,40,0,0
[jq,10,,0,,,,11.00,,1,1,RU,Russian Federation,10,0,
combine two lists python,350,0,0,0,,13.00,14.00,1.00,1,,US,United States,350,0,0
",jq",10,,0,,,,11.00,,1,1,RU,Russian Federation,10,0,
k9s,20850,0,0,0,,34.70,26.70,-8.00,20,10,IL,Israel,20850,0,0
subprocess.popen,450,0,0,0,,26.00,27.00,1.00,1,,US,United States,450,0,0
syslog levels,300,0,,,,26.00,,,0,-1,US,United States,300,0,
autotools,500,0,0,0,,12.00,15.00,3.00,2,-2,GB,United Kingdom,500,0,0
!#/bin/bash,0,0,0,0,,3.00,12.00,9.00,1,,ES,Spain,0,0,0
errors.is,0,0,0,0,,11.00,11.00,0.00,1,,US,United States,0,0,0
if else bash,400,0,0,0,,34.00,38.00,4.00,1,,US,United States,400,0,0
python merge two lists,150,0,0,0,,13.00,17.00,4.00,1,,US,United States,150,0,0
python popen,400,,0,,,,29.00,,1,1,US,United States,400,0,
bash set variable,400,0,,,,18.00,,,0,-1,US,United States,400,0,
buildctl,0,0,0,0,,12.00,12.00,0.00,1,,US,United States,0,0,0
python postgresql,150,0,0,0,,43.00,43.00,0.00,1,,US,United States,150,0,0
python merge lists,200,0,0,0,,14.00,14.00,0.00,1,,US,United States,200,0,0
actions/download-artifact@v4,200,0,0,0,,12.00,15.00,3.00,1,,US,United States,200,0,0
add-apt-repository,200,,0,,,,54.00,,1,1,US,United States,200,0,
combine lists python,200,0,0,0,,13.00,15.00,2.00,1,,US,United States,200,0,0
python argparse example,400,0,,,,36.00,,,0,-1,US,United States,400,0,
jruby,200,0,0,0,,16.00,14.00,-2.00,1,,US,United States,200,0,0
linux awk,250,0,0,0,,34.00,33.00,-1.00,1,,US,United States,250,0,0
gcc flags,450,,0,,,,35.00,,1,1,US,United States,450,0,
python combine lists,300,0,0,0,,12.00,13.00,1.00,1,,US,United States,300,0,0
subprocess.call(),0,0,0,0,,15.00,15.00,0.00,1,,US,United States,0,0,0
import csv python,250,1,0,-1,,13.25,20.00,6.75,1,-3,NL,Netherlands,250,0,-1
how to create a file in python,200,0,0,0,,33.00,33.00,0.00,1,,IN,India,200,0,0
merge two lists python,150,0,0,0,,13.00,19.00,6.00,1,,NL,Netherlands,150,0,0
kubernetes configmap,400,1,0,-1,,17.00,20.00,3.00,1,-4,PT,Portugal,400,0,-1
bash or,150,0,0,0,,34.00,35.00,1.00,1,,US,United States,150,0,0
python csv reader,1500,0,0,0,,16.50,25.00,8.50,1,-1,ID,Indonesia,1500,0,0
fluxcd,750,0,0,0,,23.00,19.00,-4.00,2,,IN,India,750,0,0
ghcr,2100,0,0,0,,26.50,34.67,8.17,3,1,IN,India,2100,0,0
timsort,1000,0,0,0,,53.00,34.00,-19.00,1,,US,United States,1000,0,0
popen python,150,0,0,0,,29.00,34.00,5.00,1,,US,United States,150,0,0
buildx,300,,0,,,,19.00,,1,1,IN,India,300,0,
chown command,1550,0,0,0,,50.00,53.00,3.00,2,1,IN,India,1550,0,0
bash if then,200,,0,,,,32.00,,1,1,US,United States,200,0,
python error types,500,,0,,,,31.00,,1,1,US,United States,500,0,
automake,80,,0,,,,21.00,,1,1,US,United States,80,0,
p10k,500,,0,,,,21.00,,1,1,US,United States,500,0,
logging.basicconfig,200,0,0,0,,23.00,22.00,-1.00,1,,US,United States,200,0,0
subprocess.check_output,150,0,0,0,,5.00,22.00,17.00,1,,US,United States,150,0,0
chown linux,450,,0,,,,68.00,,2,2,FR,France,450,0,
bash if then else,250,0,0,0,,29.00,29.00,0.00,1,,US,United States,250,0,0
docker python,700,,0,,,,38.00,,1,1,US,United States,700,0,
containerd,6650,0,0,0,,35.25,31.40,-3.85,5,1,RU,Russian Federation,6650,0,0
cosine similarity,3600,,0,,,,54.00,,1,1,IN,India,3600,0,
cri-o,610,0,0,0,,19.00,12.50,-6.50,2,1,US,United States,610,0,0
docker vm,250,,0,,,,39.00,,1,1,US,United States,250,0,
pytest.fixture,150,0,0,0,,24.00,24.00,0.00,1,,US,United States,150,0,0
python csv module,350,0,,,,35.00,,,0,-1,US,United States,350,0,
python logging levels,800,2,0,-2,,16.50,24.00,7.50,1,-1,CA,Canada,800,0,-2
ghcr.io,750,0,0,0,,27.00,39.00,12.00,2,,US,United States,750,0,0
bash boolean,150,0,0,0,,30.00,24.00,-6.00,1,,US,United States,150,0,0
lxc,490,0,0,0,,16.00,23.25,7.25,4,-4,CA,Canada,490,0,0
buf,30,0,,,,25.00,,,0,-1,RU,Russian Federation,30,0,
replicaset,300,0,0,0,,9.00,14.00,5.00,2,,US,United States,300,0,0
if then bash,40,0,0,0,,37.00,37.00,0.00,1,,US,United States,40,0,0
kubescape,250,0,0,0,,20.00,27.00,7.00,1,,US,United States,250,0,0
aws-actions/amazon-ecr-login,150,,0,,,,27.00,,1,1,US,United States,150,0,
cross compiler,700,0,,,,44.00,,,0,-1,IN,India,700,0,
lerna,1710,0,0,0,,35.00,21.67,-13.33,3,2,BE,Belgium,1710,0,0
chown example,150,,0,,,,62.00,,1,1,US,United States,150,0,
elixir phoenix,500,,0,,,,41.00,,1,1,US,United States,500,0,
nvidia docker,300,0,0,0,,41.00,42.00,1.00,1,,US,United States,300,0,0
sudo chown,200,,0,,,,49.00,,1,1,US,United States,200,0,
actions/cache,300,0,0,0,,19.00,30.00,11.00,1,,US,United States,300,0,0
github_env,100,0,0,0,,29.00,31.00,2.00,1,,US,United States,100,0,0
git-lfs,450,0,0,0,,34.00,33.00,-1.00,1,,US,United States,450,0,0
bash while,250,,0,,,,46.00,,1,1,DE,Germany,250,0,
bash string concatenation,250,,0,,,,39.00,,1,1,US,United States,250,0,
docker cloud,300,0,0,0,,24.00,26.00,2.00,1,,US,United States,300,0,0
tailscale,1050,,0,,,,36.50,,2,2,CZ,Czech Republic,1050,0,
bash if and,200,0,0,0,,32.00,29.00,-3.00,1,,US,United States,200,0,0
gitlab ci,500,0,0,0,,28.33,29.50,1.17,2,-1,IN,India,500,0,0
buildah,300,,0,,,,36.00,,1,1,IN,India,300,0,
gitlfs,150,0,,,,37.00,,,0,-1,US,United States,150,0,
dataclasses,300,0,0,0,,27.00,37.00,10.00,1,,US,United States,300,0,0
docker build,700,0,0,0,,12.00,43.00,31.00,2,1,UY,Uruguay,700,0,0
bash concatenate strings,400,0,0,0,,41.00,44.00,3.00,1,,US,United States,400,0,0
systemd,4550,0,0,0,,43.33,43.75,0.42,4,1,IN,India,4550,0,0
k6.io,10,0,,,,43.00,,,0,-1,BR,Brazil,10,0,
django admin,400,0,0,0,,46.00,51.00,5.00,1,,US,United States,400,0,0
if else in shell script,150,0,0,0,,52.00,56.00,4.00,1,,IN,India,150,0,0
golang http,250,0,0,0,,39.50,41.00,1.50,1,-1,CA,Canada,250,0,0
pytest.mark.usefixtures,20,0,0,0,,49.00,49.00,0.00,1,,US,United States,20,0,0
dataclass,700,,0,,,,51.00,,1,1,US,United States,700,0,
nvidia-docker,250,0,0,0,,37.00,45.00,8.00,1,,US,United States,250,0,0
docker network create,350,,0,,,,48.00,,1,1,US,United States,350,0,
kubernetes autoscaling,500,0,,,,57.00,,,0,-1,US,United States,500,0,
backstage.io,200,,0,,,,60.00,,1,1,US,United States,200,0,
fastly careers,450,,0,,,,88.00,,1,1,US,United States,450,0,
python execute shell command,400,,0,,,,1.00,,1,1,US,United States,400,0,
build_bazel_rules_nodejs,0,0,0,0,,7.00,7.00,0.00,1,,US,United States,0,0,0
difference between static and dynamic,450,0,0,0,,1.00,1.00,0.00,1,,US,United States,450,0,0
terraform-ecs example,0,0,0,0,,8.00,8.00,0.00,1,,US,United States,0,0,0
gocsv unmarshall,0,0,0,0,,6.00,5.00,-1.00,1,,RU,Russian Federation,0,0,0
?= in makefile,0,0,0,0,,9.00,9.00,0.00,1,,US,United States,0,0,0
nvcontainer,0,0,,,,8.00,,,0,-1,MX,Mexico,0,0,
install homebrew mac,450,0,0,0,,3.00,2.00,-1.00,1,,US,United States,450,0,0
homebrew for mac m1,0,0,0,0,,7.00,8.00,1.00,1,,US,United States,0,0,0
abstract class,90,0,,,,1.00,,,0,-1,HK,Hong Kong,90,0,
jq select array element based on value,0,0,0,0,,8.00,9.00,1.00,1,,US,United States,0,0,0
does docker work on m1,0,0,,,,9.00,,,0,-1,US,United States,0,0,
how to install cmake in windows,0,0,0,0,,4.00,4.00,0.00,1,,IN,India,0,0,0
awk substring,150,,0,,,,8.00,,1,1,US,United States,150,0,
gnu make wildcard,0,0,0,0,,4.00,4.00,0.00,1,,US,United States,0,0,0
echo (command),0,0,0,0,,11.00,11.00,0.00,1,,US,United States,0,0,0
installing homebrew on m1 mac,0,0,0,0,,8.00,8.00,0.00,1,,US,United States,0,0,0
makefile wildcards,0,0,0,0,,3.00,3.00,0.00,1,,US,United States,0,0,0
how to read csv file in pyspark,20,0,0,0,,5.00,5.00,0.00,1,,IN,India,20,0,0
jq list of objects,0,0,0,0,,9.00,9.00,0.00,1,,US,United States,0,0,0
combine a list of lists,0,0,,,,10.00,,,0,-1,US,United States,0,0,
new line in shell script,30,,0,,,,1.00,,1,1,IN,India,30,0,
django logging,200,,0,,,,1.00,,1,1,US,United States,200,0,
cosine similarity python sklearn example,0,0,,,,9.00,,,0,-1,US,United States,0,0,
chef docker compose,0,0,0,0,,4.00,4.00,0.00,1,,US,United States,0,0,0
install homebrew on m1,0,0,0,0,,8.00,8.00,0.00,1,,US,United States,0,0,0
sed replace all matches,0,0,0,0,,7.00,5.00,-2.00,1,,RU,Russian Federation,0,0,0
windows cmake install,0,0,0,0,,4.00,5.00,1.00,1,,US,United States,0,0,0
python замыкания,20,0,,,,6.00,,,0,-1,RU,Russian Federation,20,0,
ruamel,30,0,0,0,,3.00,3.00,0.00,1,,US,United States,30,0,0
psycopg2 query,0,0,0,0,,8.00,8.00,0.00,1,,US,United States,0,0,0
debian repository server,0,0,0,0,,5.00,5.00,0.00,1,,RU,Russian Federation,0,0,0
abstraction in python,2800,,0,,,,1.00,,1,1,IN,India,2800,0,
terraform lifecycle,300,,0,,,,1.00,,1,1,IN,India,300,0,
psycopg2 context manager,0,0,0,0,,7.00,4.00,-3.00,1,,US,United States,0,0,0
echo,25000,0,,,,1.00,,,0,-1,IN,India,25000,0,
jq first element in array,0,,0,,,,9.00,,1,1,US,United States,0,0,
what is ldflags,0,,0,,,,9.00,,1,1,US,United States,0,0,
vscode make not found,0,0,,,,8.00,,,0,-1,US,United States,0,0,
makefile call function,0,0,0,0,,20.00,20.00,0.00,1,,US,United States,0,0,0
bazel force rebuild,0,0,0,0,,8.00,12.00,4.00,1,,US,United States,0,0,0
miniconda,1900,,0,,,,2.00,,1,1,IN,India,1900,0,
terraform github,250,,0,,,,2.00,,1,1,IN,India,250,0,
io_bazel_rules_docker,0,0,0,0,,6.00,6.00,0.00,1,,US,United States,0,0,0
makefile parameter,0,0,0,0,,6.00,6.00,0.00,1,,FR,France,0,0,0
is namedtuple mutable,0,,0,,,,10.00,,1,1,US,United States,0,0,
bazel container_image,0,0,0,0,,6.00,5.00,-1.00,1,,US,United States,0,0,0
an earthly match,0,0,0,0,,3.00,5.00,2.00,1,,DE,Germany,0,0,0
py_binary bazel,0,0,0,0,,7.00,7.00,0.00,1,,US,United States,0,0,0
python errors,300,0,,,,1.00,,,0,-1,US,United States,300,0,
import yaml file in python,0,0,0,0,,6.00,6.00,0.00,1,,IN,India,0,0,0
github context,250,,0,,,,1.00,,1,1,US,United States,250,0,
zsh: command not found: brew,1000,,0,,,,1.00,,1,1,US,United States,1000,0,
makefile $@,0,0,0,0,,9.00,7.00,-2.00,1,,US,United States,0,0,0
install brew mac,350,0,0,0,,4.00,2.00,-2.00,1,-2,FR,France,350,0,0
how to install homebrew on mac m1,0,0,0,0,,8.00,8.00,0.00,1,,CA,Canada,0,0,0
py_test bazel,0,0,0,0,,8.00,8.00,0.00,1,,US,United States,0,0,0
is the m1 chip good,70,0,,,,1.00,,,0,-1,US,United States,70,0,
python match case,150,0,,,,11.00,,,0,-1,BR,Brazil,150,0,
docker python mongodb,0,0,,,,5.00,,,0,-1,RU,Russian Federation,0,0,
bazel py_library,0,0,0,0,,6.00,8.00,2.00,1,,US,United States,0,0,0
bazel pytest,0,0,0,0,,7.00,7.00,0.00,1,,US,United States,0,0,0
команда echo linux,70,0,,,,1.00,,,0,-1,RU,Russian Federation,70,0,
what are ldflags,0,0,0,0,,10.00,9.00,-1.00,1,,US,United States,0,0,0
go mod,300,,0,,,,2.00,,1,1,US,United States,300,0,
subprocess stdout to string,0,,0,,,,8.00,,1,1,US,United States,0,0,
cat command in linux,4700,,0,,,,1.00,,1,1,IN,India,4700,0,
golang grpc dial,0,0,0,0,,9.00,9.00,0.00,1,,US,United States,0,0,0
awk fpat,0,0,0,0,,7.00,7.00,0.00,1,,US,United States,0,0,0
awk comma delimited,0,0,0,0,,2.00,2.00,0.00,1,,US,United States,0,0,0
install git lfs,600,0,,,,4.00,,,0,-1,US,United States,600,0,
unable to find any artifacts for the associated workflow,0,0,0,0,,7.00,7.00,0.00,1,,US,United States,0,0,0
cmake,1200,,0,,,,4.00,,1,1,BR,Brazil,1200,0,
pass to bash variable,0,0,0,0,,5.00,5.00,0.00,1,,RU,Russian Federation,0,0,0
how to use venv,150,,0,,,,1.00,,1,1,US,United States,150,0,
shebang line,300,0,0,0,,3.00,3.00,0.00,1,,IN,India,300,0,0
python virtual env,350,,0,,,,1.00,,1,1,US,United States,350,0,
npx,1300,0,0,0,,66.00,6.00,-60.00,1,,TH,Thailand,1300,0,0
backstage spotify,400,,0,,,,6.00,,1,1,US,United States,400,0,
makefile missing separator,350,0,,,,4.00,,,0,-1,US,United States,350,0,
homebrew m1 install,0,0,0,0,,7.00,7.00,0.00,1,,US,United States,0,0,0
download homebrew mac m1,0,0,,,,9.00,,,0,-1,US,United States,0,0,
yaml.safe_load example,0,0,0,0,,4.00,4.00,0.00,1,,US,United States,0,0,0
how to install brew in mac m1,0,0,,,,10.00,,,0,-1,IN,India,0,0,
brew install m1 mac,0,0,0,0,,7.00,7.00,0.00,1,,US,United States,0,0,0
subprocess.stdout,0,0,0,0,,11.00,11.00,0.00,1,,US,United States,0,0,0
fastlane environment variables,10,0,0,0,,12.00,12.00,0.00,1,,US,United States,10,0,0
brew for mac m1,0,0,0,0,,7.00,8.00,1.00,1,,US,United States,0,0,0
linux >>,40,0,,,,4.00,,,0,-1,US,United States,40,0,
bazel docker rules,0,0,0,0,,4.00,5.00,1.00,1,,US,United States,0,0,0
chmod 700,300,,0,,,,1.00,,1,1,US,United States,300,0,
python build wheel from setup.py,0,0,0,0,,7.00,7.00,0.00,1,,US,United States,0,0,0
python with,3100,0,,,,1.00,,,0,-1,US,United States,3100,0,
py_library bazel,0,0,0,0,,7.00,6.00,-1.00,1,,US,United States,0,0,0
install git lfs mac,50,0,0,0,,5.00,5.00,0.00,1,,US,United States,50,0,0
thread safe arraylist,0,,0,,,,1.00,,1,1,US,United States,0,0,
brew m1 mac,0,0,0,0,,5.00,6.00,1.00,1,,US,United States,0,0,0
make c flag,0,0,0,0,,3.00,3.00,0.00,1,,US,United States,0,0,0
best mestrics prometheus,0,0,0,0,,26.00,96.00,70.00,1,,BR,Brazil,0,0,0
bazel python rules,0,0,0,0,,5.00,6.00,1.00,1,,US,United States,0,0,0
cloudformation template,300,,0,,,,1.00,,1,1,US,United States,300,0,
install brew m1 mac,0,0,0,0,,8.00,9.00,1.00,1,,US,United States,0,0,0
homebrew on mac m1,0,0,0,0,,7.00,8.00,1.00,1,,US,United States,0,0,0
jq show multiple fields,0,0,0,0,,8.00,8.00,0.00,1,,US,United States,0,0,0
makefile $(var),0,0,0,0,,2.00,2.00,0.00,1,,RU,Russian Federation,0,0,0
linux pushd,70,,0,,,,5.00,,1,1,US,United States,70,0,
syslog คือ,40,0,,,,1.00,,,0,-1,TH,Thailand,40,0,
mac install git,200,,0,,,,1.00,,1,1,US,United States,200,0,
python subprocess redirect stdout,0,0,0,0,,3.00,3.00,0.00,1,,US,United States,0,0,0
match in python,300,,0,,,,8.00,,1,1,IN,India,300,0,
comando echo,30,0,,,,1.00,,,0,-1,BR,Brazil,30,0,
unix commands,1000,,0,,,,1.00,,1,1,US,United States,1000,0,
python venv,200,,0,,,,1.00,,1,1,VN,Vietnam,200,0,
cmakelists.txt,250,0,0,0,,4.00,4.00,0.00,1,,US,United States,250,0,0
bazel npm,0,0,0,0,,6.00,6.00,0.00,1,,US,United States,0,0,0
virtual environment in python,300,,0,,,,1.00,,1,1,IN,India,300,0,
echo without newline,200,0,0,0,,3.00,3.00,0.00,1,,US,United States,200,0,0
jq get value from array,0,0,0,0,,10.00,10.00,0.00,1,,US,United States,0,0,0
what are pods,800,0,,,,1.00,,,0,-1,US,United States,800,0,
awk parse csv,0,0,0,0,,2.00,2.00,0.00,1,,US,United States,0,0,0
git lfs install,1400,0,,,,5.00,,,0,-4,IN,India,1400,0,
ts parsing,500,0,,,,1.00,,,0,-1,IN,India,500,0,
aws provider terraform,450,,0,,,,1.00,,1,1,US,United States,450,0,
makefile wildcard target,0,0,0,0,,2.00,2.00,0.00,1,,US,United States,0,0,0
makefile set variable from command,0,0,0,0,,3.00,3.00,0.00,1,,US,United States,0,0,0
0x09. c - static libraries,0,0,,,,38.00,,,0,-1,NG,Nigeria,0,0,
awk adalah,150,,0,,,,1.00,,1,1,ID,Indonesia,150,0,
match python,300,0,,,,7.00,,,0,-1,US,United States,300,0,
terraform basics,200,,0,,,,1.00,,1,1,IN,India,200,0,
install npx,30,0,,,,4.00,,,0,-1,MX,Mexico,30,0,
homebrew install directory,0,0,0,0,,9.00,9.00,0.00,1,,US,United States,0,0,0
psycopg2 execute query,0,0,0,0,,7.00,10.00,3.00,1,,US,United States,0,0,0
jq exclude fields,0,0,,,,9.00,,,0,-1,US,United States,0,0,
make missing separator. stop,10,0,0,0,,4.00,4.00,0.00,1,,US,United States,10,0,0
bash shebang,800,0,0,0,,5.00,5.00,0.00,1,,US,United States,800,0,0
how to make a make file c++,0,0,0,0,,8.00,8.00,0.00,1,,US,United States,0,0,0
install brew on mac,200,0,0,0,,9.00,6.00,-3.00,1,,US,United States,200,0,0
cronjobs in kubernetes run in,0,0,,,,19.00,,,0,-1,IN,India,0,0,
python raise,100,,0,,,,1.00,,1,1,RU,Russian Federation,100,0,
dlv,70,,0,,,,1.00,,1,1,PL,Poland,70,0,
sed find and replace regex,0,0,0,0,,4.00,4.00,0.00,1,,US,United States,0,0,0
bazel rebuild,0,0,0,0,,10.00,10.00,0.00,1,,US,United States,0,0,0
install homebrew m1 mac,0,0,0,0,,8.00,8.00,0.00,1,,US,United States,0,0,0
nmake,250,0,,,,4.00,,,0,-1,US,United States,250,0,
makefile append to variable,0,0,0,0,,4.00,4.00,0.00,1,,US,United States,0,0,0
ast,800,,0,,,,1.00,,1,1,SG,Singapore,800,0,
act like udc meaning,0,0,,,,11.00,,,0,-1,IN,India,0,0,
valueerror,150,,0,,,,1.00,,1,1,IN,India,150,0,
example makefile c++,0,0,0,0,,10.00,10.00,0.00,1,,US,United States,0,0,0
pushd linux,10,0,,,,4.00,,,0,-1,CA,Canada,10,0,
no module named 'yaml',200,0,,,,6.00,,,0,-1,US,United States,200,0,
aws terraform,500,,0,,,,1.00,,1,1,IN,India,500,0,
what is yaml,250,0,,,,1.00,,,0,-1,CA,Canada,250,0,
best mestrics grafana,0,0,0,0,,36.00,63.00,27.00,1,,BR,Brazil,0,0,0
git_lfs_skip_smudge,80,0,0,0,,9.00,9.00,0.00,1,,US,United States,80,0,0
k8s,1000,0,,,,1.00,,,0,-1,GB,United Kingdom,1000,0,
awk example script,0,0,0,0,,7.00,9.00,2.00,1,,US,United States,0,0,0
earthly client solutions,0,0,0,0,,5.00,5.00,0.00,1,,US,United States,0,0,0
minikube alternative,30,,0,,,,1.00,,1,1,US,United States,30,0,
homebrew for m1,0,0,0,0,,6.00,6.00,0.00,1,,US,United States,0,0,0
make file windows,0,0,0,0,,4.00,4.00,0.00,1,,US,United States,0,0,0
terraform install,1000,,0,,,,3.00,,1,1,IN,India,1000,0,
homebrew is not in your path,0,0,,,,10.00,,,0,-1,US,United States,0,0,
multiple github actions in one repository,0,0,0,0,,4.00,5.00,1.00,1,,US,United States,0,0,0
how to make makefile c++,0,,0,,,,8.00,,1,1,US,United States,0,0,
echo new line,150,0,0,0,,4.50,4.00,-0.50,1,-1,US,United States,150,0,0
jq only show some fields,0,0,0,0,,9.00,7.00,-2.00,1,,US,United States,0,0,0
installing brew on mac m1,0,0,0,0,,9.00,11.00,2.00,1,,US,United States,0,0,0
how to activate venv,200,,0,,,,1.00,,1,1,CA,Canada,200,0,
golang error,0,0,0,0,,9.00,10.00,1.00,1,,GB,United Kingdom,0,0,0
eval,300,0,,,,1.00,,,0,-1,BR,Brazil,300,0,
k3s k8s 차이,100,0,,,,1.00,,,0,-1,KR,South Korea,100,0,
yaml,700,0,,,,1.00,,,0,-1,SG,Singapore,700,0,
classes in python,3000,,0,,,,1.00,,1,1,US,United States,3000,0,
cronjob schedule,350,0,,,,1.00,,,0,-1,IN,India,350,0,
#!/usr/bin/env bash,10,,0,,,,5.00,,1,1,CA,Canada,10,0,
makefile activate venv,0,0,0,0,,9.00,9.00,0.00,1,,US,United States,0,0,0
echo bash,20,0,0,0,,9.00,1.00,-8.00,1,,IN,India,20,0,0
update docker container,200,,0,,,,1.00,,1,1,US,United States,200,0,
how to add homebrew to path mac m1,0,0,0,0,,4.00,4.00,0.00,1,,US,United States,0,0,0
shebang bash,600,0,0,0,,5.00,1.00,-4.00,1,,US,United States,600,0,0
cmake command not found,0,0,0,0,,6.00,5.00,-1.00,1,,AU,Australia,0,0,0
