Keyword,Volume,Previous organic traffic,Current organic traffic,Organic traffic change,Current paid traffic,Previous average position,Current average position,Position change,Current locations,Locations change,Top location code,Top location,Top location's volume,Top location's traffic,Top location's traffic change
harness,219470,11844,12606,762,,3.08,2.96,-0.11,130,-2,US,United States,219470,12606,762
sdlc phases,9700,421,1694,1274,,2.24,1.76,-0.48,50,,US,United States,9700,1694,1274
harness company,2110,826,1074,249,,1.25,1.25,0.00,4,,IN,India,2110,1074,249
sdlc,125030,1731,927,-804,,11.76,13.34,1.58,62,12,US,United States,125030,927,-804
harness careers,1000,617,622,5,,1.00,1.00,0.00,2,,IN,India,1000,622,5
harness.io,580,618,618,0,,1.00,1.00,0.00,7,,US,United States,580,618,0
deployment strategies,17210,338,601,263,,5.14,4.00,-1.14,9,2,GB,United Kingdom,17210,601,263
devops development company,1380,27,491,463,,7.00,5.50,-1.50,2,,US,United States,1380,491,463
harnes,6640,246,468,222,,5.96,5.48,-0.48,27,1,IN,India,6640,468,222
harness bangalore,700,463,463,0,,1.00,1.00,0.00,1,,IN,India,700,463,0
harness logo,560,425,343,-82,,1.00,1.00,0.00,4,,US,United States,560,343,-82
harness io,940,361,334,-27,,1.00,1.00,0.00,7,,US,United States,940,334,-27
ternary operator,8800,322,,,,14.67,,,0,-3,US,United States,8800,322,
harness tool,770,280,285,5,,1.00,1.00,0.00,3,,IN,India,770,285,5
harness software,780,254,278,24,,1.00,1.00,0.00,6,,US,United States,780,278,24
harmess,560,254,259,6,,4.33,4.14,-0.19,7,1,US,United States,560,259,6
software development life cycle phases,1300,106,254,148,,3.19,2.44,-0.75,16,,US,United States,1300,254,148
false positive rate,5440,227,232,5,,2.84,2.95,0.11,38,,RU,Russian Federation,5440,232,5
harness ci cd,650,215,215,0,,1.00,1.00,0.00,6,,US,United States,650,215,0
devsecops container security,510,118,195,77,,2.50,3.00,0.50,2,,US,United States,510,195,77
git flow vs github flow,540,191,189,-2,,1.21,1.21,0.00,14,,US,United States,540,189,-2
continuous integration tools,3200,66,187,121,,17.50,6.00,-11.50,1,-1,US,United States,3200,187,121
phases of sdlc,1530,200,186,-14,,1.86,1.57,-0.29,14,,US,United States,1530,186,-14
trunk based development,10780,40,180,140,,7.95,7.07,-0.88,41,21,IN,India,10780,180,140
harness vs jenkins,420,154,180,26,,1.00,1.25,0.25,4,,US,United States,420,180,26
harness documentation,250,175,173,-1,,1.00,1.00,0.00,2,,US,United States,250,173,-1
cicd,32850,237,169,-69,,26.18,34.26,8.08,27,5,US,United States,32850,169,-69
harness login,360,190,162,-29,,1.67,1.67,0.00,3,,US,United States,360,162,-29
github flow vs git flow,470,153,158,5,,1.23,1.15,-0.08,13,,US,United States,470,158,5
github flow,5900,122,155,33,,7.56,9.90,2.34,30,3,NL,Netherlands,5900,155,33
harness cicd,400,132,150,18,,1.00,1.00,0.00,5,,US,United States,400,150,18
argo cd,11900,184,146,-38,,25.55,23.18,-2.37,17,6,IN,India,11900,146,-38
harness devops,390,144,144,0,,1.00,1.00,0.00,4,,US,United States,390,144,0
harness feature flags,160,144,143,-2,1,1.00,1.00,0.00,2,,US,United States,160,143,-2
split io,1220,135,141,5,,3.14,2.77,-0.36,22,,US,United States,1220,141,5
devops company,600,139,140,1,,10.00,8.50,-1.50,2,,US,United States,600,140,1
gitops vs devops,650,78,135,57,,4.40,3.60,-0.80,10,,US,United States,650,135,57
hub harnes,10210,71,134,63,,3.00,18.00,15.00,7,5,ES,Spain,10210,134,63
harness docs,180,131,133,3,,1.00,1.00,0.00,2,,US,United States,180,133,3
harness kubernetes,150,122,130,7,,1.00,1.00,0.00,1,,US,United States,150,130,7
chaos engineering tools,430,86,127,42,,3.20,2.80,-0.40,5,,IN,India,430,127,42
harness testing,270,121,124,3,,2.75,3.25,0.50,4,,US,United States,270,124,3
harness training,870,112,121,9,,12.80,10.20,-2.60,5,,US,United States,870,121,9
harness pipeline,150,124,121,-3,,1.00,1.00,0.00,1,,US,United States,150,121,-3
stages of software development,510,129,119,-10,,1.20,1.40,0.20,10,,US,United States,510,119,-10
harness certification,190,120,119,-1,,1.00,1.00,0.00,3,,US,United States,190,119,-1
devops solutions company,800,,112,,,,3.00,,1,1,US,United States,800,112,
harness ai,500,109,109,0,,1.00,1.00,0.00,1,,US,United States,500,109,0
harness idp,150,108,108,0,,1.00,1.00,0.00,1,,US,United States,150,108,0
harness api docs,150,107,107,0,,1.00,1.00,0.00,1,,US,United States,150,107,0
harness pricing,190,106,106,0,,1.00,1.00,0.00,2,,US,United States,190,106,0
what is harness,1690,94,102,8,,4.50,4.10,-0.40,10,,IN,India,1690,102,8
harness ci,280,98,102,4,,1.00,1.00,0.00,4,,US,United States,280,102,4
harness developer hub,150,96,100,4,,1.00,1.00,0.00,2,,US,United States,150,100,4
harness.io news,150,105,98,-7,,1.00,1.00,0.00,1,,US,United States,150,98,-7
hub harness,1250,95,98,3,,3.67,4.33,0.67,6,,DE,Germany,1250,98,3
jyoti bansal,2080,16,98,81,,9.20,7.25,-1.95,4,-1,IN,India,2080,98,81
harness api,150,102,96,-6,,1.00,1.00,0.00,1,,US,United States,150,96,-6
cloud cost management,2390,86,94,8,,9.17,9.22,0.06,9,3,US,United States,2390,94,8
harneses,160,93,93,0,,2.00,1.50,-0.50,2,,US,United States,160,93,0
harness ci/cd,240,96,93,-4,,1.00,1.00,0.00,3,,US,United States,240,93,-4
software development life cycle,33970,69,92,24,,4.88,4.45,-0.43,55,3,NG,Nigeria,33970,92,24
hatness,150,90,90,0,,5.00,4.50,-0.50,2,,US,United States,150,90,0
sdlc stages,1230,97,89,-8,,1.67,1.93,0.27,15,,GB,United Kingdom,1230,89,-8
gitflow vs github flow,270,88,88,0,,1.20,1.60,0.40,5,,US,United States,270,88,0
harrness,80,86,86,0,,1.00,1.00,0.00,1,,US,United States,80,86,0
canary deployment,7780,42,81,39,,6.92,5.56,-1.36,18,6,IN,India,7780,81,39
release branch strategy,240,81,81,0,,1.00,1.00,0.00,3,,US,United States,240,81,0
dora metrics dashboard,260,81,81,0,,1.20,1.00,-0.20,5,,US,United States,260,81,0
deployment testing,230,79,79,0,,1.00,1.00,0.00,2,,US,United States,230,79,0
harness inc,200,79,78,0,,1.00,1.00,0.00,2,,US,United States,200,78,0
harness university,90,76,78,3,,1.00,1.00,0.00,1,,US,United States,90,78,3
software development life cycle stages,270,38,76,38,,2.33,3.00,0.67,3,,US,United States,270,76,38
harness news,150,12,75,63,,5.00,1.00,-4.00,1,,US,United States,150,75,63
harnness,70,75,75,0,,1.00,2.00,1.00,1,,US,United States,70,75,0
mock test meaning,9240,22,75,53,,10.29,7.50,-2.79,18,4,US,United States,9240,75,53
harness jobs,100,72,72,0,,1.00,1.00,0.00,1,,US,United States,100,72,0
phases of software development,310,65,72,8,,2.00,1.71,-0.29,7,,US,United States,310,72,8
harnees,90,72,72,0,,5.00,5.00,0.00,2,,US,United States,90,72,0
false positive rate formula,690,79,71,-8,,4.43,4.00,-0.43,7,,US,United States,690,71,-8
supply chain software development,570,132,69,-63,,4.67,4.00,-0.67,3,,US,United States,570,69,-63
harnnes,70,71,69,-2,,3.50,1.00,-2.50,1,-1,US,United States,70,69,-2
sdlc life cycle,13680,56,69,13,,4.05,4.48,0.43,21,-1,LK,Sri Lanka,13680,69,13
harbess,340,68,67,-1,,3.00,3.25,0.25,4,,US,United States,340,67,-1
code repository,1580,47,67,21,,7.15,5.92,-1.23,13,,US,United States,1580,67,21
harness gitops,90,67,67,0,,1.00,1.00,0.00,1,,US,United States,90,67,0
harness test,210,68,67,-1,,3.00,3.00,0.00,3,,US,United States,210,67,-1
harness technology,170,66,66,0,,1.00,1.50,0.50,2,,US,United States,170,66,0
sdlc planning phase,240,65,65,0,,1.00,1.60,0.60,5,,US,United States,240,65,0
what is cicd,2070,60,63,3,,9.12,8.41,-0.71,17,9,US,United States,2070,63,3
harnass,350,65,62,-2,,11.00,2.40,-8.60,5,,US,United States,350,62,-2
release testing,380,64,59,-5,,1.17,1.17,0.00,6,,IN,India,380,59,-5
harness cd,150,59,59,0,,1.00,1.00,0.00,1,,US,United States,150,59,0
ci,140350,14,59,45,,29.91,24.75,-5.16,20,-2,IN,India,140350,59,45
cd services,1950,47,59,11,,10.50,9.50,-1.00,2,,IN,India,1950,59,11
devops automation tools,3400,22,57,35,,1.00,5.50,4.50,2,,IN,India,3400,57,35
codeowners,1620,51,57,6,,9.18,9.00,-0.18,11,,US,United States,1620,57,6
what is ci/cd,5300,5,57,52,,30.50,11.50,-19.00,6,4,IN,India,5300,57,52
cloud spend automation,150,56,56,0,,1.00,1.00,0.00,1,,US,United States,150,56,0
ai test automation,470,35,56,21,,4.00,4.00,0.00,2,1,US,United States,470,56,21
software life cycle stages,160,53,54,0,,2.00,1.50,-0.50,2,,US,United States,160,54,0
harness finops,70,52,54,1,,1.00,1.00,0.00,1,,US,United States,70,54,1
guardrail metrics,340,56,53,-3,,4.75,4.75,0.00,4,,IN,India,340,53,-3
change advisory board,1560,31,53,22,,6.23,8.53,2.30,17,4,US,United States,1560,53,22
harness sei,70,53,53,0,,1.00,1.00,0.00,1,,US,United States,70,53,0
liquibase vs flyway,950,31,53,21,,8.80,7.50,-1.30,16,1,SE,Sweden,950,53,21
harnessio,50,52,52,0,,1.00,1.00,0.00,2,,US,United States,50,52,0
software development phases,410,30,52,22,,2.78,1.33,-1.44,9,,IN,India,410,52,22
planning phase of sdlc,100,52,52,0,,2.00,2.00,0.00,1,,US,United States,100,52,0
stages of sdlc,640,60,51,-8,,1.38,2.15,0.77,13,,US,United States,640,51,-8
artifact repository tools,150,51,51,0,,2.00,1.00,-1.00,1,,US,United States,150,51,0
harness ccm,70,52,51,-1,,1.00,1.00,0.00,1,,US,United States,70,51,-1
rolling deployment vs blue green,150,51,51,0,,2.00,1.00,-1.00,1,,US,United States,150,51,0
sdlc steps,1330,61,51,-11,,2.78,1.44,-1.33,9,,IN,India,1330,51,-11
release branch,210,50,50,0,,2.80,1.40,-1.40,5,,US,United States,210,50,0
harness company bangalore,90,50,50,0,,1.00,1.00,0.00,1,,IN,India,90,50,0
harness cloud cost management,70,59,50,-9,,1.00,1.00,0.00,1,,US,United States,70,50,-9
software supply chain lifecycle,150,20,50,30,,2.00,1.00,-1.00,1,,US,United States,150,50,30
harness valuation,230,83,50,-33,,1.50,2.00,0.50,2,,US,United States,230,50,-33
harness sto,70,50,50,0,,1.00,1.00,0.00,1,,US,United States,70,50,0
release branching strategy,130,50,50,0,,1.00,1.00,0.00,2,,US,United States,130,50,0
why is it important to decouple deployment from release,380,85,49,-36,,3.44,2.78,-0.67,9,,US,United States,380,49,-36
sdlc phases with examples,160,39,49,10,,1.40,1.00,-0.40,5,,US,United States,160,49,10
what is terraform,10080,54,49,-5,,7.27,3.09,-4.18,11,,US,United States,10080,49,-5
software development stages,420,55,48,-6,,2.56,2.22,-0.33,9,,US,United States,420,48,-6
harness status,80,48,48,0,,1.00,1.00,0.00,1,,US,United States,80,48,0
what is staging in software development,140,19,47,28,,3.50,2.00,-1.50,2,,US,United States,140,47,28
what is a/b testing,8220,45,47,2,,23.17,20.57,-2.60,7,1,US,United States,8220,47,2
what is sdlc and its phases,150,12,46,34,,1.00,1.00,0.00,1,,IN,India,150,46,34
argocd helm chart,2890,50,46,-4,,12.67,13.57,0.90,7,-2,US,United States,2890,46,-4
what is harness in devops,90,23,46,23,,3.00,1.00,-2.00,1,,US,United States,90,46,23
harness security,70,48,45,-2,,1.00,1.00,0.00,1,,US,United States,70,45,-2
release testing in software engineering,100,45,45,0,,2.00,1.00,-1.00,1,,IN,India,100,45,0
git flow,19830,113,45,-68,,13.39,15.69,2.30,26,3,US,United States,19830,45,-68
a/b testing,33150,241,44,-197,,21.35,34.41,13.06,37,14,IN,India,33150,44,-197
ci/cd tools,2760,9,44,34,,11.62,6.89,-4.74,18,10,US,United States,2760,44,34
build automation,660,44,44,0,,5.00,4.33,-0.67,12,,US,United States,660,44,0
dora dashboard,120,44,44,0,,1.00,1.00,0.00,2,,US,United States,120,44,0
software development process,4940,49,43,-5,,5.83,5.46,-0.37,39,-2,NZ,New Zealand,4940,43,-5
harness cost,70,43,43,0,,1.00,1.00,0.00,1,,US,United States,70,43,0
software delivery platform,100,42,42,0,,2.00,1.00,-1.00,1,,US,United States,100,42,0
software development phase,120,42,42,0,,1.00,2.00,1.00,2,,US,United States,120,42,0
terraform apply,1160,38,42,4,,8.35,7.89,-0.46,18,1,US,United States,1160,42,4
atlassian compass,1230,36,42,6,,8.00,7.75,-0.25,4,,GB,United Kingdom,1230,42,6
harness.io logo,50,39,41,2,,1.00,1.00,0.00,1,,US,United States,50,41,2
what is build automation,120,13,41,28,,3.50,1.50,-2.00,2,,US,United States,120,41,28
ab split testing,410,34,40,6,,6.89,6.78,-0.11,9,,GB,United Kingdom,410,40,6
cloud based continuous integration,160,43,40,-3,,1.00,2.00,1.00,2,,US,United States,160,40,-3
mock testing,370,42,40,-3,,2.30,2.30,0.00,10,,DE,Germany,370,40,-3
supply chain management in software industry,470,0,39,39,,1.00,3.50,2.50,2,1,US,United States,470,39,39
artifact repository,610,33,39,6,,5.31,4.85,-0.46,13,,US,United States,610,39,6
guardrails meaning in business,280,34,39,5,,4.00,3.00,-1.00,5,,IN,India,280,39,5
hareness,40,39,39,0,,1.00,1.00,0.00,1,,US,United States,40,39,0
reliability management,110,38,38,0,,2.50,2.50,0.00,2,,US,United States,110,38,0
thredup black friday,800,24,38,14,,8.00,6.00,-2.00,1,,US,United States,800,38,14
harness app,80,38,38,0,,1.00,1.00,0.00,1,,US,United States,80,38,0
cloud cost management platform,250,0,38,38,,1.00,2.00,1.00,1,,US,United States,250,38,38
the new health source,600,37,,,,6.00,,,0,-1,IN,India,600,37,
error budget,910,38,37,-1,,9.25,9.00,-0.25,8,,US,United States,910,37,-1
development life cycle phases,100,37,37,0,,1.00,1.00,0.00,1,,US,United States,100,37,0
blue green vs rolling deployment,100,37,37,0,,1.00,2.00,1.00,1,,US,United States,100,37,0
helm uninstall,810,6,37,30,,12.67,7.12,-5.54,8,5,IT,Italy,810,37,30
hanress,40,37,37,0,,1.00,1.00,0.00,1,,US,United States,40,37,0
stages of software development life cycle,310,28,36,8,,1.00,1.00,0.00,3,,US,United States,310,36,8
rolling update vs blue green,100,36,36,0,,2.00,2.00,0.00,1,,US,United States,100,36,0
harness funding,90,39,36,-3,,1.00,1.00,0.00,1,,US,United States,90,36,-3
harness continuous delivery,50,36,36,0,,1.00,1.00,0.00,1,,US,United States,50,36,0
harness open source,100,36,36,0,,1.00,1.00,0.00,1,,US,United States,100,36,0
what is a devops pipeline,3600,38,36,-2,,15.00,15.00,0.00,1,,US,United States,3600,36,-2
stages in software development life cycle,110,36,36,0,,1.00,1.00,0.00,2,,US,United States,110,36,0
harness.com,50,60,36,-24,,1.00,1.50,0.50,2,,US,United States,50,36,-24
chaos engineering,4850,18,36,17,,14.60,16.80,2.20,5,,IN,India,4850,36,17
split ab testing,180,34,35,1,,3.75,2.75,-1.00,4,,US,United States,180,35,1
flyway vs liquibase,910,40,35,-5,,8.71,8.54,-0.18,13,6,PL,Poland,910,35,-5
sdlc process,2930,39,35,-4,,5.35,4.63,-0.72,19,-4,US,United States,2930,35,-4
production environment,1250,21,35,14,,5.23,5.63,0.40,19,6,IN,India,1250,35,14
continuous delivery tools,500,0,35,35,,74.00,6.00,-68.00,1,,US,United States,500,35,35
harnace,30,34,34,0,,1.00,1.00,0.00,1,,US,United States,30,34,0
harness terraform provider,90,35,34,-1,,2.00,2.00,0.00,1,,US,United States,90,34,-1
client side testing,90,34,34,0,,1.00,1.00,0.00,1,,US,United States,90,34,0
serverless vs monolith,90,34,34,0,,1.00,1.00,0.00,1,,US,United States,90,34,0
harness platform,90,34,34,0,,1.00,1.00,0.00,1,,US,United States,90,34,0
harness chaos engineering,40,34,34,0,,1.00,1.00,0.00,1,,US,United States,40,34,0
sdlc development phase,110,15,34,19,,3.00,2.50,-0.50,2,,US,United States,110,34,19
hrness,30,33,33,0,,1.00,1.00,0.00,1,,US,United States,30,33,0
terraform destroy,1830,41,33,-7,,9.92,9.96,0.04,23,-1,IN,India,1830,33,-7
ci cd pipeline tools,690,12,33,22,,12.00,7.20,-4.80,5,2,IN,India,690,33,22
code governance,90,33,33,0,,1.00,2.00,1.00,1,,US,United States,90,33,0
blue green canary deployment,150,33,33,0,,1.00,1.00,0.00,1,,US,United States,150,33,0
chaos testing tools,170,35,33,-2,,1.00,1.50,0.50,2,,IN,India,170,33,-2
blue green deployment strategy,750,34,33,-2,,9.00,5.50,-3.50,2,-1,IN,India,750,33,-2
progressive delivery,230,15,33,18,,2.50,3.00,0.50,2,,US,United States,230,33,18
sdlc phases diagram,250,28,32,4,,3.00,2.50,-0.50,2,,US,United States,250,32,4
canary release,1320,35,32,-3,,8.27,9.22,0.95,9,-2,US,United States,1320,32,-3
what are the phases of the software development life cycle,90,32,32,0,,1.00,1.00,0.00,1,,US,United States,90,32,0
java hacks,90,32,32,0,,2.00,2.00,0.00,1,,US,United States,90,32,0
harness delegate,50,32,32,0,,1.00,1.00,0.00,1,,US,United States,50,32,0
what are the 7 phases of sdlc?,240,108,32,-76,,1.00,1.00,0.00,2,,US,United States,240,32,-76
harness bangalore office,60,32,32,0,,1.00,1.00,0.00,1,,IN,India,60,32,0
different phases of sdlc,100,16,32,15,,1.00,1.00,0.00,2,,US,United States,100,32,15
dark launch,450,39,31,-8,,4.56,4.78,0.22,9,,US,United States,450,31,-8
harness tutorial,40,31,31,0,,1.00,1.00,0.00,1,,US,United States,40,31,0
powershell print variable,570,13,31,18,,8.10,7.91,-0.19,11,1,IT,Italy,570,31,18
gitops,11600,0,31,31,,50.83,51.47,0.63,15,9,IN,India,11600,31,31
harness templates,40,31,31,0,,1.00,1.00,0.00,1,,US,United States,40,31,0
harness.io careers,50,30,30,0,,1.00,1.00,0.00,1,,US,United States,50,30,0
sbom full form,800,30,30,0,,1.00,9.00,8.00,1,,IN,India,800,30,0
database devops,200,31,30,-1,,2.00,2.50,0.50,4,,US,United States,200,30,-1
devops life cycle,1000,13,30,17,,5.50,3.00,-2.50,3,1,IN,India,1000,30,17
what is ci cd pipeline,2680,30,30,-1,,8.00,5.25,-2.75,4,,US,United States,2680,30,-1
7 stages of system development life cycle,510,29,30,1,,5.17,3.00,-2.17,6,,IN,India,510,30,1
monolith vs microservices vs serverless,80,29,29,0,,1.00,1.00,0.00,1,,US,United States,80,29,0
software development life cycle (sdlc),1000,7,29,22,,3.00,3.00,0.00,2,,US,United States,1000,29,22
vp of engineering,570,30,29,-1,,4.64,5.75,1.11,8,-3,IN,India,570,29,-1
feature flags,4290,1,29,28,26,2.67,5.90,3.23,20,11,CZ,Czech Republic,4290,29,28
fpr formula,350,27,29,2,,5.00,6.00,1.00,2,,US,United States,350,29,2
aqua scans,950,33,29,-4,,12.67,17.00,4.33,4,1,IN,India,950,29,-4
false discovery rate,1680,21,29,8,,6.64,6.33,-0.30,24,2,TW,Taiwan,1680,29,8
observability tools,2000,7,29,22,,23.50,13.50,-10.00,2,,US,United States,2000,29,22
devops solutions,1800,12,29,17,,17.00,13.00,-4.00,1,,US,United States,1800,29,17
jenkins vs harness,60,30,29,-1,,1.00,1.00,0.00,1,,US,United States,60,29,-1
harness connector,450,20,29,8,,4.50,3.25,-1.25,4,,IN,India,450,29,8
harness variables,40,28,28,0,,1.00,1.00,0.00,1,,US,United States,40,28,0
ci cd tools,2030,6,28,23,,22.40,5.57,-16.83,7,2,IN,India,2030,28,23
split feature flags,160,28,28,1,1,2.00,2.00,0.00,2,,US,United States,160,28,1
helm github,340,15,28,13,,6.50,5.00,-1.50,2,,US,United States,340,28,13
harness vs github actions,50,31,28,-3,,1.00,1.00,0.00,1,,US,United States,50,28,-3
harness engineering,50,28,28,0,,1.00,1.00,0.00,1,,US,United States,50,28,0
ai test,8190,27,28,1,,28.08,37.92,9.83,12,,IN,India,8190,28,1
dora dash,200,28,28,0,,2.00,2.00,0.00,1,,IN,India,200,28,0
what is one component of the continuous delivery pipeline,210,20,27,7,,1.67,2.00,0.33,3,,US,United States,210,27,7
staging,12860,13,27,14,,51.40,17.12,-34.28,17,12,IN,India,12860,27,14
qwiet ai,400,10,27,17,,6.00,6.00,0.00,1,,US,United States,400,27,17
harness deployment,110,27,27,0,,1.00,1.00,0.00,2,,US,United States,110,27,0
dynamic code analysis,640,27,27,0,,7.62,8.20,0.57,10,2,IN,India,640,27,0
monolith vs microservices,1180,14,27,13,,9.75,10.91,1.16,11,-1,GB,United Kingdom,1180,27,13
ci tools,1750,24,27,3,,8.25,8.25,0.00,4,,US,United States,1750,27,3
7 phases of sdlc,270,30,27,-4,,2.33,3.00,0.67,3,,US,United States,270,27,-4
devops development services,1800,,27,,,,14.00,,1,1,US,United States,1800,27,
development life cycle stages,140,27,27,0,,2.00,2.00,0.00,2,,US,United States,140,27,0
what is mocking in testing,100,10,27,17,,5.50,2.00,-3.50,2,,US,United States,100,27,17
cloud cost automation,70,26,26,0,,1.00,1.00,0.00,1,,US,United States,70,26,0
harness connectors,170,34,26,-8,,1.50,2.50,1.00,2,,US,United States,170,26,-8
harness aida,30,26,26,0,,1.00,1.00,0.00,1,,US,United States,30,26,0
software industry supply chain strategy,200,16,26,11,,5.67,2.67,-3.00,3,,US,United States,200,26,11
service level indicator,280,11,26,15,,9.33,7.00,-2.33,4,1,US,United States,280,26,15
application security testing orchestration,160,26,26,0,,3.00,3.00,0.00,2,,US,United States,160,26,0
planning phase sdlc,70,26,26,0,,1.00,2.00,1.00,1,,US,United States,70,26,0
terraform plan,1090,17,26,9,,9.83,9.78,-0.06,9,3,PL,Poland,1090,26,9
cloud development environment,310,12,26,14,,8.50,7.33,-1.17,3,-1,US,United States,310,26,14
sdlc phases in software engineering,290,18,26,8,,5.00,2.50,-2.50,2,,IN,India,290,26,8
sdlc life cycle phases,360,25,25,0,,1.00,1.00,0.00,3,,IN,India,360,25,0
a/b/n testing,220,25,25,0,,3.00,3.00,0.00,2,,US,United States,220,25,0
sdlc phase,300,24,25,1,,3.17,1.67,-1.50,6,,IN,India,300,25,1
rules based targeting,220,24,25,1,,3.00,2.50,-0.50,2,,US,United States,220,25,1
cloud cost management tools,900,17,25,8,,10.00,7.60,-2.40,5,3,US,United States,900,25,8
feature flag driven development,160,25,25,0,,2.50,2.00,-0.50,2,,US,United States,160,25,0
what are the 7 phases of sdlc,230,24,25,1,,1.00,1.00,0.00,3,,US,United States,230,25,1
static vs dynamic code analysis,150,25,25,0,,1.00,3.00,2.00,1,,US,United States,150,25,0
split a/b testing,60,12,25,13,,2.00,2.00,0.00,1,,US,United States,60,25,13
github flow branching strategy,190,19,24,5,,3.50,2.00,-1.50,2,,US,United States,190,24,5
phases of software development life cycle,300,24,24,0,,1.00,1.00,0.00,2,,IN,India,300,24,0
continuous delivery platform,280,25,24,-1,,7.00,6.00,-1.00,3,,US,United States,280,24,-1
sonarqube report,160,21,24,4,,3.33,2.00,-1.33,3,,IN,India,160,24,4
artifact management tools,70,24,24,0,,1.00,1.00,0.00,1,,US,United States,70,24,0
harness automation,70,24,24,0,,1.00,1.00,0.00,1,,US,United States,70,24,0
harness.io pricing,40,24,24,0,,1.00,1.00,0.00,1,,US,United States,40,24,0
release management,3190,3,24,21,,17.67,8.69,-8.98,16,10,MX,Mexico,3190,24,21
phase of sdlc,190,23,24,0,,3.00,2.40,-0.60,5,,IN,India,190,24,0
what does harness do,70,24,24,0,,2.00,1.00,-1.00,1,,US,United States,70,24,0
the first phase of software development process is,70,10,24,14,,1.00,1.00,0.00,1,,US,United States,70,24,14
smoke testing vs regression testing,410,24,23,-1,,7.00,7.17,0.17,6,,US,United States,410,23,-1
what is staging,1050,11,23,13,,9.00,6.12,-2.88,8,,NG,Nigeria,1050,23,13
harness.,100,23,23,0,,1.00,2.00,1.00,1,,US,United States,100,23,0
what are the phases of sdlc,100,26,23,-2,,2.00,2.33,0.33,3,,IN,India,100,23,-2
what is staging environment,370,24,23,-1,,5.20,2.00,-3.20,5,,IN,India,370,23,-1
docker dind,730,13,23,10,,10.18,8.73,-1.45,15,4,GB,United Kingdom,730,23,10
ai testing,6100,0,23,23,,44.50,30.00,-14.50,3,1,IN,India,6100,23,23
difference between white box testing and black box testing,500,23,23,0,,8.00,8.00,0.00,1,,IN,India,500,23,0
cron hub,700,,23,,,,9.00,,1,1,IN,India,700,23,
what is ci cd,1810,2,23,20,,24.50,7.00,-17.50,3,1,US,United States,1810,23,20
devops database,210,9,23,14,,1.50,1.00,-0.50,2,,US,United States,210,23,14
scm in devops,60,9,23,13,,1.00,1.00,0.00,1,,IN,India,60,23,13
harness terraform,60,34,22,-12,,1.00,2.00,1.00,1,,US,United States,60,22,-12
ios sdk,520,21,22,1,,7.80,7.33,-0.47,9,-1,IN,India,520,22,1
static code analysis vs dynamic code analysis,120,22,22,0,,2.00,2.50,0.50,2,,US,United States,120,22,0
harnesss,100,22,22,0,,1.00,1.00,0.00,1,,US,United States,100,22,0
governance as code,60,22,22,0,,2.00,1.00,-1.00,1,,US,United States,60,22,0
ldap sso,250,16,22,6,,4.67,5.17,0.50,6,,US,United States,250,22,6
aws savings plans,1070,17,22,5,,11.00,9.43,-1.57,7,-1,US,United States,1070,22,5
harness support,40,21,22,1,,1.00,1.00,0.00,1,,US,United States,40,22,1
cicd tools,980,18,22,4,,7.25,7.38,0.12,8,4,US,United States,980,22,4
harrnes,20,22,22,0,,1.00,1.00,0.00,1,,US,United States,20,22,0
haeness,20,22,22,0,,1.00,1.00,0.00,1,,US,United States,20,22,0
what is harness.io,60,22,22,0,,1.00,1.00,0.00,1,,US,United States,60,22,0
devops vs gitops,150,22,22,0,,2.00,3.00,1.00,1,,US,United States,150,22,0
stages of the software development life cycle,80,22,22,0,,1.00,1.50,0.50,2,,US,United States,80,22,0
software release life cycle,260,22,21,-1,,1.00,2.60,1.60,5,,US,United States,260,21,-1
harness vs gitlab,40,22,21,-1,,1.00,1.00,0.00,1,,US,United States,40,21,-1
7 stages of software development life cycle,60,9,21,13,,1.00,1.00,0.00,1,,US,United States,60,21,13
release branches,60,21,21,0,,1.00,1.00,0.00,1,,US,United States,60,21,0
build automation tools,330,20,21,1,,4.17,4.83,0.67,6,,US,United States,330,21,1
what is circleci,240,16,21,5,,6.75,6.00,-0.75,4,,US,United States,240,21,5
azure devops alternatives,220,21,21,1,,1.00,1.50,0.50,2,,US,United States,220,21,1
ci cd,19270,2,21,19,,25.58,32.45,6.87,22,10,ID,Indonesia,19270,21,19
harness dashboard,30,21,21,0,,1.00,1.00,0.00,1,,US,United States,30,21,0
flutter sdk,19850,4,21,17,,38.90,30.12,-8.78,17,7,IN,India,19850,21,17
static code analysis vs dynamic,150,21,21,0,,3.00,3.00,0.00,1,,US,United States,150,21,0
sprint metrics,240,12,21,9,,4.00,6.33,2.33,3,1,US,United States,240,21,9
microservices vs serverless,240,21,21,0,,6.50,6.50,0.00,4,,US,United States,240,21,0
development life cycle,1370,18,21,3,,4.69,5.57,0.88,14,-2,US,United States,1370,21,3
source code management in devops,150,16,21,4,,4.00,3.00,-1.00,1,,IN,India,150,21,4
development phase,340,21,21,-1,,4.71,6.12,1.41,8,1,IN,India,340,21,-1
dora metrics,19200,13,20,8,,28.71,27.75,-0.96,12,5,IN,India,19200,20,8
analysis phase in sdlc,180,19,20,1,,7.00,6.25,-0.75,4,,US,United States,180,20,1
ci cd full form,2000,16,20,4,,17.00,15.00,-2.00,1,,IN,India,2000,20,4
snyk code,900,19,20,1,,9.86,10.83,0.98,6,-1,IN,India,900,20,1
harness mountain view,40,22,20,-2,,1.00,1.00,0.00,1,,US,United States,40,20,-2
internal developer portal,550,20,20,0,,7.75,6.67,-1.08,3,-1,US,United States,550,20,0
sdlc full form,6550,21,20,-2,,3.00,11.50,8.50,2,1,IN,India,6550,20,-2
gitflow,11810,19,20,0,,27.92,28.62,0.70,16,3,US,United States,11810,20,0
steps of software development,130,20,20,0,,2.00,1.00,-1.00,2,,US,United States,130,20,0
harness github,60,17,20,2,,2.00,2.00,0.00,1,,US,United States,60,20,2
harness built in variables,20,19,19,0,,1.00,1.00,0.00,1,,US,United States,20,19,0
harness aws,30,19,19,0,,1.00,1.00,0.00,1,,US,United States,30,19,0
what is type 2 error,510,14,19,5,,6.33,7.25,0.92,4,1,US,United States,510,19,5
devsecops velocity,150,24,19,-5,,2.00,3.00,1.00,1,,US,United States,150,19,-5
harness san francisco,50,31,19,-12,,1.00,1.00,0.00,1,,US,United States,50,19,-12
what is the purpose of the sprint retrospective,240,16,19,3,,5.33,5.50,0.17,6,,US,United States,240,19,3
phases of sdlc model,110,19,19,0,,1.00,1.00,0.00,2,,US,United States,110,19,0
cd service.in,1000,,19,,,,11.00,,1,1,IN,India,1000,19,
what enables flow through the continuous delivery pipeline,210,15,19,4,,4.00,3.67,-0.33,3,,US,United States,210,19,4
what is harness software,50,19,19,0,,1.00,1.00,0.00,1,,US,United States,50,19,0
what is feature flag,210,19,19,0,,6.00,6.00,0.00,2,,US,United States,210,19,0
vp engineering,740,22,19,-3,,7.83,7.60,-0.23,10,-2,ID,Indonesia,740,19,-3
what is enabled by the continuous delivery pipeline,220,16,19,3,,6.50,5.50,-1.00,2,,US,United States,220,19,3
software engineering phases,140,19,19,0,,2.00,2.00,0.00,2,,US,United States,140,19,0
jetbrains gateway,950,9,19,10,,14.50,12.50,-2.00,2,,US,United States,950,19,10
rolling deployment,540,16,19,3,,8.50,5.62,-2.88,8,,IN,India,540,19,3
harness it,50,19,19,0,,1.00,1.00,0.00,1,,US,United States,50,19,0
7 phases of software development life cycle,60,8,18,11,,4.50,4.50,0.00,2,,US,United States,60,18,11
what is trunk based development,460,5,18,14,,7.50,8.50,1.00,6,2,GB,United Kingdom,460,18,14
mean time to recovery,410,15,18,3,,4.00,6.67,2.67,6,1,US,United States,410,18,3
harness code,30,18,18,0,,1.00,1.00,0.00,1,,US,United States,30,18,0
microservices vs monolithic,1160,23,18,-4,,10.13,10.93,0.80,14,-1,US,United States,1160,18,-4
git release branch,120,19,18,0,,4.50,5.50,1.00,2,,US,United States,120,18,0
abn test,230,23,18,-5,,7.00,8.00,1.00,2,,US,United States,230,18,-5
drone ci,430,18,18,0,,8.00,8.17,0.17,6,1,US,United States,430,18,0
space metrics,650,23,18,-5,,5.38,5.33,-0.04,6,-2,US,United States,650,18,-5
sdlc testing phase,130,18,18,0,,1.50,2.00,0.50,2,,US,United States,130,18,0
delivery methodology,110,11,18,7,,2.33,2.25,-0.08,4,1,US,United States,110,18,7
harness giving login,200,22,18,-4,,6.00,6.00,0.00,1,,US,United States,200,18,-4
spinnaker alternatives,200,23,18,-4,,3.00,5.00,2.00,1,,US,United States,200,18,-4
feature branch,480,23,18,-5,,8.40,6.29,-2.11,7,-3,US,United States,480,18,-5
devops for databases,150,18,18,0,,1.00,1.00,0.00,1,,US,United States,150,18,0
gitlab vs harness,30,16,18,2,,1.00,1.00,0.00,1,,US,United States,30,18,2
ci/cd,49600,54,18,-36,,31.15,30.36,-0.79,36,10,US,United States,49600,18,-36
ci/cd full form,1800,18,18,0,,15.00,15.00,0.00,1,,IN,India,1800,18,0
snyk open source,460,7,18,11,,10.25,8.17,-2.08,6,2,US,United States,460,18,11
harness unscripted,90,20,18,-2,,3.00,3.00,0.00,1,,US,United States,90,18,-2
beta release,820,12,18,6,,6.33,5.67,-0.67,6,,US,United States,820,18,6
rules-based targeting,50,18,18,0,,1.00,1.00,0.00,1,,US,United States,50,18,0
cloud cost management software,900,4,18,14,,9.00,11.00,2.00,1,,US,United States,900,18,14
harnesst,20,18,18,0,,1.00,2.00,1.00,1,,US,United States,20,18,0
harness vs argocd,30,18,18,0,,1.00,1.00,0.00,1,,US,United States,30,18,0
cloud custodian,700,16,18,2,,9.00,13.50,4.50,2,1,US,United States,700,18,2
sast full form,1200,4,18,14,,21.00,7.50,-13.50,2,,IN,India,1200,18,14
ci cd platform,290,1,18,16,,18.50,4.33,-14.17,3,1,IN,India,290,18,16
harness hq,30,18,18,0,,1.00,1.00,0.00,1,,US,United States,30,18,0
cloud cost governance,80,17,18,1,,1.00,1.00,0.00,1,,US,United States,80,18,1
harness blog,30,18,18,0,,1.00,1.00,0.00,1,,US,United States,30,18,0
types of traffic,150,11,17,6,,7.00,4.00,-3.00,2,,US,United States,150,17,6
saas architecture diagram,330,17,17,0,,7.67,7.33,-0.33,3,,IN,India,330,17,0
feature driven development,830,6,17,12,,4.12,7.45,3.33,11,3,ID,Indonesia,830,17,12
software development life cycle 7 phases,50,17,17,0,,1.00,1.00,0.00,1,,US,United States,50,17,0
sdlc phases in order,60,17,17,0,,2.00,2.00,0.00,2,,US,United States,60,17,0
blue green deployment,12790,27,17,-9,,18.18,22.46,4.28,13,2,SG,Singapore,12790,17,-9
phases of software engineering,160,17,17,0,,2.50,2.50,0.00,2,,IN,India,160,17,0
harness software engineering insights,20,18,17,-1,,1.00,1.00,0.00,1,,US,United States,20,17,-1
ccm dashboard,200,17,17,0,,4.00,4.00,0.00,1,,US,United States,200,17,0
difference between white and black box testing,250,17,17,0,,9.00,9.00,0.00,1,,IN,India,250,17,0
harness startup,50,17,17,0,,1.00,1.00,0.00,1,,US,United States,50,17,0
version app,600,1,17,16,,6.33,4.00,-2.33,2,-1,PK,Pakistan,600,17,16
what is dynamic code analysis,250,20,17,-4,,5.50,6.00,0.50,2,,US,United States,250,17,-4
aws harness,30,11,17,6,,2.00,1.00,-1.00,1,,US,United States,30,17,6
git release branch strategy,180,17,17,0,,4.33,4.33,0.00,3,,US,United States,180,17,0
canary deployment strategy,200,20,17,-4,,3.67,7.00,3.33,3,,US,United States,200,17,-4
scm full form in devops,50,17,17,0,,2.00,2.00,0.00,1,,IN,India,50,17,0
what is the purpose of the sprint retrospective?,210,15,17,1,,5.25,5.25,0.00,4,,US,United States,210,17,1
db devops,40,17,17,0,,1.00,1.00,0.00,1,,US,United States,40,17,0
helm upgrade,670,13,17,3,,9.00,10.50,1.50,4,1,GB,United Kingdom,670,17,3
software features,270,17,17,0,,6.33,5.17,-1.17,6,,IN,India,270,17,0
harness phone number,30,16,17,1,,1.00,1.00,0.00,1,,US,United States,30,17,1
harness price,230,18,17,-1,,5.00,5.50,0.50,2,,US,United States,230,17,-1
continuous delivery involves,110,11,17,6,,3.67,1.67,-2.00,3,,IN,India,110,17,6
canary deployment meaning,350,10,17,7,,11.00,1.50,-9.50,2,,US,United States,350,17,7
type 2 error occurs when,60,17,17,0,,5.33,4.50,-0.83,2,-1,IN,India,60,17,0
software development cycle,1740,18,17,-2,,6.30,6.79,0.49,24,1,IN,India,1740,17,-2
difference between black box and white box,350,16,16,0,,7.00,7.00,0.00,1,,IN,India,350,16,0
harness feature flag,20,16,16,0,,1.00,1.00,0.00,1,,US,United States,20,16,0
software life cycle phases,190,16,16,0,,4.00,4.00,0.00,3,,US,United States,190,16,0
type 2 error in hypothesis testing,550,,16,,,,10.00,,2,2,IN,India,550,16,
what is a software artifact,50,3,16,14,,7.00,1.00,-6.00,1,,US,United States,50,16,14
harness cloud,50,16,16,0,,1.00,1.00,0.00,1,,US,United States,50,16,0
application security in devops,150,16,,,,3.00,,,0,-1,US,United States,150,16,
sli service level indicator,100,5,16,11,,8.00,3.00,-5.00,1,,US,United States,100,16,11
canary releases,320,16,16,1,,8.43,8.57,0.14,7,,US,United States,320,16,1
infrastructure automation,930,28,16,-11,,9.22,10.14,0.92,7,-2,US,United States,930,16,-11
artifact management,220,19,16,-3,,5.75,5.25,-0.50,4,,US,United States,220,16,-3
development phases,110,13,16,3,,1.80,2.00,0.20,5,,US,United States,110,16,3
harness vs circleci,30,16,16,0,,1.00,1.00,0.00,1,,US,United States,30,16,0
harness investors,30,15,16,1,,1.00,1.00,0.00,1,,US,United States,30,16,1
the final step in the software development life cycle involves,40,5,16,11,,3.00,1.00,-2.00,1,,US,United States,40,16,11
devsecops checklist,350,16,,,,7.00,,,0,-1,US,United States,350,16,
technology stack,3390,7,16,9,,30.00,35.71,5.71,7,5,US,United States,3390,16,9
what are the phases of software development life cycle,80,13,16,3,,3.00,1.00,-2.00,2,,IN,India,80,16,3
feature flag,2980,20,16,-4,38,3.50,7.86,4.36,14,4,US,United States,2980,16,-4
harness career,30,15,16,0,,1.00,1.00,0.00,1,,IN,India,30,16,0
aws savings plan,710,7,16,9,,8.57,9.25,0.68,4,-3,BR,Brazil,710,16,9
terraform target,540,10,16,6,,9.10,9.18,0.08,11,1,GB,United Kingdom,540,16,6
dropwizard vs spring boot,130,16,16,0,,4.00,3.50,-0.50,2,,IN,India,130,16,0
software development stage,40,16,16,0,,1.00,1.00,0.00,1,,US,United States,40,16,0
circleci vs harness,30,16,16,0,,1.00,1.00,0.00,1,,US,United States,30,16,0
harness sf,30,15,16,0,,1.00,1.00,0.00,1,,US,United States,30,16,0
aws saving plans,270,14,16,2,,8.33,7.67,-0.67,6,,US,United States,270,16,2
what is a type 2 error,1000,19,16,-3,,9.00,9.50,0.50,2,,US,United States,1000,16,-3
harness template,30,17,16,-1,,1.00,1.00,0.00,1,,US,United States,30,16,-1
phases of sdlc in software engineering,100,16,16,0,,1.00,1.00,0.00,1,,IN,India,100,16,0
feature flags best practices,360,15,15,0,4,7.50,8.25,0.75,4,2,US,United States,360,15,0
analysis phase of sdlc,100,15,15,0,,3.00,3.00,0.00,1,,US,United States,100,15,0
helm delete,380,8,15,7,,7.33,7.09,-0.24,11,2,IN,India,380,15,7
what is a staging environment,220,20,15,-5,,3.25,6.00,2.75,3,-1,US,United States,220,15,-5
introduction to artificial intelligence and machine learning,120,15,15,0,,3.50,3.50,0.00,2,,IN,India,120,15,0
selection criteria for cloud deployment,70,12,15,3,,5.00,5.00,0.00,1,,IN,India,70,15,3
backstage api,340,16,15,0,,7.67,7.83,0.17,6,,US,United States,340,15,0
harness helm chart,30,15,15,0,,2.00,2.00,0.00,1,,US,United States,30,15,0
dark deployment meaning,40,5,15,10,,1.00,1.00,0.00,1,,US,United States,40,15,10
steps of the software development life cycle,40,6,15,9,,1.00,1.00,0.00,1,,US,United States,40,15,9
harness headquarters,40,16,15,-1,,1.00,1.00,0.00,1,,US,United States,40,15,-1
software artifacts,360,12,15,4,,4.86,4.00,-0.86,7,,US,United States,360,15,4
opentofu vs terraform,500,13,15,2,,10.00,10.00,0.00,1,,US,United States,500,15,2
terraform alternatives,840,18,15,-3,,8.40,9.40,1.00,5,,US,United States,840,15,-3
software phases,60,15,15,0,,2.00,2.50,0.50,2,,US,United States,60,15,0
sdlc life cycle stages,220,15,15,0,,1.00,1.00,0.00,2,,US,United States,220,15,0
sdlc meaning,10510,22,15,-7,,3.17,1.00,-2.17,12,6,US,United States,10510,15,-7
sdlc phases explained,100,33,15,-18,,1.50,1.00,-0.50,2,,US,United States,100,15,-18
gcloud functions deploy,380,12,15,3,,8.50,7.60,-0.90,5,1,US,United States,380,15,3
blue green deployment vs canary,390,24,15,-9,,8.29,8.71,0.43,7,,US,United States,390,15,-9
google cloud marketplace,1500,,15,,,,20.50,,2,2,IN,India,1500,15,
sdlc 7 phases,160,17,15,-2,,1.00,1.67,0.67,3,,IN,India,160,15,-2
what is canary deployment,620,2,15,13,,17.00,11.33,-5.67,3,2,US,United States,620,15,13
harness srm,20,16,15,-1,,1.00,1.00,0.00,1,,US,United States,20,15,-1
what is a feature branch,150,19,15,-4,,4.00,5.00,1.00,1,,US,United States,150,15,-4
prisma scan,820,11,15,3,,9.00,7.67,-1.33,9,,BR,Brazil,820,15,3
harness ceo,100,16,15,-1,,5.00,5.00,0.00,1,,US,United States,100,15,-1
source code repository,500,16,15,-1,,4.20,6.43,2.23,7,2,US,United States,500,15,-1
phases of the software development life cycle,100,15,15,0,,1.00,1.00,0.00,1,,US,United States,100,15,0
false positive ratio,40,15,15,0,,1.00,1.00,0.00,1,,US,United States,40,15,0
sdlc models in software engineering,1300,4,14,10,,1.00,6.00,5.00,1,,IN,India,1300,14,10
release cycle,290,12,14,2,,7.29,5.71,-1.57,7,,IN,India,290,14,2
mend scan,150,14,14,0,,4.50,4.50,0.00,2,,IN,India,150,14,0
planning phase in sdlc,90,17,14,-2,,1.50,3.00,1.50,4,,US,United States,90,14,-2
what are the basic steps of software development process,40,4,14,10,,1.00,1.00,0.00,1,,US,United States,40,14,10
name and describe the steps in the software development cycle.,40,14,14,0,,1.00,1.00,0.00,1,,US,United States,40,14,0
harness india,40,14,14,0,,1.00,1.00,0.00,1,,IN,India,40,14,0
twistlock scan,330,14,14,1,,8.00,7.75,-0.25,4,1,US,United States,330,14,1
cloud cost visibility,200,29,14,-15,,2.50,5.00,2.50,1,-1,US,United States,200,14,-15
harness jyoti bansal,30,8,14,6,,2.00,1.00,-1.00,1,,US,United States,30,14,6
software life cycle,3160,13,14,1,,7.50,4.88,-2.62,24,-2,BR,Brazil,3160,14,1
code repo,270,18,14,-4,,6.20,6.60,0.40,5,,US,United States,270,14,-4
harness in devops,40,14,14,0,,1.00,1.00,0.00,1,,US,United States,40,14,0
python sdk,570,28,14,-14,,8.25,8.80,0.55,5,-3,US,United States,570,14,-14
software development supply chain,90,14,14,0,,1.00,1.00,0.00,1,,US,United States,90,14,0
feature flag best practices,230,13,14,1,2,6.67,6.25,-0.42,4,1,US,United States,230,14,1
true negative rate,310,22,14,-8,,5.71,3.40,-2.31,5,-2,US,United States,310,14,-8
docker in docker,1000,17,14,-4,,13.67,15.60,1.93,5,2,US,United States,1000,14,-4
code repositories,310,13,14,1,,6.00,4.00,-2.00,4,,US,United States,310,14,1
7 stages of sdlc,110,14,14,0,,3.00,3.00,0.00,3,,US,United States,110,14,0
feature flags based development,100,6,13,8,,7.00,3.00,-4.00,1,,US,United States,100,13,8
developer experience,1100,16,13,-3,,16.00,16.33,0.33,3,,US,United States,1100,13,-3
steps in software development,130,11,13,2,,1.00,1.00,0.00,2,,US,United States,130,13,2
monolithic vs microservices,1140,13,13,0,,10.71,9.00,-1.71,10,3,GB,United Kingdom,1140,13,0
what is a dark launch,90,13,13,0,,4.00,4.00,0.00,1,,US,United States,90,13,0
vice president of engineering,230,13,13,0,,5.60,6.60,1.00,5,,US,United States,230,13,0
cloud spend management,650,8,13,5,,13.00,22.00,9.00,2,1,US,United States,650,13,5
what is containerization,1600,0,13,13,,44.50,18.50,-26.00,2,,US,United States,1600,13,13
gitlab feature flags,230,12,13,1,0,7.29,7.00,-0.29,8,1,US,United States,230,13,1
kubernetes canary deployment,290,14,13,-1,,7.50,7.33,-0.17,3,-1,US,United States,290,13,-1
harness tech,40,13,13,0,,1.00,1.00,0.00,1,,US,United States,40,13,0
harness saas,40,13,13,0,,1.00,1.00,0.00,1,,US,United States,40,13,0
automated build process,100,7,13,6,,7.00,3.00,-4.00,1,,US,United States,100,13,6
sdlc phases in software testing,100,13,13,0,,4.00,4.00,0.00,1,,IN,India,100,13,0
status harness,30,13,13,0,,1.00,1.00,0.00,1,,US,United States,30,13,0
sdlc requirements,150,16,13,-3,,1.00,1.00,0.00,1,,US,United States,150,13,-3
gitops tutorial,190,11,13,2,,6.00,5.50,-0.50,2,,US,United States,190,13,2
what is rollback,900,,13,,,,9.00,,1,1,US,United States,900,13,
multi variant testing,80,14,13,-1,,9.00,9.00,0.00,2,-1,US,United States,80,13,-1
ci platform,100,40,13,-27,,1.00,1.00,0.00,1,,US,United States,100,13,-27
split.io pricing,90,8,13,5,3,1.00,1.00,0.00,1,,US,United States,90,13,5
harness next gen,20,13,13,0,,1.00,1.00,0.00,1,,US,United States,20,13,0
serverless vs microservices,250,12,13,1,,5.33,6.67,1.33,6,,US,United States,250,13,1
phases in sdlc,100,8,13,5,,1.00,1.00,0.00,2,,IN,India,100,13,5
helm install local chart,330,12,13,1,,7.70,6.89,-0.81,9,-1,US,United States,330,13,1
kubernetes blue green deployment,280,5,13,8,,11.00,6.25,-4.75,4,1,IN,India,280,13,8
harness company in india,50,13,13,0,,3.00,4.00,1.00,1,,IN,India,50,13,0
application version,40,13,13,0,,1.00,1.00,0.00,1,,US,United States,40,13,0
cto vs vp of engineering,100,13,13,0,,2.00,2.50,0.50,2,,US,United States,100,13,0
release test,120,13,13,0,,3.33,3.33,0.00,3,,US,United States,120,13,0
hub harness tracking,160,9,13,3,,6.75,5.00,-1.75,4,,DE,Germany,160,13,3
what is a code repository,220,13,13,0,,5.00,5.00,0.00,3,,US,United States,220,13,0
what is mock testing,100,25,13,-13,,3.00,3.00,0.00,2,,US,United States,100,13,-13
alpha release,240,13,13,0,,4.67,4.83,0.17,6,,AU,Australia,240,13,0
what is deployment in software testing,100,11,13,2,,3.00,3.00,0.00,2,,IN,India,100,13,2
introduction to ai and ml,90,10,12,2,,4.00,3.00,-1.00,1,,IN,India,90,12,2
what is a software supply chain,200,9,12,4,,1.00,1.00,0.00,1,,US,United States,200,12,4
saas diagram,800,,12,,,,12.00,,1,1,IN,India,800,12,
mttr full form,8100,1,12,11,,29.00,1.00,-28.00,1,,IN,India,8100,12,11
developer experience survey,150,15,12,-3,,4.00,5.00,1.00,1,,US,United States,150,12,-3
what is circle ci,180,9,12,3,,6.50,6.25,-0.25,4,,US,United States,180,12,3
a/b split testing,160,12,12,0,,2.67,3.67,1.00,3,,US,United States,160,12,0
harness cro,30,12,12,0,,1.00,1.00,0.00,1,,US,United States,30,12,0
software design phases,30,12,12,0,,2.00,2.00,0.00,1,,US,United States,30,12,0
travis ci alternatives,30,6,12,6,,2.00,1.00,-1.00,1,,US,United States,30,12,6
release branching,60,12,12,0,,1.00,1.00,0.00,1,,US,United States,60,12,0
argocd vs helm,80,12,12,0,,3.00,1.00,-2.00,1,,US,United States,80,12,0
supply chain management software development,400,1,12,11,,6.00,1.00,-5.00,1,,US,United States,400,12,11
tanzu application service,250,8,12,4,,8.00,7.00,-1.00,3,,US,United States,250,12,4
gitops certification,160,11,12,1,,6.50,5.50,-1.00,2,,US,United States,160,12,1
black box testing and white box testing,1240,4,12,8,,7.00,1.00,-6.00,3,,IN,India,1240,12,8
sdlc analysis phase,80,12,12,0,,4.67,3.33,-1.33,3,,US,United States,80,12,0
git flow branching strategy,450,18,12,-6,,9.00,10.00,1.00,2,,US,United States,450,12,-6
sbom drift,100,12,12,0,,3.00,3.00,0.00,1,,US,United States,100,12,0
cloud poc,150,10,12,2,,5.00,4.00,-1.00,1,,US,United States,150,12,2
poc cloud,150,12,12,0,,4.00,4.00,0.00,1,,US,United States,150,12,0
terraform plan target,260,9,12,4,,7.83,6.71,-1.12,7,1,US,United States,260,12,4
secure devops platform,150,10,12,2,,5.00,4.00,-1.00,1,,US,United States,150,12,2
what comes after beta testing,100,12,12,0,,3.00,4.00,1.00,1,,US,United States,100,12,0
continuous security monitoring for devops,80,30,12,-18,,1.00,2.00,1.00,1,,US,United States,80,12,-18
feature flags javascript,150,12,12,0,,5.00,5.00,0.00,1,,US,United States,150,12,0
is github actions free,480,18,12,-6,,8.80,10.40,1.60,5,,US,United States,480,12,-6
false positive rate definition,100,12,12,0,,1.00,3.00,2.00,1,,US,United States,100,12,0
phases of software project,80,12,12,0,,1.50,1.00,-0.50,2,,IN,India,80,12,0
harness install,20,10,12,2,,2.00,1.00,-1.00,1,,US,United States,20,12,2
ai devops,540,16,12,-4,,10.00,11.00,1.00,2,,US,United States,540,12,-4
split software,170,11,12,0,,5.00,3.67,-1.33,3,,US,United States,170,12,0
software development life cycle steps,190,12,12,0,,1.00,1.00,0.00,2,,US,United States,190,12,0
kubectl dry run,250,13,12,-2,,6.56,7.11,0.56,9,,US,United States,250,12,-2
slo full form,1350,14,12,-2,,6.00,6.00,0.00,3,,IN,India,1350,12,-2
harness ci cd tutorial,20,10,12,1,,1.00,1.00,0.00,1,,US,United States,20,12,1
ci/cd pipeline,15850,8,12,4,,16.71,31.64,14.92,11,4,IN,India,15850,12,4
splitly ab testing,80,12,12,0,,3.00,3.00,0.00,1,,US,United States,80,12,0
what is false positive rate,150,12,12,0,,5.00,4.00,-1.00,1,,US,United States,150,12,0
software development process steps,320,18,12,-6,,3.50,4.17,0.67,6,,US,United States,320,12,-6
cyberark conjur,480,15,12,-3,,9.67,9.67,0.00,3,,IN,India,480,12,-3
gitops workflow,200,,12,,,,7.00,,1,1,US,United States,200,12,
multi armed bandit,2230,11,12,1,,7.40,4.20,-3.20,5,,IN,India,2230,12,1
source code repositories,160,8,12,4,,7.00,6.00,-1.00,2,,US,United States,160,12,4
prod environment,220,9,12,3,,6.00,7.17,1.17,6,3,IN,India,220,12,3
staging in software development,100,12,12,0,,2.50,1.00,-1.50,2,,US,United States,100,12,0
spinnaker competitors,30,12,12,0,,1.00,1.00,0.00,1,,US,United States,30,12,0
software development cycle stages,30,4,12,8,,1.00,2.00,1.00,1,,US,United States,30,12,8
software lifecycle stages,30,12,12,0,,2.00,1.00,-1.00,1,,US,United States,30,12,0
cicd harness,30,12,12,0,,1.00,1.00,0.00,1,,US,United States,30,12,0
harness inc.,30,12,12,0,,1.00,1.00,0.00,1,,US,United States,30,12,0
ai ml,7550,4,12,7,,24.00,41.00,17.00,2,1,IN,India,7550,12,7
chaos carnival,70,12,12,0,,3.00,4.00,1.00,2,,US,United States,70,12,0
harness tags,70,17,12,-5,,4.00,4.50,0.50,2,,US,United States,70,12,-5
continuous verification,80,13,11,-1,,3.00,3.00,0.00,1,,US,United States,80,11,-1
ci/cd platform,110,4,11,8,,10.50,3.00,-7.50,2,,US,United States,110,11,8
helm upgrade command,300,13,11,-1,,8.50,8.50,0.00,2,,US,United States,300,11,-1
software build automation,60,11,11,0,,2.00,2.00,0.00,1,,US,United States,60,11,0
circle ci,5250,0,11,11,,24.00,13.36,-10.64,11,8,CA,Canada,5250,11,11
testing ai,700,,11,,,,13.00,,1,1,US,United States,700,11,
cicd platform,100,2,11,9,,12.00,5.00,-7.00,1,,US,United States,100,11,9
dark launches,100,11,11,0,,3.50,3.50,0.00,2,,US,United States,100,11,0
secure usage of authorized code repositories,100,14,11,-3,,3.00,4.00,1.00,1,,IN,India,100,11,-3
unscripted harness,50,11,11,0,,2.00,2.00,0.00,1,,US,United States,50,11,0
github helm,90,,11,,,,3.00,,1,1,US,United States,90,11,
canary vs blue green,260,13,11,-2,,8.25,8.25,0.00,4,,US,United States,260,11,-2
kubectl diff,220,10,11,1,,7.17,6.67,-0.50,6,,US,United States,220,11,1
steps of sdlc,160,11,11,0,,2.00,2.50,0.50,4,,IN,India,160,11,0
changelogs,1100,,11,,,,14.00,,1,1,GB,United Kingdom,1100,11,
gitops benefits,90,11,11,0,,3.00,3.00,0.00,1,,US,United States,90,11,0
harness harness,30,11,11,0,,1.00,1.00,0.00,1,,US,United States,30,11,0
software development life cycle sdlc,220,11,,,,3.50,,,0,-2,US,United States,220,11,
continuous integration testing,720,9,11,2,,10.75,10.60,-0.15,5,1,US,United States,720,11,2
mend whitesource,130,11,11,0,,4.50,4.75,0.25,4,,US,United States,130,11,0
what is the analysis phase in the sdlc,80,4,11,7,,6.50,5.50,-1.00,2,,GB,United Kingdom,80,11,7
ecs deployment,240,10,11,1,,7.50,7.00,-0.50,4,,US,United States,240,11,1
creating a/b/n tests,100,,11,,,,4.00,,1,1,US,United States,100,11,
difference between black box testing and white box testing,700,,11,,,,14.00,,1,1,IN,India,700,11,
what is ci/cd pipeline,1500,5,11,6,,11.33,14.67,3.33,3,,GB,United Kingdom,1500,11,6
blue green vs canary,270,11,11,0,,8.60,8.60,0.00,5,,US,United States,270,11,0
cloud run,2120,11,,,,20.50,,,0,-2,IN,India,2120,11,
ab split test,150,13,11,-2,,7.00,5.67,-1.33,3,-1,US,United States,150,11,-2
development phase in sdlc,110,11,11,0,,3.33,3.33,0.00,3,,US,United States,110,11,0
sldc phases,90,8,11,2,,1.00,1.00,0.00,1,,US,United States,90,11,2
phases in software development,70,11,11,0,,3.00,3.00,0.00,1,,IN,India,70,11,0
arrange the software development life cycle,30,11,11,0,,1.00,1.00,0.00,1,,US,United States,30,11,0
harness application,30,11,11,0,,1.00,1.00,0.00,1,,US,United States,30,11,0
terraform harness provider,40,11,11,0,,2.00,2.00,0.00,1,,US,United States,40,11,0
rollout plan,310,3,11,7,,5.00,2.50,-2.50,4,2,IN,India,310,11,7
what is oss,1820,9,11,1,,12.00,11.33,-0.67,3,-1,IN,India,1820,11,1
open source ci cd,100,11,11,0,,4.00,4.00,0.00,1,,US,United States,100,11,0
improve developer productivity,250,,10,,,,8.00,,1,1,US,United States,250,10,
what are the 7 phases of a project life cycle?,170,10,10,0,,6.50,6.50,0.00,2,,US,United States,170,10,0
devsecops container vulnerability,100,10,10,0,,4.00,4.00,0.00,1,,US,United States,100,10,0
feature toggle as a service,150,8,10,2,4,9.00,7.00,-2.00,1,,US,United States,150,10,2
canary deployment vs blue green,290,12,10,-1,,8.71,8.67,-0.05,6,-1,US,United States,290,10,-1
what is a sdlc,350,2,10,9,,3.00,3.00,0.00,1,,US,United States,350,10,9
feature development,90,10,10,0,,3.00,3.00,0.00,2,,US,United States,90,10,0
how to calculate false positive rate,100,10,10,0,,1.00,1.00,0.00,2,,US,United States,100,10,0
harness revenue,90,7,10,4,,6.00,4.00,-2.00,1,,US,United States,90,10,4
dynamic vs static code analysis,90,10,10,0,,4.00,4.00,0.00,1,,US,United States,90,10,0
docker hub registry url,160,10,,,,6.67,,,0,-3,CA,Canada,160,10,
feature flag for software development,150,5,10,5,8,9.00,6.00,-3.00,1,,US,United States,150,10,5
what is an artifact in software,240,19,10,-9,,5.50,4.75,-0.75,4,,CA,Canada,240,10,-9
devops ai tools,250,10,10,0,,4.00,9.00,5.00,2,,IN,India,250,10,0
what is devsecops pipeline,150,3,10,7,,10.00,5.00,-5.00,1,,US,United States,150,10,7
aqua scan,230,9,10,1,,12.00,8.00,-4.00,3,,US,United States,230,10,1
whats a segment,500,,10,,,,12.00,,1,1,US,United States,500,10,
what is sdlc phases,30,10,10,0,,1.00,1.00,0.00,2,,IN,India,30,10,0
ci cd as a service,70,10,10,0,,2.00,2.00,0.00,1,,US,United States,70,10,0
what is a production environment,220,9,10,1,,3.75,3.25,-0.50,4,,US,United States,220,10,1
software releases,180,15,10,-5,,4.33,6.33,2.00,3,,US,United States,180,10,-5
microservices vs monolithic architecture,200,10,10,0,,8.00,1.00,-7.00,1,,US,United States,200,10,0
harness projects,90,10,10,0,,3.00,3.00,0.00,1,,US,United States,90,10,0
what are the sdlc phases,90,10,10,0,,1.00,1.00,0.00,1,,US,United States,90,10,0
steps in sdlc,160,10,10,0,,3.00,3.50,0.50,2,,US,United States,160,10,0
sanity testing vs smoke testing,560,16,10,-6,,8.50,8.88,0.38,8,-2,IN,India,560,10,-6
what is ab split testing,70,6,10,4,,6.00,3.00,-3.00,1,,US,United States,70,10,4
ibm container registry,150,10,10,0,,5.00,5.00,0.00,1,,US,United States,150,10,0
ec2 dashboard,170,15,10,-5,,6.00,6.50,0.50,2,-1,US,United States,170,10,-5
appdynamics vs new relic,110,10,10,0,,2.00,2.00,0.00,2,,US,United States,110,10,0
snyk container,160,0,10,10,,8.00,6.50,-1.50,2,1,RU,Russian Federation,160,10,10
harness hire,20,5,10,5,,2.00,1.00,-1.00,1,,US,United States,20,10,5
terraform harness,20,8,10,2,,2.00,2.00,0.00,1,,US,United States,20,10,2
mttr,16150,2,10,8,,18.11,17.53,-0.58,15,6,RU,Russian Federation,16150,10,8
drone plugin,70,8,10,2,,3.00,2.00,-1.00,1,,US,United States,70,10,2
what is the ci,260,3,10,7,,9.00,9.00,0.00,4,2,IN,India,260,10,7
software development life cycle diagram,550,11,10,-1,,7.00,10.67,3.67,3,1,US,United States,550,10,-1
harness data,30,10,10,0,,1.00,1.00,0.00,1,,US,United States,30,10,0
fallback value,30,10,10,0,,1.00,2.00,1.00,1,,US,United States,30,10,0
agile delivery framework,120,7,10,3,,1.67,2.33,0.67,3,,US,United States,120,10,3
the harness,150,10,10,0,,4.00,6.00,2.00,1,-1,US,United States,150,10,0
dark launching,70,10,10,0,,1.00,4.50,3.50,2,,US,United States,70,10,0
devops testing tools,300,0,10,10,,71.50,10.00,-61.50,1,-1,KR,South Korea,300,10,10
trunk based branching strategy,460,9,10,0,,8.67,9.67,1.00,3,,IN,India,460,10,0
sdlc plan,200,12,10,-2,,6.00,1.00,-5.00,1,,US,United States,200,10,-2
sso ldap,120,11,10,-2,,5.00,6.50,1.50,2,,US,United States,120,10,-2
canary release meaning,190,9,10,0,,8.33,8.33,0.00,3,,US,United States,190,10,0
aws cost savings plan,150,10,10,0,,5.00,5.00,0.00,1,,US,United States,150,10,0
regression testing vs smoke testing,250,10,9,-1,,8.25,8.75,0.50,4,,US,United States,250,9,-1
ldap single sign on,100,9,9,0,,5.00,5.00,0.00,1,,US,United States,100,9,0
cloud ci cd,150,,9,,,,5.00,,1,1,US,United States,150,9,
harnesse,40,9,9,0,,1.00,1.00,0.00,1,,US,United States,40,9,0
static and dynamic code analysis,70,10,9,-1,,1.50,2.50,1.00,2,,US,United States,70,9,-1
harness tag,30,6,9,4,,3.00,2.00,-1.00,1,,US,United States,30,9,4
7 steps in program development,130,9,9,0,,1.00,1.00,0.00,3,1,US,United States,130,9,0
devops harness,30,9,9,0,,1.00,1.00,0.00,1,,US,United States,30,9,0
coding phase in sdlc,50,9,9,0,,1.00,1.00,0.00,2,,US,United States,50,9,0
helm rollback,200,6,9,3,,10.50,8.00,-2.50,2,,US,United States,200,9,3
canary deployment kubernetes,200,8,9,2,,9.00,8.00,-1.00,1,,IN,India,200,9,2
guardrail metric,80,9,9,0,,4.00,4.00,0.00,2,,US,United States,80,9,0
open source artifact repository,60,9,9,0,,2.00,2.00,0.00,1,,US,United States,60,9,0
what is ci/cd in software,600,0,9,9,,1.00,1.00,0.00,1,,US,United States,600,9,9
saas scanner,1200,,9,,,,15.00,,1,1,AU,Australia,1200,9,
open source continuous integration,160,10,9,0,,5.50,6.00,0.50,2,,US,United States,160,9,0
spinnaker api,80,9,9,0,,5.00,5.00,0.00,1,,US,United States,80,9,0
ci cd tools list,170,9,9,0,,5.50,5.50,0.00,2,,IN,India,170,9,0
codeowners file,350,8,9,1,,10.00,10.00,0.00,3,1,US,United States,350,9,1
what is a type two error,100,9,9,0,,5.00,5.00,0.00,1,,US,United States,100,9,0
abn testing,80,9,9,0,,3.50,2.00,-1.50,2,,US,United States,80,9,0
what is feature engineering,1910,0,9,9,,11.25,1.00,-10.25,5,1,IN,India,1910,9,9
artifact repository manager,80,9,9,0,,4.00,4.00,0.00,2,,US,United States,80,9,0
phases of development life cycle,40,9,9,0,,1.00,1.00,0.00,1,,US,United States,40,9,0
sonarqube reports,60,9,9,1,,3.50,2.50,-1.00,2,,US,United States,60,9,1
velocity dashboard,180,5,9,5,,7.00,7.00,0.00,2,1,IN,India,180,9,5
ai commands,190,7,9,2,,8.00,7.50,-0.50,2,,US,United States,190,9,2
harness canada,80,11,9,-2,,2.00,3.00,1.00,1,,US,United States,80,9,-2
blue-green deployment vs canary,180,11,9,-2,,8.00,8.25,0.25,4,,US,United States,180,9,-2
feature flags branching,100,9,9,0,,4.00,4.00,0.00,1,,US,United States,100,9,0
guard rail metrics,40,9,9,0,,2.50,2.50,0.00,2,,IN,India,40,9,0
production environments,160,9,9,0,,4.00,5.50,1.50,2,,US,United States,160,9,0
continuous build system,80,9,9,0,,4.50,3.50,-1.00,2,,US,United States,80,9,0
what is o11y,100,9,9,0,,6.00,6.00,0.00,1,,US,United States,100,9,0
black box testing vs white box testing,520,12,9,-3,,7.00,11.00,4.00,3,,IN,India,520,9,-3
continuous integration server,250,6,9,3,,8.50,6.20,-2.30,5,1,US,United States,250,9,3
o11y meaning,280,9,9,0,,5.50,5.50,0.00,2,,US,United States,280,9,0
what is the first stage in software development,80,7,9,2,,5.00,4.00,-1.00,1,,IN,India,80,9,2
what is agile delivery methodology,80,6,9,3,,4.50,2.00,-2.50,2,,US,United States,80,9,3
blue green deployment kubernetes,170,6,9,3,,10.00,7.50,-2.50,2,-1,US,United States,170,9,3
sprint retrospective,5000,30,9,-21,,22.20,29.57,7.37,7,2,US,United States,5000,9,-21
improving developer productivity,200,,9,,,,8.00,,1,1,US,United States,200,9,
terraform init backend-config,210,4,9,5,,9.14,7.50,-1.64,8,1,IN,India,210,9,5
cd step,90,9,,,,4.00,,,0,-1,IN,India,90,9,
feature flag branching strategy,90,6,9,3,,6.00,4.00,-2.00,1,,US,United States,90,9,3
new relic vs appdynamics,100,7,9,2,,1.00,4.00,3.00,1,,US,United States,100,9,2
import set,90,7,9,2,,6.00,3.00,-3.00,3,,US,United States,90,9,2
type 2 error example,210,,9,,,,8.00,,2,2,US,United States,210,9,
runbook automation,250,3,9,6,,9.67,9.50,-0.17,2,-1,GB,United Kingdom,250,9,6
devops academy,200,12,9,-3,,5.00,6.50,1.50,2,,IN,India,200,9,-3
serverless architecture vs microservices,230,7,9,1,,4.50,4.50,0.00,2,,US,United States,230,9,1
software release cycle,140,9,9,0,,3.20,3.20,0.00,5,,US,United States,140,9,0
saas scan,250,,9,,,,8.00,,1,1,AU,Australia,250,9,
user satisfaction,180,1,9,7,,7.00,7.50,0.50,2,1,CA,Canada,180,9,7
ci/cd platforms,220,8,9,1,,9.50,5.00,-4.50,2,,US,United States,220,9,1
slo meaning,2930,5,9,4,,11.71,15.11,3.40,9,2,PT,Portugal,2930,9,4
software supply chain,1210,0,9,8,,33.50,26.00,-7.50,4,2,CO,Colombia,1210,9,8
testing phase in sdlc,100,2,9,6,,1.00,1.00,0.00,1,,US,United States,100,9,6
harness.io valuation,20,9,9,0,,1.00,1.00,0.00,1,,US,United States,20,9,0
split account,170,9,9,0,,8.50,8.50,0.00,2,,IN,India,170,9,0
slo,14550,3,9,6,,36.73,45.84,9.11,19,4,ZA,South Africa,14550,9,6
harness system,70,26,9,-18,,1.00,3.00,2.00,1,,US,United States,70,9,-18
software project phases,30,9,9,0,,2.00,1.00,-1.00,2,,US,United States,30,9,0
target harness,50,7,9,2,,3.00,3.00,0.00,1,,US,United States,50,9,2
repository code,200,9,9,0,,8.00,8.00,0.00,1,,US,United States,200,9,0
smoke vs regression testing,140,9,9,0,,7.00,7.00,0.00,2,,US,United States,140,9,0
scim full form,500,,8,,,,13.00,,1,1,IN,India,500,8,
react sdk,90,7,8,2,,6.00,5.00,-1.00,1,,US,United States,90,8,2
continuous delivery tool,100,4,8,4,,8.00,5.00,-3.00,1,,US,United States,100,8,4
static and dynamic code analysis tools,100,16,8,-8,,3.00,6.00,3.00,1,,US,United States,100,8,-8
repository tools,80,3,8,5,,1.00,2.50,1.50,2,,US,United States,80,8,5
terraform alternative,330,11,8,-2,,9.88,10.33,0.46,6,-2,US,United States,330,8,-2
devops testing services,300,8,,,,10.00,,,0,-1,US,United States,300,8,
code repository tools,200,8,8,0,,9.00,8.00,-1.00,3,-1,IN,India,200,8,0
sli full form,1500,0,8,8,,1.00,2.00,1.00,1,,US,United States,1500,8,8
false negative rate formula,240,8,8,0,,6.67,6.67,0.00,3,,US,United States,240,8,0
what is split.io,90,8,8,0,,1.00,5.00,4.00,1,,US,United States,90,8,0
chaos engineering certification,50,8,8,1,,3.00,2.00,-1.00,2,,US,United States,50,8,1
what is a type 2 error in statistics,500,0,8,8,,64.00,13.00,-51.00,1,,US,United States,500,8,8
circleci orbs,120,19,8,-11,,5.25,5.67,0.42,3,-1,US,United States,120,8,-11
gitflow branching strategy,400,5,8,3,,5.50,11.50,6.00,2,,IN,India,400,8,3
what does the continuous delivery pipeline enable,130,9,8,-1,,5.00,5.14,0.14,7,,GB,United Kingdom,130,8,-1
code repository definition,100,8,8,0,,1.00,1.00,0.00,1,,US,United States,100,8,0
software engineer life cycle,120,6,8,2,,1.00,7.00,6.00,2,,US,United States,120,8,2
ai tools for devops,300,8,8,0,,9.50,9.50,0.00,2,,US,United States,300,8,0
software delivery management best practices,70,8,8,0,,3.00,3.00,0.00,1,,US,United States,70,8,0
mocking test,90,7,8,1,,6.50,7.50,1.00,4,,US,United States,90,8,1
statistics false positive,90,8,8,0,,1.00,1.00,0.00,1,,US,United States,90,8,0
microservices vs monolith,460,18,8,-10,,7.00,10.50,3.50,4,-1,US,United States,460,8,-10
ternary operator is also known as,20,8,,,,1.00,,,0,-1,IN,India,20,8,
devops for database,70,8,8,0,,3.00,3.00,0.00,1,,US,United States,70,8,0
feature management,240,9,8,-1,3,9.33,9.00,-0.33,2,-1,US,United States,240,8,-1
angular feature flags,200,,8,,,,8.00,,1,1,US,United States,200,8,
managing feature flags,100,6,8,2,,6.00,6.00,0.00,1,,US,United States,100,8,2
what are artifacts in software,160,6,8,2,,6.33,8.33,2.00,3,,US,United States,160,8,2
what is a feature flag,480,10,8,-2,6,6.00,4.00,-2.00,3,1,US,United States,480,8,-2
sca testing,400,4,8,4,,15.00,12.00,-3.00,1,,US,United States,400,8,4
repo code,150,8,8,0,,7.00,7.00,0.00,1,,US,United States,150,8,0
sdlc flowchart,130,8,8,0,,6.00,6.00,0.00,2,,IN,India,130,8,0
planning in sdlc,100,8,8,0,,3.67,6.67,3.00,3,,IN,India,100,8,0
helm deployment,220,5,8,3,,7.67,8.50,0.83,6,3,IN,India,220,8,3
devsecops compliance,150,8,8,0,,7.00,7.00,0.00,1,,US,United States,150,8,0
ci/cd tools list,150,8,8,0,,1.00,1.00,0.00,1,-1,IN,India,150,8,0
angular feature flag,150,8,8,0,,6.00,6.00,0.00,1,,US,United States,150,8,0
helm uninstall chart,70,,8,,,,3.00,,1,1,US,United States,70,8,
artifactory tools,70,8,8,0,,2.00,2.00,0.00,2,,IN,India,70,8,0
continuous delivery pipeline enable,70,8,8,0,,2.50,2.50,0.00,2,,US,United States,70,8,0
mend tool,120,10,8,-2,,5.50,6.00,0.50,2,,IN,India,120,8,-2
split testing,1000,8,8,0,,11.00,6.50,-4.50,2,,US,United States,1000,8,0
cicd pipeline tools,230,,8,,,,9.00,,3,3,US,United States,230,8,
git experience,20,4,8,4,,2.00,1.00,-1.00,1,,US,United States,20,8,4
white box testing and black box testing,730,0,8,7,,16.50,7.50,-9.00,2,,IN,India,730,8,7
feature flags angular,150,5,8,3,,9.00,7.00,-2.00,1,,US,United States,150,8,3
.net blog,900,8,8,0,,22.67,22.67,0.00,3,,US,United States,900,8,0
artifacts meaning in software,380,7,8,0,,5.00,3.33,-1.67,3,,US,United States,380,8,0
git leaks,260,6,8,2,,9.50,8.33,-1.17,3,1,IN,India,260,8,2
canary blue green,20,8,8,0,,1.00,1.00,0.00,1,,US,United States,20,8,0
phases of a software project,20,8,8,0,,1.00,1.00,0.00,1,,US,United States,20,8,0
sdlc life cycle steps,50,5,8,3,,5.00,3.50,-1.50,2,,US,United States,50,8,3
azure devops competitors,80,8,8,0,,5.00,4.00,-1.00,1,,US,United States,80,8,0
helm uninstall command,80,,8,,,,4.00,,1,1,US,United States,80,8,
various phases of sdlc,40,7,8,1,,1.00,1.00,0.00,2,,IN,India,40,8,1
ai application development company,600,,8,,,,15.00,,1,1,US,United States,600,8,
what is black box and white box testing,500,8,8,0,,11.00,11.00,0.00,1,,IN,India,500,8,0
reliability manager,100,9,8,-2,,4.00,5.00,1.00,1,,US,United States,100,8,-2
alpha version vs beta version,110,7,8,0,,6.67,5.00,-1.67,3,,US,United States,110,8,0
killswitch software,150,6,8,2,,7.00,6.00,-1.00,1,,US,United States,150,8,2
npm continuous integration,150,8,8,0,,6.00,6.00,0.00,1,,US,United States,150,8,0
rollback plan,140,8,8,-1,,6.00,4.00,-2.00,4,,IN,India,140,8,-1
kubernetes labels best practices,100,8,8,0,,5.00,5.00,0.00,1,,US,United States,100,8,0
g1gc vs parallel gc,60,8,8,-1,,3.00,3.50,0.50,2,,US,United States,60,8,-1
progressdeadlineseconds,80,5,8,3,,6.00,4.00,-2.00,1,,US,United States,80,8,3
react native sdk,130,6,8,1,,6.50,7.00,0.50,2,,IN,India,130,8,1
ephemeral environment,210,10,7,-2,,5.67,8.67,3.00,3,,US,United States,210,7,-2
wiz iac scanning,50,7,7,0,,2.00,2.00,0.00,1,,US,United States,50,7,0
mock test adalah,400,,7,,,,12.00,,1,1,ID,Indonesia,400,7,
types of software releases,80,5,7,3,,1.00,4.00,3.00,1,,US,United States,80,7,3
smoke test vs sanity test,300,8,7,0,,9.00,9.60,0.60,5,,US,United States,300,7,0
javascript sdk,220,8,7,0,,7.00,7.00,0.00,4,,US,United States,220,7,0
what is opentofu,150,9,7,-2,,6.00,1.00,-5.00,1,,US,United States,150,7,-2
aws marketplace,1050,,7,,,,15.00,,2,2,ID,Indonesia,1050,7,
armory io,60,7,7,0,,3.00,3.00,0.00,1,,US,United States,60,7,0
black box testing,5950,10,7,-3,,37.86,28.25,-9.61,8,1,US,United States,5950,7,-3
import set in servicenow,100,7,7,0,,1.00,6.00,5.00,1,,IN,India,100,7,0
feature branching,210,10,7,-3,,7.20,7.25,0.05,4,-1,US,United States,210,7,-3
black box vs white box testing,850,6,7,1,,14.00,10.50,-3.50,2,1,IN,India,850,7,1
devsecops containers,50,5,7,3,,4.00,2.00,-2.00,1,,US,United States,50,7,3
java hack,50,7,7,0,,2.00,2.00,0.00,2,,US,United States,50,7,0
snyk docker scan,100,7,7,0,,6.00,6.00,0.00,2,,US,United States,100,7,0
continuous delivery testing,150,,7,,,,7.00,,1,1,US,United States,150,7,
automated infrastructure,100,5,7,3,,8.00,7.00,-1.00,1,,US,United States,100,7,3
what is a repo in coding,150,7,7,0,,8.00,8.00,0.00,1,,US,United States,150,7,0
staging software development,80,7,7,0,,1.00,1.00,0.00,1,,US,United States,80,7,0
software project stages,40,7,7,0,,1.00,1.00,0.00,1,,US,United States,40,7,0
slo definition,330,7,7,0,,11.00,11.00,0.00,3,,US,United States,330,7,0
javascript feature flags,150,7,7,0,,7.00,7.00,0.00,1,,US,United States,150,7,0
feature flag best practice,100,7,7,0,,7.00,7.00,0.00,1,,US,United States,100,7,0
software development life cycle process,100,3,7,4,,10.50,7.00,-3.50,1,-1,US,United States,100,7,4
sonarqube report example,50,7,7,1,,2.50,2.00,-0.50,2,,IN,India,50,7,1
cloud development environments,50,3,7,4,,8.00,3.00,-5.00,1,,US,United States,50,7,4
cto vs vp engineering,50,7,7,0,,1.00,1.00,0.00,1,,US,United States,50,7,0
smoke testing vs sanity testing,1600,10,7,-3,,8.56,11.14,2.59,7,-2,US,United States,1600,7,-3
software development cycle phases,60,5,7,3,,1.00,1.00,0.00,1,,US,United States,60,7,3
split io pricing,80,7,7,0,,4.00,4.00,0.00,1,,US,United States,80,7,0
what is ci,2880,8,7,-1,,11.80,14.60,2.80,5,,IN,India,2880,7,-1
sanity testing meaning,700,0,7,7,,1.00,1.00,0.00,1,-1,IN,India,700,7,7
false negatives,340,5,7,2,,8.00,8.20,0.20,5,1,CA,Canada,340,7,2
kubectl apply dry run,160,6,7,1,,7.50,8.00,0.50,4,,US,United States,160,7,1
jyoti bansal harness,50,7,7,0,,3.00,3.00,0.00,1,,US,United States,50,7,0
feature flag naming convention,100,7,7,0,,7.00,7.00,0.00,1,,US,United States,100,7,0
sli meaning,880,7,7,0,,8.20,12.50,4.30,4,-1,IN,India,880,7,0
steps in software development life cycle,80,7,7,0,,1.00,3.00,2.00,2,,US,United States,80,7,0
ephemeral environments,190,9,7,-2,,10.25,8.50,-1.75,2,-2,US,United States,190,7,-2
docker layer caching,90,6,7,1,,7.00,6.00,-1.00,1,,US,United States,90,7,1
devops platform,700,5,7,2,,17.00,15.00,-2.00,1,,US,United States,700,7,2
incident retrospective,60,7,7,0,,3.00,3.00,0.00,1,,US,United States,60,7,0
phases of the sdlc,60,7,7,0,,1.00,1.00,0.00,1,,US,United States,60,7,0
mobile devsecops,60,7,7,0,,3.00,3.00,0.00,1,,US,United States,60,7,0
uninstall helm chart,60,7,,,,3.00,,,0,-1,US,United States,60,7,
initiation phase in sdlc,80,7,7,0,,4.50,4.00,-0.50,2,,IN,India,80,7,0
snyk container scanning,90,0,7,7,,7.00,6.00,-1.00,2,1,RU,Russian Federation,90,7,7
software delivery lifecycle,390,4,7,3,,1.00,4.75,3.75,4,,US,United States,390,7,3
artifact meaning in software,140,3,7,4,,5.50,7.75,2.25,4,,IN,India,140,7,4
helm vs kustomize,200,5,7,2,,11.00,9.00,-2.00,1,,US,United States,200,7,2
the steps of the program development life cycle start with,90,7,7,0,,1.00,1.00,0.00,1,,US,United States,90,7,0
continuous delivery quality gates,90,4,7,3,,8.00,5.00,-3.00,1,,US,United States,90,7,3
optimize cloud costs,350,7,7,0,,12.00,12.00,0.00,1,,US,United States,350,7,0
gson vs jackson,170,4,7,3,,8.33,9.25,0.92,4,1,US,United States,170,7,3
software project life cycle,200,18,7,-11,,3.67,6.00,2.33,3,,US,United States,200,7,-11
ec2 latency,60,4,7,2,,5.00,3.00,-2.00,1,,US,United States,60,7,2
what is argocd,980,9,7,-2,,9.00,4.33,-4.67,3,1,US,United States,980,7,-2
stages of software engineering,20,7,7,0,,1.00,1.00,0.00,1,,US,United States,20,7,0
which phase is analysis phase in sdlc model,20,2,7,5,,1.00,1.00,0.00,1,,IN,India,20,7,5
feature development process,20,7,7,0,,1.00,1.00,0.00,1,,US,United States,20,7,0
gitops diagram,20,7,7,0,,1.00,1.00,0.00,1,,US,United States,20,7,0
scm devops,20,7,7,0,,1.00,1.00,0.00,1,,US,United States,20,7,0
development cycle stages,50,7,7,0,,3.00,2.00,-1.00,1,,US,United States,50,7,0
trunk-based development,1110,14,7,-7,,3.75,4.44,0.69,9,5,US,United States,1110,7,-7
software repository management,40,7,7,0,,2.00,2.00,0.00,1,,US,United States,40,7,0
type 2 error,5850,3,7,4,,15.44,31.33,15.89,6,-3,IN,India,5850,7,4
what is slo,1460,8,7,-1,,6.80,18.40,11.60,5,,IN,India,1460,7,-1
stage template,50,9,7,-2,,4.33,2.50,-1.83,2,-1,GB,United Kingdom,50,7,-2
harness logo transparent,10,7,7,-1,,1.00,1.00,0.00,1,,US,United States,10,7,-1
sdlc process steps,100,7,7,0,,3.50,3.50,0.00,2,,IN,India,100,7,0
kubectl patch,300,7,7,-1,,8.20,7.50,-0.70,4,-1,US,United States,300,7,-1
chaos login,850,4,7,3,,14.00,16.00,2.00,3,2,US,United States,850,7,3
deployment testing in software testing,50,7,7,0,,2.00,2.00,0.00,1,,IN,India,50,7,0
whitesource scan,140,7,7,0,,7.00,7.00,0.00,2,,US,United States,140,7,0
aqua trivy,230,7,7,0,,9.80,9.40,-0.40,5,,US,United States,230,7,0
what is white box testing and black box testing,230,8,7,-1,,5.50,9.50,4.00,2,,IN,India,230,7,-1
software product development life cycle stages,60,7,7,0,,1.00,1.00,0.00,1,,US,United States,60,7,0
project sdlc,150,7,,,,9.00,,,0,-1,US,United States,150,7,
ci/cd tool,200,0,7,7,,27.00,15.00,-12.00,3,2,TR,Turkey,200,7,7
kubernetes rolling update,170,7,7,0,,9.12,8.33,-0.79,6,-2,DE,Germany,170,7,0
devops infrastructure,350,7,7,0,,12.00,12.00,0.00,1,,US,United States,350,7,0
software release,340,6,7,1,,5.71,7.71,2.00,7,,IN,India,340,7,1
azure secret manager,190,6,7,1,,9.00,9.00,0.00,3,1,IN,India,190,7,1
repository tools list,30,7,7,0,,2.00,2.00,0.00,2,,US,United States,30,7,0
smoke test vs regression test,170,6,7,0,,8.50,8.00,-0.50,2,,US,United States,170,7,0
kubernetes traffic routing,100,3,7,3,,9.00,6.00,-3.00,1,,US,United States,100,7,3
harness organization,40,7,7,0,,3.00,4.00,1.00,1,,US,United States,40,7,0
implementation phase in sdlc,220,9,7,-2,,8.33,9.67,1.33,3,,US,United States,220,7,-2
stages of program development,80,5,7,2,,3.00,5.75,2.75,4,1,US,United States,80,7,2
ai in test automation,200,0,7,6,,22.00,10.00,-12.00,1,,US,United States,200,7,6
repository management tools,80,6,7,1,,5.00,5.00,0.00,2,,US,United States,80,7,1
security harness,60,2,7,5,,9.00,3.00,-6.00,1,,US,United States,60,7,5
software repository tools,60,7,7,0,,3.00,3.00,0.00,1,,US,United States,60,7,0
harness delegate helm chart,20,8,7,-1,,2.00,3.00,1.00,1,,US,United States,20,7,-1
harness drone,30,7,7,0,,2.00,3.00,1.00,1,,US,United States,30,7,0
what is static application security testing,350,6,7,0,,13.00,13.00,0.00,1,,US,United States,350,7,0
software development steps,190,7,7,-1,,5.25,4.50,-0.75,4,,US,United States,190,7,-1
continuous deployment tools,500,0,7,6,,29.50,15.00,-14.50,4,2,US,United States,500,7,6
sso with ldap,20,7,7,0,,1.00,2.00,1.00,1,,US,United States,20,7,0
harness series d,20,7,7,0,,1.00,1.00,0.00,1,,US,United States,20,7,0
continuous integration platform,500,13,7,-6,,10.00,1.00,-9.00,1,,US,United States,500,7,-6
staging servers,100,7,,,,7.00,,,0,-1,US,United States,100,7,
mock adalah,150,,6,,,,8.00,,1,1,ID,Indonesia,150,6,
devops tools for database,90,5,6,1,,7.00,6.00,-1.00,1,,US,United States,90,6,1
jenkins continuous integration,280,6,6,0,,9.50,6.33,-3.17,3,-1,US,United States,280,6,0
devops ecosystem,140,6,6,0,,7.50,7.50,0.00,2,,US,United States,140,6,0
slo means,200,7,6,0,,9.00,9.50,0.50,2,,IN,India,200,6,0
git release branching strategy,90,6,6,0,,5.00,5.00,0.00,1,,US,United States,90,6,0
ci exam,60,5,6,1,,4.00,4.00,0.00,1,,IN,India,60,6,1
type two error,390,7,6,-1,,8.67,9.00,0.33,2,-1,US,United States,390,6,-1
what is production environment,110,6,6,0,,3.67,2.67,-1.00,3,,IN,India,110,6,0
snyk container security,150,8,6,-2,,6.00,7.00,1.00,1,,US,United States,150,6,-2
software feature,100,4,6,2,,1.00,1.00,0.00,1,,US,United States,100,6,2
deployment automation,1160,1,6,5,,13.00,9.33,-3.67,3,1,US,United States,1160,6,5
what does continuous delivery pipeline enable,80,5,6,1,,5.33,4.33,-1.00,3,,US,United States,80,6,1
introduction to ai and machine learning,130,2,6,4,,8.00,7.50,-0.50,2,1,IN,India,130,6,4
multivariate testing,1500,14,6,-8,,9.29,10.00,0.71,6,-1,IN,India,1500,6,-8
hsrness,30,6,6,0,,1.00,2.00,1.00,1,,US,United States,30,6,0
snyk scan docker image,100,3,6,4,,10.00,6.00,-4.00,1,,US,United States,100,6,4
osv scanner,210,7,6,-1,,19.67,20.00,0.33,3,,IN,India,210,6,-1
java feature toggle,100,4,6,2,,9.00,7.00,-2.00,1,,US,United States,100,6,2
app version,240,0,6,6,,1.00,5.50,4.50,2,1,BR,Brazil,240,6,6
sanjay nagaraj,50,4,6,2,,5.00,3.00,-2.00,1,,US,United States,50,6,2
cloud environment,760,5,6,1,,10.00,7.67,-2.33,3,1,US,United States,760,6,1
false negative meaning,440,6,6,0,,10.25,10.00,-0.25,4,,GB,United Kingdom,440,6,0
infra automation,130,6,6,0,,7.50,7.50,0.00,2,,US,United States,130,6,0
harness project,10,2,6,4,,3.00,1.00,-2.00,1,,US,United States,10,6,4
infrastructure delivery,60,6,,,,4.00,,,0,-1,US,United States,60,6,
cloudcheckr pricing,100,8,6,-2,,5.00,6.00,1.00,1,,US,United States,100,6,-2
wiz scan,150,10,6,-4,,5.00,7.00,2.00,1,,US,United States,150,6,-4
devops ai,250,15,6,-8,,5.50,11.00,5.50,1,-1,US,United States,250,6,-8
feature flagging best practices,150,4,6,2,,10.00,7.00,-3.00,1,,US,United States,150,6,2
testing harness,60,6,6,0,,6.00,3.00,-3.00,2,,US,United States,60,6,0
software release types,80,6,6,0,,1.00,1.00,0.00,1,,US,United States,80,6,0
feature flags as a service,160,6,6,0,,8.50,8.50,0.00,2,,US,United States,160,6,0
roll back plan,80,6,6,0,,4.00,4.00,0.00,2,,US,United States,80,6,0
jenkins software,1250,,6,,,,16.00,,2,2,IN,India,1250,6,
feature toggles safe,90,,6,,9,,6.00,,1,1,US,United States,90,6,
life cycle development stages,20,6,6,0,,1.00,1.00,0.00,1,,US,United States,20,6,0
purpose of sprint retrospective,90,5,6,2,,4.50,6.50,2.00,2,,US,United States,90,6,2
alpha vs beta release,80,6,6,0,,6.00,6.00,0.00,1,,US,United States,80,6,0
database release automation,100,3,6,3,,9.00,6.00,-3.00,1,,US,United States,100,6,3
how to manage feature flags,100,3,6,4,,10.00,1.00,-9.00,1,,US,United States,100,6,4
harness web login,250,7,6,-1,,9.00,10.00,1.00,1,,AU,Australia,250,6,-1
blue green vs canary deployment,120,6,6,0,,4.50,4.50,0.00,2,,US,United States,120,6,0
release strategies,90,0,6,6,,1.00,1.00,0.00,1,,US,United States,90,6,6
harness technologies,30,6,6,0,,2.00,2.00,0.00,1,,US,United States,30,6,0
stages of the sdlc,50,6,6,0,,1.00,1.00,0.00,1,,US,United States,50,6,0
canny api,50,6,6,0,,3.00,3.00,0.00,1,,US,United States,50,6,0
harness community,50,8,6,-2,,4.00,7.00,3.00,1,,US,United States,50,6,-2
ai for devops,300,4,6,2,,10.00,5.50,-4.50,2,1,IN,India,300,6,2
what is black box testing and white box testing,200,6,6,0,,10.00,10.00,0.00,1,,IN,India,200,6,0
chaos testing,1200,6,6,0,,6.67,18.00,11.33,2,-1,IN,India,1200,6,0
supply chain in software industry,80,6,6,0,,5.00,5.00,0.00,1,,US,United States,80,6,0
feature flag management api,80,3,6,3,,8.00,5.00,-3.00,1,,US,United States,80,6,3
ai command,100,6,6,0,,7.00,7.00,0.00,1,,IN,India,100,6,0
what is gitops,800,11,6,-5,,14.50,10.00,-4.50,2,,US,United States,800,6,-5
what is mock test,3030,13,6,-7,,25.67,14.33,-11.33,3,,IN,India,3030,6,-7
jackson vs gson,110,5,6,1,,7.50,7.67,0.17,3,1,US,United States,110,6,1
maintenance phase in sdlc,170,7,6,-1,,8.33,5.67,-2.67,3,,IN,India,170,6,-1
software planning process,50,19,6,-13,,1.00,3.00,2.00,1,,US,United States,50,6,-13
propelo,300,119,6,-113,,3.75,4.50,0.75,4,,US,United States,300,6,-113
software testing types,420,7,6,-1,,8.50,8.33,-0.17,3,-1,US,United States,420,6,-1
false positive formula,80,6,6,0,,2.00,3.00,1.00,2,,US,United States,80,6,0
enable test,150,6,6,0,,8.00,8.00,0.00,1,,IN,India,150,6,0
azure secrets manager,230,9,6,-3,,8.33,10.00,1.67,3,,US,United States,230,6,-3
sdlc in project management,150,6,,,,9.00,,,0,-1,US,United States,150,6,
kubectl rollback,100,5,6,1,,9.00,8.00,-1.00,2,,US,United States,100,6,1
why feature flags,100,4,6,2,,9.00,7.00,-2.00,1,,US,United States,100,6,2
phases of life cycle,100,4,6,2,,9.00,7.00,-2.00,1,,IN,India,100,6,2
alpha version,260,6,6,0,,3.86,6.14,2.29,7,,US,United States,260,6,0
cd tools,320,2,6,4,,9.00,9.00,0.00,3,2,GB,United Kingdom,320,6,4
harness propelo,10,6,6,0,,1.00,1.00,0.00,1,,US,United States,10,6,0
cloud cost management tool,100,3,6,3,,11.00,7.00,-4.00,1,,US,United States,100,6,3
aws savings plan pricing,200,6,,,,9.00,,,0,-1,US,United States,200,6,
best developer portal,150,7,6,-1,,7.00,8.00,1.00,1,,US,United States,150,6,-1
what is a ci,6000,13,6,-7,,10.80,18.00,7.20,5,,US,United States,6000,6,-7
automated build,100,5,6,1,,7.00,5.50,-1.50,2,,US,United States,100,6,1
node js sdk,150,6,6,0,,8.00,8.00,0.00,1,,US,United States,150,6,0
database devops tools,200,6,6,0,,9.00,9.00,0.00,1,,US,United States,200,6,0
testing phases in sdlc,80,6,6,0,,1.00,1.00,0.00,1,,US,United States,80,6,0
feature flag release,100,4,6,2,,8.00,6.00,-2.00,1,,US,United States,100,6,2
dark launch meaning,50,4,6,2,,1.00,4.00,3.00,1,,US,United States,50,6,2
software engineering steps,100,4,6,2,,1.00,1.00,0.00,2,,IN,India,100,6,2
what is code repository,70,5,6,1,,5.50,4.50,-1.00,2,,IN,India,70,6,1
environment production,100,3,6,3,,1.00,7.50,6.50,2,1,IN,India,100,6,3
harness tools,30,6,6,0,,1.00,1.00,0.00,1,,US,United States,30,6,0
cloud devops company,40,6,6,0,,2.00,2.00,0.00,1,,US,United States,40,6,0
devops testing service usa,40,6,6,0,,2.00,2.00,0.00,1,,US,United States,40,6,0
static application security testing,1750,9,6,-4,,18.33,42.67,24.33,3,,IN,India,1750,6,-4
ab testing,321000,4,6,2,,39.09,40.46,1.37,35,24,RU,Russian Federation,321000,6,2
gitops tools,500,7,6,-1,,18.33,14.50,-3.83,2,-1,US,United States,500,6,-1
first phase of sdlc,50,5,6,0,,4.50,4.00,-0.50,2,,US,United States,50,6,0
segments,4950,8,6,-2,,16.50,35.40,18.90,5,3,US,United States,4950,6,-2
software catalog,150,7,6,-1,,9.40,6.33,-3.07,3,-2,IN,India,150,6,-1
repository coding,90,6,6,0,,6.00,7.00,1.00,1,,US,United States,90,6,0
slo management,60,6,6,0,,1.00,5.00,4.00,1,,US,United States,60,6,0
feature flags vs branching,90,6,6,0,,6.00,6.00,0.00,1,,US,United States,90,6,0
trunk based development feature flags,40,17,6,-11,,1.00,2.00,1.00,1,,US,United States,40,6,-11
sdlc cycle,780,3,6,3,,3.20,3.00,-0.20,5,,US,United States,780,6,3
terraform variables file,190,5,6,1,,9.00,9.00,0.00,4,1,US,United States,190,6,1
what is an error budget,70,,6,,,,1.00,,1,1,US,United States,70,6,
what is continuous delivery,450,0,6,6,,38.00,14.00,-24.00,1,,US,United States,450,6,6
browser sdk,60,4,6,1,,5.00,4.00,-1.00,1,,US,United States,60,6,1
cloud proof of concept,60,6,6,0,,4.00,4.00,0.00,1,,US,United States,60,6,0
project management software development life cycle,100,4,6,1,,8.00,8.00,0.00,1,,US,United States,100,6,1
software development process diagram,90,,6,,,,6.00,,1,1,US,United States,90,6,
sdlc diagram,1500,4,6,2,,20.00,17.00,-3.00,1,,IN,India,1500,6,2
ci/cd pipeline tools,410,5,5,1,,5.00,6.33,1.33,3,1,US,United States,410,5,1
go sdk,100,,5,,,,7.00,,1,1,US,United States,100,5,
build automation software,200,,5,,,,9.00,,1,1,US,United States,200,5,
idp backstage,100,7,5,-1,,7.00,8.00,1.00,1,,US,United States,100,5,-1
deployment template,100,5,5,0,,7.00,7.00,0.00,1,,US,United States,100,5,0
kill switch software,90,5,5,0,,1.00,6.00,5.00,1,,US,United States,90,5,0
developer experience conference,20,5,5,0,,1.00,1.00,0.00,1,,US,United States,20,5,0
slsa full form,200,5,5,0,,10.00,10.00,0.00,1,,IN,India,200,5,0
what is ci/cd pipeline tools,180,5,5,0,,10.00,10.00,0.00,2,,IN,India,180,5,0
mock testing meaning,40,13,5,-8,,2.00,1.00,-1.00,1,,US,United States,40,5,-8
decouple deployment from release,40,4,5,1,,3.00,2.00,-1.00,2,,US,United States,40,5,1
what is continuous integration,2460,0,5,5,,36.67,10.50,-26.17,8,5,US,United States,2460,5,5
sdlc and its phases,60,6,5,-1,,2.50,2.50,0.00,2,,IN,India,60,5,-1
steps of software development life cycle,60,5,5,0,,1.00,1.00,0.00,2,,US,United States,60,5,0
what is atlassian compass,90,7,5,-1,,6.00,7.00,1.00,1,,US,United States,90,5,-1
feature flag service,300,0,5,5,,21.00,12.00,-9.00,1,,US,United States,300,5,5
split.io,490,10,5,-5,,3.07,2.57,-0.50,14,,US,United States,490,5,-5
mocking in testing,50,5,5,0,,3.00,3.00,0.00,1,,US,United States,50,5,0
cto engineering,50,5,5,0,,3.00,3.00,0.00,1,,US,United States,50,5,0
"software release stages alpha, beta",50,5,5,0,,1.00,1.00,0.00,1,,US,United States,50,5,0
harness people,30,6,5,-1,,2.00,3.00,1.00,1,,US,United States,30,5,-1
gremlin tool,180,5,5,0,,9.33,9.50,0.17,4,1,US,United States,180,5,0
devops service companies,150,,5,,,,9.00,,1,1,US,United States,150,5,
what is ci and cd,200,2,5,3,,15.00,11.00,-4.00,1,,IN,India,200,5,3
what is a staging server,80,5,5,0,,6.00,3.50,-2.50,2,,US,United States,80,5,0
activities of fdd are,100,4,5,1,,1.00,8.00,7.00,1,,IN,India,100,5,1
continuous delivery ebook,70,5,5,0,,6.00,6.00,0.00,1,,US,United States,70,5,0
it infrastructure automation,420,10,5,-5,,10.00,12.50,2.50,2,,US,United States,420,5,-5
fases del ciclo de vida del software,90,4,5,2,,4.00,5.50,1.50,2,,CO,Colombia,90,5,2
software delivery automation,50,,5,,,,4.00,,1,1,US,United States,50,5,
nick durkin,40,5,5,0,,2.00,2.00,0.00,1,,US,United States,40,5,0
splitly ab test,40,5,5,0,,2.00,2.00,0.00,1,,US,United States,40,5,0
blue-green deployment strategy,120,5,5,0,,8.00,8.00,0.00,2,,IN,India,120,5,0
gremlin chaos engineering,150,11,5,-5,,9.25,8.67,-0.58,3,-1,US,United States,150,5,-5
sanity vs smoke testing,400,11,5,-6,,7.40,10.67,3.27,3,-2,IN,India,400,5,-6
octopus deploy competitors,60,4,5,1,,1.00,4.00,3.00,1,,US,United States,60,5,1
database release management,60,3,5,3,,8.00,4.00,-4.00,1,,US,United States,60,5,3
cicd as a service,60,5,5,0,,5.00,5.00,0.00,1,,US,United States,60,5,0
compass atlassian,180,,5,,,,8.50,,2,2,US,United States,180,5,
server side testing,120,5,5,0,,8.00,8.00,0.00,2,,US,United States,120,5,0
artifact software,120,4,5,1,,7.75,7.00,-0.75,4,,US,United States,120,5,1
what is kill switch,150,,5,,,,10.00,,1,1,IN,India,150,5,
score cards,90,5,5,0,,6.00,6.00,0.00,1,,IN,India,90,5,0
java hacking,30,13,5,-7,,3.00,3.50,0.50,2,,IN,India,30,5,-7
octopus deploy alternatives,170,4,5,1,,10.50,9.50,-1.00,2,,US,United States,170,5,1
docker scan snyk,100,6,5,-1,,6.00,7.00,1.00,1,,US,United States,100,5,-1
feature toggle java,100,5,5,0,,8.50,7.00,-1.50,1,-1,US,United States,100,5,0
harness.io layoffs,40,5,5,0,,5.00,5.00,0.00,1,,US,United States,40,5,0
automation build,90,5,5,0,,1.00,1.00,0.00,1,,US,United States,90,5,0
feature flags iphone,90,5,5,0,,7.00,7.00,0.00,1,,US,United States,90,5,0
sast security,350,5,5,0,,13.00,13.00,0.00,1,,US,United States,350,5,0
vp of technology vs cto,40,5,5,0,,3.00,3.00,0.00,1,,US,United States,40,5,0
vp of engineering vs cto,40,5,5,0,,1.00,1.00,0.00,1,,US,United States,40,5,0
import set servicenow,40,5,5,0,,3.50,3.50,0.00,2,,US,United States,40,5,0
single sign on ldap,60,5,5,0,,1.00,5.00,4.00,1,,US,United States,60,5,0
what is a dark release,60,5,5,0,,4.00,5.00,1.00,1,,US,United States,60,5,0
trunk based development meaning,60,3,5,2,,7.00,5.00,-2.00,1,,US,United States,60,5,2
software artifact,110,5,5,1,,8.75,8.00,-0.75,4,,US,United States,110,5,1
yaml pipeline,120,5,5,0,,7.50,8.00,0.50,3,-1,IN,India,120,5,0
fortify scan,500,6,5,-1,,7.50,2.50,-5.00,2,,IN,India,500,5,-1
first step in software development life cycle,50,4,5,1,,6.00,2.50,-3.50,2,,US,United States,50,5,1
define slo,150,4,5,1,,10.00,10.00,0.00,1,,US,United States,150,5,1
goland ide,500,3,5,2,,14.00,14.00,0.00,2,1,US,United States,500,5,2
feature flags vs feature branches,100,4,5,1,,8.00,7.00,-1.00,1,,US,United States,100,5,1
what are ci/cd tools,230,5,5,0,,6.00,6.00,0.00,2,,US,United States,230,5,0
software lifecycle phases,10,2,5,3,,1.00,1.00,0.00,1,,US,United States,10,5,3
what is release testing,10,2,5,3,,2.00,1.00,-1.00,1,,US,United States,10,5,3
what are guardrails in business,10,1,5,4,,4.00,1.00,-3.00,1,,US,United States,10,5,4
program development cycle,170,11,5,-6,,7.75,7.00,-0.75,3,-1,IN,India,170,5,-6
sanity test vs smoke test,110,4,5,1,,6.00,8.67,2.67,3,,US,United States,110,5,1
feature flag as a service,150,,5,,,,8.00,,1,1,US,United States,150,5,
software supply chain management,300,5,5,0,,13.00,13.00,0.00,1,,US,United States,300,5,0
devops mttr,50,5,5,0,,1.00,5.00,4.00,1,,US,United States,50,5,0
dora mttr,50,5,5,0,,5.00,5.00,0.00,1,,US,United States,50,5,0
reinvent parties,100,5,5,0,,7.00,7.00,0.00,1,,US,United States,100,5,0
sbom repository,80,5,5,0,,6.00,6.00,0.00,1,,US,United States,80,5,0
fp rate,40,5,5,0,,3.00,3.00,0.00,1,,US,United States,40,5,0
flux vs argocd,240,6,5,-1,,10.67,11.00,0.33,2,-1,US,United States,240,5,-1
repository management,120,5,5,0,,9.00,5.00,-4.00,2,,US,United States,120,5,0
ci cd pipeline,16050,8,5,-3,,23.83,31.25,7.42,8,2,IN,India,16050,5,-3
main branch,620,5,5,0,,6.17,4.67,-1.50,6,,CA,Canada,620,5,0
what is ci pipeline,80,5,5,0,,6.00,6.00,0.00,1,,US,United States,80,5,0
software development life cycle requirements,50,5,5,0,,1.00,1.00,0.00,1,,US,United States,50,5,0
backstage plugin development,50,5,5,0,,4.00,4.00,0.00,1,,US,United States,50,5,0
steps for software development,50,3,5,1,,3.50,1.00,-2.50,2,,US,United States,50,5,1
git codeowners,150,5,5,0,,9.00,9.00,0.00,1,,US,United States,150,5,0
devops database automation tools,100,,5,,,,7.00,,1,1,US,United States,100,5,
trunk based development vs feature branch,50,5,5,0,,3.00,3.00,0.00,2,,US,United States,50,5,0
import sets servicenow,40,3,5,2,,4.50,3.50,-1.00,2,,US,United States,40,5,2
branch by abstraction,80,5,5,0,,6.00,6.00,0.00,1,,US,United States,80,5,0
what is a false negative,380,4,5,1,,8.00,7.75,-0.25,4,1,GB,United Kingdom,380,5,1
snyk container test,70,5,5,0,,5.00,5.00,0.00,1,,US,United States,70,5,0
what comes before alpha,50,5,5,0,,5.00,5.00,0.00,1,,US,United States,50,5,0
mttr in software engineering,50,5,,,,5.00,,,0,-1,US,United States,50,5,
sdlc in software testing,1800,7,5,-2,,3.00,3.00,0.00,1,,IN,India,1800,5,-2
ai automation testing,400,0,5,4,,20.00,16.00,-4.00,2,1,US,United States,400,5,4
programming cycle,80,5,5,0,,6.00,6.50,0.50,2,,US,United States,80,5,0
coding repository,90,5,5,0,,7.00,6.00,-1.00,1,,US,United States,90,5,0
harness.io competitors,40,4,5,1,,1.00,7.00,6.00,1,,US,United States,40,5,1
wiz cli,200,4,5,1,,12.00,11.00,-1.00,1,,US,United States,200,5,1
mocking in unit testing,120,4,5,0,,8.00,8.00,0.00,2,,US,United States,120,5,0
canary release vs blue green,150,6,5,-1,,8.00,9.00,1.00,1,,US,United States,150,5,-1
chaos tools,30,5,5,0,,2.00,2.00,0.00,1,,US,United States,30,5,0
steps in software development process,70,5,5,0,,1.00,1.00,0.00,2,,US,United States,70,5,0
writing apis,50,5,5,0,,3.50,4.00,0.50,2,,US,United States,50,5,0
application development cycle,60,5,5,0,,1.00,1.00,0.00,1,,US,United States,60,5,0
aws ecs deployment,100,,5,,,,7.00,,1,1,US,United States,100,5,
drone ci cd,80,2,5,2,,9.00,6.00,-3.00,1,,US,United States,80,5,2
what is a killswitch,200,5,5,0,,1.00,1.00,0.00,1,,US,United States,200,5,0
what does circleci do,50,2,5,2,,8.00,5.00,-3.00,1,,US,United States,50,5,2
sdlc activities,50,4,5,1,,1.00,1.00,0.00,2,,US,United States,50,5,1
difference between smoke and sanity testing,1240,1,5,4,,6.60,9.60,3.00,5,,CA,Canada,1240,5,4
release candidate,860,15,5,-10,,3.25,5.40,2.15,5,-3,DE,Germany,860,5,-10
what is a type ii error,200,5,5,0,,6.00,6.00,0.00,1,,US,United States,200,5,0
software development life cycle project plan,30,5,5,0,,2.00,2.00,0.00,1,,US,United States,30,5,0
feature flag definition,150,5,,,,9.00,,,0,-1,US,United States,150,5,
sdlc model phases,40,5,5,0,,2.00,2.50,0.50,2,,US,United States,40,5,0
software development lifecycle,3700,5,5,0,,3.25,1.60,-1.65,15,3,AU,Australia,3700,5,0
what is artifacts in software,110,5,5,0,,5.00,5.00,0.00,2,,IN,India,110,5,0
false negative,2580,5,5,0,,10.33,10.43,0.10,7,1,IN,India,2580,5,0
sdlc requirements gathering,60,4,5,1,,6.00,5.00,-1.00,1,,US,United States,60,5,1
canary deploy,160,,5,,,,9.00,,2,2,US,United States,160,5,
active user,230,5,5,0,,12.29,11.80,-0.49,5,-2,US,United States,230,5,0
what are ci cd tools,130,,5,,,,6.00,,2,2,US,United States,130,5,
seven phases of sdlc,10,5,5,0,,1.00,1.00,0.00,1,,US,United States,10,5,0
cloud cost management best practices,150,5,,,,9.00,,,0,-1,US,United States,150,5,
harness nextgen,10,4,5,0,,1.00,1.00,0.00,1,,US,United States,10,5,0
iac pipeline,100,5,,,,9.00,,,0,-1,US,United States,100,5,
gartner magic quadrant devops,80,6,5,-1,,5.00,6.00,1.00,1,,US,United States,80,5,-1
what is jenkins ci,80,,5,,,,7.00,,1,1,US,United States,80,5,
ruby sdk,100,3,5,2,,10.00,8.00,-2.00,1,,US,United States,100,5,2
sast scan,750,2,5,3,,22.00,9.50,-12.50,2,,US,United States,750,5,3
software management life cycle,70,5,5,0,,2.67,4.33,1.67,3,,US,United States,70,5,0
software application life cycle,60,4,5,1,,1.00,5.00,4.00,1,,US,United States,60,5,1
planning the development process in software engineering,60,5,5,0,,1.00,1.00,0.00,1,,IN,India,60,5,0
a testing,170,8,5,-3,,7.50,10.50,3.00,2,,US,United States,170,5,-3
rolling update in kubernetes,100,3,5,2,,11.00,9.00,-2.00,1,,IN,India,100,5,2
what is an sli,220,5,5,0,,3.50,3.50,0.00,2,,US,United States,220,5,0
operation phase in sdlc,30,5,5,0,,2.00,2.00,0.00,2,,IN,India,30,5,0
software lifecycle,530,5,5,-1,,3.43,3.83,0.40,6,-1,BR,Brazil,530,5,-1
true positive and false positive,530,3,5,1,,17.00,12.00,-5.00,2,1,IN,India,530,5,1
what is sli,1050,5,5,0,,11.00,13.00,2.00,2,,IN,India,1050,5,0
whats a ci,1080,3,5,2,,16.50,9.00,-7.50,3,1,AU,Australia,1080,5,2
harnessing,1700,0,5,5,,63.50,28.50,-35.00,2,,GB,United Kingdom,1700,5,5
what is the software development life cycle,260,5,,,,12.00,,,0,-2,US,United States,260,5,
sprint retrospective meaning,210,5,5,0,,8.33,6.00,-2.33,3,,IN,India,210,5,0
feature flags service,100,,5,,,,9.00,,1,1,US,United States,100,5,
explain the phases of sdlc,40,6,5,-1,,2.00,1.00,-1.00,1,,IN,India,40,5,-1
gitops at scale,40,5,5,0,,3.00,3.00,0.00,1,,US,United States,40,5,0
a to b testing,100,0,5,4,,19.00,9.00,-10.00,1,,GB,United Kingdom,100,5,4
blue green deployment in kubernetes,120,5,5,0,,10.00,10.00,0.00,2,,IN,India,120,5,0
canary and blue green deployment,80,5,5,0,,7.00,7.00,0.00,1,,US,United States,80,5,0
the final step in the software development life cycle,30,5,5,0,,2.00,2.00,0.00,1,,US,United States,30,5,0
stages of application development,60,5,5,0,,7.00,7.00,0.00,1,,US,United States,60,5,0
secure source code repository,100,5,5,0,,8.00,8.00,0.00,1,,US,United States,100,5,0
aws ecs run-task,120,5,5,-1,,7.67,7.33,-0.33,3,,US,United States,120,5,-1
feature flag vs feature branch,90,6,5,-1,,6.00,7.00,1.00,1,,US,United States,90,5,-1
ci cd deployment,250,4,5,1,,6.00,13.00,7.00,1,-1,US,United States,250,5,1
software product life cycle stages,60,4,5,1,,7.00,6.00,-1.00,1,,US,United States,60,5,1
staging environment meaning,250,5,5,0,,12.00,12.00,0.00,1,,IN,India,250,5,0
cost management cloud,100,0,4,4,,1.00,9.00,8.00,1,,US,United States,100,4,4
sdlc processes,100,4,4,0,,8.33,6.33,-2.00,3,,GB,United Kingdom,100,4,0
feature branches vs feature flags,90,6,4,-1,,6.00,7.00,1.00,1,,US,United States,90,4,-1
types of software development life cycle,120,6,4,-1,,9.00,10.00,1.00,2,-1,US,United States,120,4,-1
harness wiki,30,4,4,0,,3.00,3.00,0.00,1,,US,United States,30,4,0
developer productivity,700,1,4,3,,23.00,1.00,-22.00,1,,US,United States,700,4,3
terraform apply target,250,3,4,1,,7.67,9.67,2.00,3,,AU,Australia,250,4,1
git cache,100,5,4,-1,,7.50,8.00,0.50,2,,US,United States,100,4,-1
helm uninstall example,40,,4,,,,3.00,,1,1,US,United States,40,4,
dark release meaning,40,4,4,0,,4.00,4.00,0.00,1,,US,United States,40,4,0
sdlc phases with primary activities,40,4,4,0,,1.00,1.00,0.00,1,,IN,India,40,4,0
deployment pipeline enables collaboration,200,4,4,1,,11.00,10.00,-1.00,1,,IN,India,200,4,1
is type 2 error false negative,70,3,4,2,,9.00,7.00,-2.00,1,,US,United States,70,4,2
design phase of software development,70,4,4,0,,1.00,7.00,6.00,1,,US,United States,70,4,0
pavan belagatti,110,4,4,0,,7.50,7.50,0.00,2,,IN,India,110,4,0
redis streams,850,,4,,,,19.50,,2,2,IN,India,850,4,
spdx vs cyclonedx,60,2,4,3,,10.00,6.00,-4.00,1,,US,United States,60,4,3
sample ratio mismatch calculator,60,4,4,0,,5.00,5.00,0.00,1,,US,United States,60,4,0
terraform rollback,60,4,,,,1.00,,,0,-1,US,United States,60,4,
writing api,50,5,4,-1,,5.00,5.00,0.00,2,,US,United States,50,4,-1
artifacts in software engineering,120,4,4,0,,9.50,9.00,-0.50,2,,IN,India,120,4,0
what is the purpose of building a continuous delivery pipeline,70,2,4,2,,5.00,6.00,1.00,2,,US,United States,70,4,2
sdlc standards,150,7,4,-3,,8.00,10.00,2.00,1,,US,United States,150,4,-3
continuous delivery encourages configuration as code,150,,4,,,,9.00,,1,1,US,United States,150,4,
what is agile delivery,70,4,4,0,,7.00,7.00,0.00,1,,US,United States,70,4,0
sql mesh,300,2,4,2,,13.00,13.00,0.00,1,,US,United States,300,4,2
product environment,40,4,4,1,,4.50,3.50,-1.00,2,,US,United States,40,4,1
why it is important to decouple deployment from release,10,1,4,3,,3.00,1.00,-2.00,1,,IN,India,10,4,3
sdlc requirements phase,10,4,4,0,,1.00,1.00,0.00,1,,US,United States,10,4,0
what is circleci used for,60,4,4,0,,5.00,6.00,1.00,1,,US,United States,60,4,0
source code repository tools,230,8,4,-3,,9.50,10.00,0.50,2,,US,United States,230,4,-3
what is feature flags in devops,100,3,4,2,,11.00,8.00,-3.00,1,,US,United States,100,4,2
docker registry url,100,4,4,0,,8.00,8.00,0.00,1,,FR,France,100,4,0
phases in software engineering,40,5,4,-1,,2.00,3.00,1.00,1,,IN,India,40,4,-1
rollback software,40,2,4,2,,5.50,7.50,2.00,2,,US,United States,40,4,2
agile software delivery,70,4,4,0,,6.00,6.00,0.00,1,,US,United States,70,4,0
feature driven development methodology,50,2,4,2,,7.00,5.00,-2.00,1,,US,United States,50,4,2
chaos monkey,3680,9,4,-5,,20.00,16.00,-4.00,6,-2,IN,India,3680,4,-5
finops full form,90,4,4,0,,1.00,1.00,0.00,1,,IN,India,90,4,0
ai and test automation,90,,4,,,,7.00,,1,1,US,United States,90,4,
cloudhealth pricing,90,4,4,0,,7.00,7.00,0.00,1,,US,United States,90,4,0
what is observability,2100,0,4,4,,50.00,36.50,-13.50,2,,US,United States,2100,4,4
devops metrics dashboard,50,4,,,,7.00,,,0,-2,US,United States,50,4,
sdlc metrics,70,4,,,,7.00,,,0,-1,US,United States,70,4,
splitio,380,4,4,0,,4.85,5.00,0.15,13,,IN,India,380,4,0
dark deploy,30,2,4,2,,6.00,3.00,-3.00,1,,US,United States,30,4,2
what is sequential testing,60,4,4,0,,7.00,7.00,0.00,1,,US,United States,60,4,0
multi-variate testing,120,9,4,-4,,8.00,9.50,1.50,2,,US,United States,120,4,-4
test automation ai,150,4,4,0,,10.00,10.00,0.00,1,,US,United States,150,4,0
what is a multivariate test,100,,4,,,,9.00,,1,1,US,United States,100,4,
split experimentation,40,3,4,1,,5.00,4.00,-1.00,1,,US,United States,40,4,1
deployment pipeline pattern,40,4,4,0,,3.00,3.50,0.50,2,,US,United States,40,4,0
harness group,50,4,4,0,,4.00,4.00,0.00,1,,US,United States,50,4,0
feature based development,50,4,4,0,,1.00,1.00,0.00,1,,US,United States,50,4,0
import sets in servicenow,60,4,4,0,,6.00,6.00,0.00,1,,IN,India,60,4,0
automated builds,70,5,4,-1,,5.00,6.00,1.00,1,,US,United States,70,4,-1
how does continuous integration work,200,,4,,,,11.00,,1,1,US,United States,200,4,
staging meaning in software,40,3,4,1,,1.00,1.00,0.00,2,,IN,India,40,4,1
what is a/b testing software,100,3,4,1,,9.00,9.00,0.00,1,,US,United States,100,4,1
what is mocking in unit testing,70,4,4,0,,6.00,5.50,-0.50,2,,US,United States,70,4,0
segment integration,90,,4,,,,8.00,,2,2,US,United States,90,4,
software life cycle models in software engineering,380,0,4,4,,4.00,3.50,-0.50,2,1,IN,India,380,4,4
sdlc planning,40,4,4,1,,2.67,1.67,-1.00,3,,US,United States,40,4,1
internal developer platform,800,0,4,4,,29.50,20.50,-9.00,2,,US,United States,800,4,4
sli,46480,0,4,4,,21.56,22.26,0.69,43,11,LK,Sri Lanka,46480,4,4
difference between smoke and regression testing,120,5,4,-1,,9.00,9.50,0.50,2,,IN,India,120,4,-1
feature flagging vs feature branching,100,4,4,0,,8.00,8.00,0.00,1,,US,United States,100,4,0
cicd pipeline,12150,25,4,-20,,17.00,30.00,13.00,6,2,US,United States,12150,4,-20
continuous integration infrastructure,150,4,4,0,,10.00,10.00,0.00,1,,US,United States,150,4,0
true positive rate and false positive rate,80,6,4,-2,,6.00,3.50,-2.50,2,,IN,India,80,4,-2
feature flag system design,40,4,4,0,,4.00,4.00,0.00,1,,US,United States,40,4,0
हार्नेस,40,4,4,0,,5.00,5.00,0.00,1,,IN,India,40,4,0
mend scanning,40,4,4,0,,5.00,5.00,0.00,1,,US,United States,40,4,0
is type 1 error false positive,250,0,4,4,,44.00,13.00,-31.00,1,,US,United States,250,4,4
azure blueprints,100,4,4,0,,14.50,9.00,-5.50,1,-1,IN,India,100,4,0
whats a type 2 error,60,4,4,0,,7.00,7.00,0.00,1,,US,United States,60,4,0
helm use local chart,30,3,4,1,,3.00,2.00,-1.00,1,,US,United States,30,4,1
blue green deployment vs rolling,30,10,4,-6,,1.00,1.00,0.00,1,,US,United States,30,4,-6
sonar report,90,4,4,0,,4.50,7.50,3.00,2,,IN,India,90,4,0
servicenow import set,70,3,4,1,,7.00,6.00,-1.00,1,,US,United States,70,4,1
harness belfast,10,4,4,0,,1.00,1.00,0.00,1,,GB,United Kingdom,10,4,0
what is mock in unit testing,30,4,4,0,,4.00,4.00,0.00,2,,US,United States,30,4,0
armory harness,10,4,4,0,,1.00,1.00,0.00,1,,US,United States,10,4,0
snyk iac scanning,50,4,4,0,,5.00,5.00,0.00,1,,US,United States,50,4,0
development testing phases,40,2,4,2,,7.00,4.00,-3.00,1,,US,United States,40,4,2
what is github actions,1200,4,4,0,,20.50,21.00,0.50,2,,US,United States,1200,4,0
docker in docker kubernetes,90,,4,,,,7.00,,1,1,US,United States,90,4,
ldap and sso,40,4,4,0,,1.00,5.00,4.00,1,,US,United States,40,4,0
cloud deployment model,500,1,4,3,,22.00,1.00,-21.00,1,-1,IN,India,500,4,3
changeset,170,3,4,1,,10.33,10.25,-0.08,4,1,DE,Germany,170,4,1
automation infrastructure,70,4,4,0,,7.50,7.50,0.00,2,,US,United States,70,4,0
devops news,18000,,4,,,,31.00,,1,1,US,United States,18000,4,
what is a/b split testing,30,3,4,1,,5.00,3.00,-2.00,1,,US,United States,30,4,1
compliant database devops,30,5,4,-1,,2.00,3.00,1.00,1,,US,United States,30,4,-1
ci test,200,1,4,3,,18.00,11.00,-7.00,1,,US,United States,200,4,3
www.harness,160,0,4,4,,7.00,5.00,-2.00,2,,AU,Australia,160,4,4
open source continuous delivery,100,14,4,-10,,5.00,9.00,4.00,2,,US,United States,100,4,-10
rolling deployments,150,12,4,-8,,5.00,9.00,4.00,1,,US,United States,150,4,-8
mean time to recovery devops,60,3,4,1,,1.00,7.00,6.00,1,,US,United States,60,4,1
what is the purpose of sprint retrospective,50,4,4,0,,5.50,5.50,0.00,2,,US,United States,50,4,0
alpha vs beta version,70,4,4,0,,7.00,7.00,0.00,1,,US,United States,70,4,0
software product development life cycle,150,7,4,-3,,8.00,10.00,2.00,1,,US,United States,150,4,-3
feature flags js,100,,4,,3,,8.00,,1,1,US,United States,100,4,
trunk based development release branch,100,4,4,0,,9.00,9.00,0.00,1,,US,United States,100,4,0
harnese,20,4,4,0,,1.00,2.00,1.00,1,,US,United States,20,4,0
what is application modernization,600,3,4,1,,19.00,18.00,-1.00,1,,US,United States,600,4,1
dashboard harness,20,4,4,0,,3.00,3.00,0.00,1,,US,United States,20,4,0
55 stockton street san francisco,40,3,4,1,,5.00,4.00,-1.00,1,,US,United States,40,4,1
software development metrics,150,,4,,,,11.00,,1,1,US,United States,150,4,
software development lifecycle phases,100,5,4,-1,,1.00,1.00,0.00,1,,US,United States,100,4,-1
devops cycle,100,1,4,3,,8.00,8.00,0.00,1,,AU,Australia,100,4,3
what is the sdlc,250,1,4,3,,1.00,1.00,0.00,1,,US,United States,250,4,3
rollback adalah,1200,0,4,4,,27.00,15.00,-12.00,1,,ID,Indonesia,1200,4,4
multivariable test,200,5,4,-1,,11.00,12.00,1.00,1,,US,United States,200,4,-1
secret manager,650,0,4,4,,36.00,28.50,-7.50,2,1,US,United States,650,4,4
what are feature flags in devops,150,,4,,,,9.00,,1,1,US,United States,150,4,
what is gitops vs devops,50,4,4,0,,1.00,1.00,0.00,1,,US,United States,50,4,0
what is a beta release,50,4,4,0,,1.00,1.00,0.00,1,,US,United States,50,4,0
software process design,70,4,,,,7.00,,,0,-1,US,United States,70,4,
alternatives to terraform,70,4,,,,7.00,,,0,-1,US,United States,70,4,
split company,70,4,4,0,,7.00,7.00,0.00,1,,US,United States,70,4,0
checkmarx documentation,70,,4,,,,6.00,,1,1,US,United States,70,4,
software life cycle development,80,4,,,,8.00,,,0,-1,US,United States,80,4,
software life,80,3,4,1,,8.00,7.00,-1.00,1,,US,United States,80,4,1
ci platforms,80,4,4,0,,7.00,7.00,0.00,1,,US,United States,80,4,0
definition of slo,80,4,4,0,,8.00,8.00,0.00,1,,US,United States,80,4,0
software development life cycle in software engineering,250,4,4,0,,13.00,13.00,0.00,1,,IN,India,250,4,0
bitbucket on premise,170,,4,,,,9.50,,2,2,US,United States,170,4,
black box white box testing,150,4,,,,11.00,,,0,-1,US,United States,150,4,
ci testing,240,7,4,-3,,9.67,5.50,-4.17,2,-1,US,United States,240,4,-3
what is feature flagging,200,,4,,,,12.00,,1,1,US,United States,200,4,
sequential testing,240,6,4,-2,,7.75,7.00,-0.75,3,-1,US,United States,240,4,-2
what are the various phases of sdlc,30,4,4,0,,1.00,1.00,0.00,1,,IN,India,30,4,0
what is a guardrail metric,30,2,4,1,,5.00,4.00,-1.00,1,,US,United States,30,4,1
how to write apis,60,3,4,1,,7.50,6.50,-1.00,2,,US,United States,60,4,1
dora matrix,200,,4,,,,12.00,,1,1,IN,India,200,4,
argocd vs flux,200,5,4,-1,,10.33,12.00,1.67,1,-2,US,United States,200,4,-1
best feature flag service,150,,4,,,,10.00,,1,1,US,United States,150,4,
cd steps,40,4,4,0,,5.00,5.00,0.00,1,,IN,India,40,4,0
platform developers,80,6,4,-2,,6.00,8.00,2.00,1,,US,United States,80,4,-2
quality vs reliability,60,3,4,0,,1.00,4.00,3.00,2,,US,United States,60,4,0
slo meaning in software,140,6,4,-2,,10.00,10.50,0.50,2,-1,US,United States,140,4,-2
dind docker,130,1,4,3,,10.00,9.20,-0.80,5,3,CA,Canada,130,4,3
clr vs jvm,30,4,4,0,,2.00,2.00,0.00,1,,US,United States,30,4,0
ssh debug,100,2,4,1,,21.00,9.50,-11.50,2,-1,US,United States,100,4,1
software insights,40,3,4,1,,6.00,5.00,-1.00,2,,US,United States,40,4,1
rolling deployment strategy,80,2,4,2,,11.00,1.00,-10.00,1,,US,United States,80,4,2
ec2 savings plan pricing,150,,4,,,,10.00,,1,1,US,United States,150,4,
feature plan,40,4,4,0,,1.00,1.00,0.00,1,,US,United States,40,4,0
metrics in software engineering,700,0,4,4,,3.00,1.00,-2.00,1,,IN,India,700,4,4
gatling load testing,150,3,4,1,,9.00,8.00,-1.00,1,,US,United States,150,4,1
ha mode,90,4,,,,9.50,,,0,-2,IN,India,90,4,
ecs runtask,100,2,4,1,,10.00,8.00,-2.00,1,,US,United States,100,4,1
software development lifecycle stages,30,4,4,0,,1.00,1.00,0.00,1,,GB,United Kingdom,30,4,0
false postive rate,30,5,4,-1,,1.00,4.00,3.00,1,,US,United States,30,4,-1
artifacts repository,60,4,4,0,,1.00,6.50,5.50,2,,US,United States,60,4,0
cloud based repository,40,4,,,,5.00,,,0,-1,US,United States,40,4,
scim provisioning,1950,0,4,4,,44.50,27.67,-16.83,3,1,US,United States,1950,4,4
threat modeling process,410,1,4,3,,10.00,5.33,-4.67,3,1,US,United States,410,4,3
drone harness,20,3,4,1,,4.00,3.00,-1.00,1,,US,United States,20,4,1
cost categories,90,3,4,1,,6.33,8.67,2.33,3,,US,United States,90,4,1
what is npm ci,250,,4,,,,13.00,,1,1,US,United States,250,4,
white box testing vs black box testing,260,8,4,-4,,12.00,7.00,-5.00,2,1,IN,India,260,4,-4
what is software development life cycle model,150,4,4,0,,10.00,10.00,0.00,1,,US,United States,150,4,0
source code management,930,3,4,1,,11.00,10.67,-0.33,3,2,IN,India,930,4,1
gke workload identity,200,3,4,1,,12.00,11.00,-1.00,1,,US,United States,200,4,1
generate sbom,150,,4,,,,9.00,,1,1,US,United States,150,4,
software development lifecycle process,200,,4,,,,5.00,,1,1,US,United States,200,4,
what are feature flags,320,4,4,0,,1.00,1.00,0.00,2,1,US,United States,320,4,0
ecs stop task,80,4,,,,8.00,,,0,-1,US,United States,80,4,
isomorphic javascript,80,2,4,2,,8.60,7.40,-1.20,5,,US,United States,80,4,2
cost category,80,2,4,1,,4.50,7.00,2.50,2,,IN,India,80,4,1
feature flagging in git,100,,4,,,,8.00,,1,1,US,United States,100,4,
terraform force destroy,110,2,4,2,,10.00,9.00,-1.00,5,3,US,United States,110,4,2
wiz container scanning,50,4,4,0,,5.00,5.00,0.00,1,,US,United States,50,4,0
mean time to restore,150,15,4,-11,,1.00,11.00,10.00,1,,US,United States,150,4,-11
sdlc 7 steps,30,9,4,-5,,1.00,1.00,0.00,1,,US,United States,30,4,-5
devops gartner magic quadrant,40,4,4,0,,4.00,4.00,0.00,1,,US,United States,40,4,0
smoke vs sanity testing,760,5,4,-1,,8.50,8.83,0.33,6,,GB,United Kingdom,760,4,-1
life cycle methodology,80,3,4,1,,8.00,8.00,0.00,1,,US,United States,80,4,1
software lifecycle process,100,2,4,1,,10.00,1.00,-9.00,1,,US,United States,100,4,1
alpha vs beta software,80,4,4,0,,6.50,6.00,-0.50,2,,US,United States,80,4,0
dynamic code scanning,150,5,4,-1,,10.00,11.00,1.00,1,,US,United States,150,4,-1
aws lambda deployment,150,3,4,1,,12.00,10.00,-2.00,1,,US,United States,150,4,1
mocking testing,30,4,4,0,,4.00,4.00,0.00,1,,US,United States,30,4,0
developer hub,300,2,4,2,,15.50,14.00,-1.50,2,,IN,India,300,4,2
most important phase of sdlc,10,4,4,0,,1.00,1.00,0.00,1,,US,United States,10,4,0
guardrail meaning in business,10,1,4,3,,5.00,2.00,-3.00,1,,US,United States,10,4,3
what is blue green deployment,1000,4,4,-1,,17.33,19.00,1.67,2,-1,US,United States,1000,4,-1
aligned incentives,1400,4,4,0,,22.00,21.00,-1.00,1,,US,United States,1400,4,0
devops databases,50,3,4,1,,1.00,5.00,4.00,1,,US,United States,50,4,1
what is white box and black box testing,200,4,4,0,,12.00,12.00,0.00,1,,IN,India,200,4,0
what are pageviews,150,4,4,0,,11.00,11.00,0.00,1,,US,United States,150,4,0
what is feature toggle,100,,4,,,,9.00,,1,1,US,United States,100,4,
continuous infrastructure automation,40,4,4,0,,4.00,4.00,0.00,1,,US,United States,40,4,0
database deployment,130,,4,,,,9.50,,2,2,US,United States,130,4,
software process cycle,50,4,4,0,,6.00,5.00,-1.00,2,,US,United States,50,4,0
deploying to ecs,70,4,4,0,,7.00,7.00,0.00,1,,US,United States,70,4,0
software lifecycle management process,100,5,4,-1,,9.00,9.00,0.00,1,,US,United States,100,4,-1
dark deployment,60,9,4,-5,,3.00,6.00,3.00,1,,US,United States,60,4,-5
staging development,60,4,4,0,,7.00,7.00,0.00,1,,US,United States,60,4,0
are github actions free,90,4,4,0,,9.00,9.00,0.00,1,,US,United States,90,4,0
what is artifact in software,80,4,4,0,,7.33,8.00,0.67,3,,US,United States,80,4,0
oss meaning software,90,2,4,1,,1.00,9.00,8.00,1,,US,United States,90,4,1
feature rollout,50,4,4,0,,1.00,1.00,0.00,1,,US,United States,50,4,0
stages in sdlc,50,4,4,0,,1.00,6.00,5.00,1,,IN,India,50,4,0
programming life cycle,50,4,4,0,,6.00,5.50,-0.50,2,,MY,Malaysia,50,4,0
phases in software development life cycle,30,3,4,1,,1.00,4.00,3.00,1,,IN,India,30,4,1
parity testing,30,4,4,-1,,1.00,4.00,3.00,1,,US,United States,30,4,-1
blue green release strategy,20,9,4,-5,,2.00,2.00,0.00,1,,US,United States,20,4,-5
harness png,20,1,4,2,,6.00,2.00,-4.00,1,,US,United States,20,4,2
azure alternatives,150,,4,,,,11.00,,1,1,US,United States,150,4,
continuous integration cloud,100,4,4,0,,9.00,9.00,0.00,1,,US,United States,100,4,0
feature flags for angular,70,4,4,0,2,7.00,7.00,0.00,1,,US,United States,70,4,0
terraform destroy command,130,,4,,,,10.50,,2,2,IN,India,130,4,
artifacts in software,200,4,4,-1,,5.67,9.00,3.33,2,-1,IN,India,200,4,-1
ai in devops,700,,3,,,,19.00,,2,2,IN,India,700,3,
what is continuous integration testing,150,3,3,0,,10.00,10.00,0.00,1,,US,United States,150,3,0
continuous delivery principles,90,3,3,0,,9.50,8.00,-1.50,2,,US,United States,90,3,0
is ci,300,3,3,0,,14.00,13.50,-0.50,2,1,US,United States,300,3,0
difference between canary and blue green deployment,60,3,3,0,,7.00,7.00,0.00,1,,US,United States,60,3,0
canary launch,100,3,,,,10.00,,,0,-1,US,United States,100,3,
deployment exceeded its progress deadline,80,3,3,0,,9.00,9.00,0.00,2,,US,United States,80,3,0
helm vs argocd,40,5,3,-2,,3.00,4.00,1.00,1,,US,United States,40,3,-2
split io login,40,3,3,0,,4.00,4.00,0.00,1,,US,United States,40,3,0
open source ci,60,3,3,0,,6.50,6.50,0.00,2,,US,United States,60,3,0
scm software development,90,3,3,0,,9.00,9.00,0.00,1,,US,United States,90,3,0
staging adalah,4200,22,3,-19,,1.00,21.00,20.00,1,,ID,Indonesia,4200,3,-19
write api,60,4,3,0,,7.00,6.00,-1.00,2,,US,United States,60,3,0
aws ecs run task,90,3,3,0,,9.00,9.00,0.00,1,,US,United States,90,3,0
ci pipeline,1100,0,3,3,,20.00,25.67,5.67,3,2,IN,India,1100,3,3
application development phases,50,3,3,1,,7.00,6.00,-1.00,1,,US,United States,50,3,1
jenkins butler,50,3,3,0,,6.00,6.00,0.00,1,,US,United States,50,3,0
audit devops,50,2,3,1,,7.00,5.00,-2.00,1,,US,United States,50,3,1
chaos ai,100,,3,,,,9.00,,1,1,US,United States,100,3,
blue green deploy,150,,3,,,,10.00,,1,1,US,United States,150,3,
what is false negative,110,3,3,0,,10.50,9.50,-1.00,2,,IN,India,110,3,0
open source software deployment,90,4,3,0,,9.50,8.00,-1.50,1,-1,US,United States,90,3,0
microservices and serverless computing,150,3,3,0,,10.00,10.00,0.00,1,,US,United States,150,3,0
snyk secret scanning,150,,3,,,,11.00,,1,1,US,United States,150,3,
github codeowners file,250,0,3,3,,22.00,14.00,-8.00,1,,US,United States,250,3,3
devops tool,400,14,3,-11,,26.00,16.00,-10.00,2,,US,United States,400,3,-11
software development life cycel,70,,3,,,,8.00,,1,1,US,United States,70,3,
what is release in software testing,30,4,3,-1,,1.00,3.00,2.00,1,,IN,India,30,3,-1
parallel gc vs g1gc,30,3,3,0,,3.00,3.00,0.00,1,,US,United States,30,3,0
oss open source,400,,3,,,,11.00,,1,1,US,United States,400,3,
software development life cycle requirements gathering,50,3,3,1,,6.00,5.00,-1.00,1,,US,United States,50,3,1
software evaluation scorecard,20,,3,,,,3.00,,1,1,US,United States,20,3,
false positive calculation,40,3,3,0,,1.00,1.00,0.00,1,,US,United States,40,3,0
git clone multiple repositories,40,3,3,0,,4.00,4.00,0.00,1,,US,United States,40,3,0
configuration flag,20,3,3,0,,2.00,3.00,1.00,1,,US,United States,20,3,0
testing mock,20,3,3,0,,3.00,3.00,0.00,1,,US,United States,20,3,0
7 sdlc phases,20,3,3,0,,1.00,1.00,0.00,1,,US,United States,20,3,0
cloud based server cost,150,1,3,3,,20.00,12.00,-8.00,1,,US,United States,150,3,3
sdlc deliverables,40,3,3,0,,8.00,8.00,0.00,1,,US,United States,40,3,0
custom plugin,60,4,3,0,,6.00,6.00,0.00,1,,IN,India,60,3,0
what is sdlc in software engineering,1200,3,3,0,,3.00,12.00,9.00,2,,IN,India,1200,3,0
labels and selectors in kubernetes,90,3,3,0,,8.00,8.00,0.00,1,,IN,India,90,3,0
multivariant testing,90,4,3,0,,9.67,10.00,0.33,2,-1,US,United States,90,3,0
drone plugins,40,3,3,0,,4.00,4.00,0.00,2,,US,United States,40,3,0
what is smoke testing and sanity testing,220,3,3,0,,13.00,13.00,0.00,2,,IN,India,220,3,0
calculate false positive rate,30,4,3,0,,1.00,1.00,0.00,1,,US,United States,30,3,0
backstage idp,250,8,3,-5,,9.00,13.00,4.00,1,,US,United States,250,3,-5
o11y observability,100,3,3,0,,9.00,9.00,0.00,1,,US,United States,100,3,0
software engineering lifecycle,100,,3,,,,9.00,,1,1,US,United States,100,3,
application release,50,3,3,0,,6.00,6.00,0.00,1,,US,United States,50,3,0
sast scanning,400,3,3,0,,16.00,16.00,0.00,1,,US,United States,400,3,0
cloudbees competitors,40,3,3,1,,7.00,5.00,-2.00,1,,US,United States,40,3,1
google cloud logging pricing,150,,3,,,,10.00,,1,1,US,United States,150,3,
programming development cycle,50,2,3,1,,5.50,8.00,2.50,3,1,US,United States,50,3,1
feature-centric development process,30,3,3,1,,4.00,3.00,-1.00,1,,US,United States,30,3,1
packer powershell provisioner,30,,3,,,,3.00,,1,1,US,United States,30,3,
automated infrastructure management,150,3,,,,11.00,,,0,-1,US,United States,150,3,
cloud cost optimization tool,520,,3,,,,14.50,,2,2,US,United States,520,3,
github connector,70,4,3,-1,,6.00,7.00,1.00,1,,US,United States,70,3,-1
live tail,90,,3,,,,9.00,,1,1,US,United States,90,3,
software project life cycle phases,10,1,3,2,,4.00,2.00,-2.00,1,,US,United States,10,3,2
seven stages of lifecycle model,10,0,3,3,,7.00,1.00,-6.00,1,,PH,Philippines,10,3,3
split sdk,10,3,3,0,,1.00,1.00,0.00,1,,US,United States,10,3,0
white box vs black box testing,600,3,3,0,,1.00,10.00,9.00,3,1,IN,India,600,3,0
target segments,100,,3,,,,7.00,,1,1,US,United States,100,3,
what are mocks,60,,3,,,,8.00,,1,1,US,United States,60,3,
relay proxy,40,3,3,0,,5.00,5.00,0.00,1,,US,United States,40,3,0
bandi srinivas,40,2,3,1,,7.00,5.00,-2.00,1,,IN,India,40,3,1
what is an artifact repository,40,3,3,0,,5.00,5.00,0.00,1,,US,United States,40,3,0
vp engineering vs cto,20,3,3,0,,1.00,1.00,0.00,1,,US,United States,20,3,0
chaos infrastructure,20,8,3,-5,,1.00,2.00,1.00,1,,US,United States,20,3,-5
benefits of integration testing,70,3,3,0,,7.00,7.00,0.00,1,,US,United States,70,3,0
mobile app a/b testing,150,3,,,,10.00,,,0,-1,US,United States,150,3,
devops testing tool,30,3,3,0,,5.00,5.00,0.00,1,,US,United States,30,3,0
full life cycle development,30,0,3,3,,1.00,1.00,0.00,1,,US,United States,30,3,3
azure devops alternative,30,3,3,0,,1.00,5.00,4.00,1,,US,United States,30,3,0
feature branching is used to work on,30,2,3,1,,7.00,1.00,-6.00,1,,IN,India,30,3,1
mean time to recover,160,1,3,3,,3.67,5.75,2.08,4,1,IN,India,160,3,3
solution development life cycle,50,3,3,0,,6.00,6.00,0.00,1,,US,United States,50,3,0
software creation process,50,3,3,0,,1.00,1.00,0.00,1,,US,United States,50,3,0
error budget policy,50,3,3,1,,7.00,6.00,-1.00,1,,US,United States,50,3,1
static application security testing sast,250,5,3,-2,,12.00,14.00,2.00,1,,US,United States,250,3,-2
devops infrastructure management,90,3,3,0,,9.00,9.00,0.00,1,,US,United States,90,3,0
js sdk,60,4,3,-1,,5.00,7.50,2.50,2,1,US,United States,60,3,-1
code repository software,70,3,3,0,,7.00,7.00,0.00,1,,US,United States,70,3,0
incident management response team,60,3,3,0,,7.00,7.00,0.00,1,,US,United States,60,3,0
kubernetes rolling deployment,150,,3,,,,11.00,,1,1,US,United States,150,3,
sdlc stages explained,30,3,3,0,,3.00,3.00,0.00,1,,US,United States,30,3,0
lightspeed ci cd,30,3,3,0,,3.00,3.00,0.00,1,,US,United States,30,3,0
nodejs sdk,30,3,3,0,,4.00,3.00,-1.00,1,,US,United States,30,3,0
trunk based vs feature based,30,3,3,0,,1.00,1.00,0.00,1,,US,United States,30,3,0
wait for manifest to stabilize,20,5,3,-2,,2.00,2.00,0.00,1,,US,United States,20,3,-2
white box vs black box,100,,3,,,,1.00,,1,1,US,United States,100,3,
source code management tools in devops,70,7,3,-4,,1.00,6.50,5.50,2,1,IN,India,70,3,-4
stages in program development,40,1,3,2,,10.00,6.00,-4.00,1,,IN,India,40,3,2
sdlc requirements analysis,40,3,3,1,,6.00,5.00,-1.00,1,,US,United States,40,3,1
alpha release vs beta release,40,3,3,0,,6.00,6.00,0.00,1,,US,United States,40,3,0
test ci,90,3,3,0,,8.50,8.50,0.00,2,,US,United States,90,3,0
platform team,220,0,3,3,,1.00,6.00,5.00,2,,IN,India,220,3,3
user impersonation,60,3,3,0,,7.00,7.00,0.00,2,,US,United States,60,3,0
monolithic microservices,100,3,,,,10.00,,,0,-1,US,United States,100,3,
difference between white box and black box,100,,3,,,,10.00,,1,1,IN,India,100,3,
devops software development life cycle,90,,3,,,,10.00,,1,1,US,United States,90,3,
software development life cycle example,100,3,,,,5.00,,,0,-1,US,United States,100,3,
devops containerization,150,3,3,0,,10.00,10.00,0.00,1,,US,United States,150,3,0
dynamic vs static analysis,70,3,3,0,,8.00,8.00,0.00,1,,US,United States,70,3,0
secure connect,80,6,3,-3,,14.67,9.00,-5.67,1,-2,IN,India,80,3,-3
oss open source software,100,,3,,,,11.00,,1,1,US,United States,100,3,
software life cycle model,80,4,3,-1,,5.00,10.00,5.00,1,-1,US,United States,80,3,-1
what is sdlc in project management,150,3,,,,11.00,,,0,-1,US,United States,150,3,
docker cache,150,1,3,2,,11.00,10.00,-1.00,1,,IN,India,150,3,2
devops webinars,30,3,3,0,,4.00,4.00,0.00,1,,US,United States,30,3,0
trunk base,250,7,3,-4,,9.50,4.00,-5.50,1,-1,US,United States,250,3,-4
smoke and regression testing,70,4,3,0,,7.50,8.00,0.50,2,,IN,India,70,3,0
devops essentials,100,1,3,2,,8.00,4.00,-4.00,2,1,US,United States,100,3,2
cloudformation create stack,70,3,3,0,,8.00,8.00,0.00,1,,US,United States,70,3,0
sli.,70,3,3,0,,1.00,8.00,7.00,1,,IN,India,70,3,0
what is ci server,70,3,3,0,,1.00,8.00,7.00,1,,US,United States,70,3,0
helm release name,130,4,3,-1,,10.67,10.67,0.00,3,,US,United States,130,3,-1
what is staging server,80,3,3,0,,6.50,6.50,0.00,2,,US,United States,80,3,0
whitesource mend,40,2,3,1,,6.00,5.00,-1.00,1,,US,United States,40,3,1
rollback strategy in devops,40,2,3,1,,7.00,5.00,-2.00,1,,US,United States,40,3,1
ci/cd service,60,3,,,,8.00,,,0,-1,US,United States,60,3,
open source development in software engineering,60,3,3,0,,7.00,7.00,0.00,1,,IN,India,60,3,0
open tofu,60,3,3,0,,7.00,7.00,0.00,1,,IN,India,60,3,0
kubernetes patch,80,2,3,1,,10.00,8.00,-2.00,1,,US,United States,80,3,1
dev productivity,80,3,,,,9.00,,,0,-1,US,United States,80,3,
full lifecycle software development,80,2,3,1,,11.00,1.00,-10.00,1,,US,United States,80,3,1
software life cycle processes,30,4,3,-1,,4.00,5.00,1.00,1,,US,United States,30,3,-1
software repository manager,30,2,3,1,,6.00,5.00,-1.00,1,,US,United States,30,3,1
arness,350,10,3,-7,,26.67,7.00,-19.67,3,,MX,Mexico,350,3,-7
what is multivariate testing,160,3,3,0,,11.00,9.50,-1.50,2,1,US,United States,160,3,0
unit testing mock,50,3,3,0,,7.00,7.00,0.00,1,,US,United States,50,3,0
false positive rate meaning,30,3,3,0,,1.00,1.00,0.00,1,,US,United States,30,3,0
guard rail meaning in business,30,4,3,-1,,1.00,4.00,3.00,1,,US,United States,30,3,-1
false positive rates,30,3,3,0,,4.00,4.00,0.00,1,,US,United States,30,3,0
ci as a service,30,1,3,2,,9.00,3.00,-6.00,1,,US,United States,30,3,2
how many phases in sdlc,30,3,3,0,,1.00,1.00,0.00,1,,IN,India,30,3,0
devops feature flags,100,3,3,0,,10.00,10.00,0.00,1,,US,United States,100,3,0
what is finops,1400,3,3,1,,17.00,19.50,2.50,2,1,IN,India,1400,3,1
what is beta release,60,1,3,2,,1.00,7.00,6.00,2,1,US,United States,60,3,2
developers platform,80,,3,,,,9.00,,1,1,US,United States,80,3,
life cycle model in software engineering,350,4,3,-1,,6.50,3.00,-3.50,1,-1,IN,India,350,3,-1
hanna steinbach,40,3,3,0,,6.00,6.00,0.00,1,,US,United States,40,3,0
devops application security,100,3,,,,11.00,,,0,-1,US,United States,100,3,
mttr calculation,200,1,3,2,,17.00,13.00,-4.00,1,,IN,India,200,3,2
drone vs jenkins,20,3,3,0,,2.00,2.00,0.00,1,,US,United States,20,3,0
software sdlc,100,0,3,3,,1.00,9.00,8.00,1,,US,United States,100,3,3
what is teraform,150,3,3,0,,12.00,12.00,0.00,1,,US,United States,150,3,0
github developer settings,200,,3,,,,13.00,,1,1,US,United States,200,3,
rollback in os,30,2,3,1,,6.00,1.00,-5.00,1,,IN,India,30,3,1
artifact manager,50,3,3,0,,7.00,7.00,0.00,1,,US,United States,50,3,0
what are feature flags on iphone,50,3,3,0,,7.00,7.00,0.00,1,,US,United States,50,3,0
crd kubernetes,70,0,3,3,,25.00,8.00,-17.00,1,,US,United States,70,3,3
what is ci tools,50,2,3,1,,11.00,1.00,-10.00,1,,US,United States,50,3,1
jenkins migration,60,3,3,0,,7.00,7.00,0.00,1,,US,United States,60,3,0
open source ci/cd,60,3,3,0,,7.00,7.00,0.00,1,,US,United States,60,3,0
feature experimentation,80,,3,,,,8.00,,1,1,US,United States,80,3,
sprint retrospective definition,80,3,3,0,,9.00,9.00,0.00,1,,US,United States,80,3,0
error budgets,80,2,3,1,,10.00,9.00,-1.00,1,,US,United States,80,3,1
sdlc implementation phase,150,6,3,-3,,9.00,12.00,3.00,1,,US,United States,150,3,-3
software development cycles,100,3,3,0,,1.00,1.00,0.00,1,,US,United States,100,3,0
maintenance phase in waterfall model,60,3,3,0,,8.00,8.00,0.00,1,,US,United States,60,3,0
repository management software,60,3,3,0,,8.00,8.00,0.00,1,,US,United States,60,3,0
slo software,200,,3,,,,1.00,,1,1,US,United States,200,3,
mozilla sops,190,2,3,1,,14.50,11.75,-2.75,4,2,IN,India,190,3,1
feature flag use cases,50,,3,,,,6.00,,1,1,US,United States,50,3,
harness competitors,80,3,3,0,,9.00,9.00,0.00,1,,US,United States,80,3,0
software development feature flags,150,4,3,-1,,9.00,11.00,2.00,1,,US,United States,150,3,-1
devops magic quadrant,30,2,3,1,,4.00,3.00,-1.00,1,,US,United States,30,3,1
7 phases of system development life cycle,30,3,3,0,,1.00,1.00,0.00,1,,US,United States,30,3,0
what is the false positive rate,30,3,3,0,,1.00,4.00,3.00,1,,US,United States,30,3,0
software rollback,20,3,3,0,,2.00,2.00,0.00,1,,US,United States,20,3,0
integration architect certification,20,3,3,0,,2.00,2.00,0.00,1,,US,United States,20,3,0
sdlc project plan,20,3,3,0,,2.00,2.00,0.00,1,,US,United States,20,3,0
experian velocity,60,3,3,0,,7.00,7.00,0.00,1,,US,United States,60,3,0
mend security,60,3,,,,7.00,,,0,-1,US,United States,60,3,
flutter plugin,60,2,3,1,,9.00,8.00,-1.00,1,,US,United States,60,3,1
sdlc stages in software engineering,40,3,3,0,,5.00,1.00,-4.00,1,,IN,India,40,3,0
automation in infrastructure management,100,3,,,,10.00,,,0,-1,US,United States,100,3,
pod check,100,3,,,,10.00,,,0,-1,US,United States,100,3,
probe hub,100,3,3,0,,10.00,10.00,0.00,1,,IN,India,100,3,0
aws cost savings,100,,3,,,,10.00,,1,1,US,United States,100,3,
microservice vs monolith,100,6,3,-3,,8.25,10.00,1.75,1,-3,US,United States,100,3,-3
docker layers,100,,3,,,,9.00,,1,1,IN,India,100,3,
continuous delivery vs continuous deployment,900,2,3,1,,16.00,19.50,3.50,2,1,IN,India,900,3,1
web session,90,2,3,1,,9.00,5.00,-4.00,2,,US,United States,90,3,1
software life cycle process,70,3,3,0,,8.00,8.50,0.50,2,,US,United States,70,3,0
devops solution,150,,3,,,,1.00,,1,1,US,United States,150,3,
mock software,30,3,3,0,,1.00,1.00,0.00,1,,US,United States,30,3,0
ai in automation testing,260,1,3,2,,20.00,14.00,-6.00,2,,IN,India,260,3,2
developer insights,110,1,3,2,,7.00,8.50,1.50,2,1,IN,India,110,3,2
stage software development,10,3,3,0,,1.00,1.00,0.00,1,,US,United States,10,3,0
software design stages,10,3,3,0,,2.00,2.00,0.00,1,,US,United States,10,3,0
split-testing,100,3,,,,11.00,,,0,-1,US,United States,100,3,
gitlab on premise,110,1,3,1,,10.40,9.86,-0.54,7,2,US,United States,110,3,1
what is software development life cycle,900,3,3,0,,4.33,8.50,4.17,4,1,US,United States,900,3,0
test mock,30,3,3,0,,5.00,5.00,0.00,1,,US,United States,30,3,0
slo full form in government,50,3,3,0,,7.00,7.00,0.00,1,,IN,India,50,3,0
what is build in devops,50,,3,,,,7.00,,1,1,IN,India,50,3,
sdlc workflow,50,3,,,,7.00,,,0,-1,US,United States,50,3,
blue green deployment meaning,80,3,3,0,,9.00,9.00,0.00,1,,US,United States,80,3,0
engineering excellence,200,2,3,1,,14.00,13.00,-1.00,1,,IN,India,200,3,1
green blue deployment,250,3,3,0,,14.00,14.00,0.00,1,,US,United States,250,3,0
gatling performance testing,500,2,3,0,,14.00,18.50,4.50,2,1,US,United States,500,3,0
what a/b testing,100,3,,,,10.00,,,0,-1,US,United States,100,3,
adssp release notes,90,,3,,,,9.00,,1,1,IN,India,90,3,
drift detection,370,2,3,1,,1.00,3.00,2.00,3,1,US,United States,370,3,1
error budget in sre,100,3,3,0,,11.00,11.00,0.00,1,,IN,India,100,3,0
multi arm bandit,300,1,3,1,,15.50,7.00,-8.50,2,,IN,India,300,3,1
what is false discovery rate,40,3,3,0,,6.00,6.00,0.00,1,,US,United States,40,3,0
mock demo meaning,40,3,3,0,,6.00,6.00,0.00,1,,IN,India,40,3,0
red black deployment,90,4,3,-1,,10.00,9.00,-1.00,1,-1,US,United States,90,3,-1
ci/cd adalah,500,,3,,,,18.00,,1,1,ID,Indonesia,500,3,
software branching,200,,3,,,,12.00,,1,1,US,United States,200,3,
haness,90,3,3,0,,5.00,4.33,-0.67,3,1,TH,Thailand,90,3,0
4 phases of sdlc,20,3,3,0,,1.00,1.00,0.00,1,,US,United States,20,3,0
formula for false positive rate,20,2,3,1,,1.00,3.00,2.00,1,,US,United States,20,3,1
what is a false positive rate,20,3,3,0,,4.00,1.00,-3.00,1,,US,United States,20,3,0
aws ccm,20,2,3,1,,4.00,3.00,-1.00,1,,US,United States,20,3,1
onboarding pipeline,20,3,3,0,,3.00,3.00,0.00,1,,US,United States,20,3,0
cicd platforms,20,2,3,1,,6.00,4.00,-2.00,1,,US,United States,20,3,1
what is error budget,30,1,3,2,,11.00,4.00,-7.00,1,,US,United States,30,3,2
aws ecs latency,30,3,3,0,,4.00,4.00,0.00,1,,US,United States,30,3,0
what is sast,1150,3,3,0,,20.00,22.67,2.67,3,1,US,United States,1150,3,0
software delivery best practices,70,3,3,0,,8.00,8.00,0.00,1,,US,United States,70,3,0
whats a killswitch,80,3,,,,10.00,,,0,-1,US,United States,80,3,
jetbrain gateway,70,3,3,0,,8.50,8.50,0.00,2,,US,United States,70,3,0
how to create a runbook,90,,3,,,,10.00,,1,1,US,United States,90,3,
different phases of software development life cycle,20,3,3,0,,1.00,1.00,0.00,1,,IN,India,20,3,0
code repository best practices,20,2,3,1,,4.00,2.00,-2.00,1,,US,United States,20,3,1
open tofu vs terraform,100,,3,,,,1.00,,1,1,US,United States,100,3,
a/b testing for mobile apps,100,,3,,,,10.00,,1,1,US,United States,100,3,
cloud cost optimization tools,1100,0,3,3,,37.00,21.00,-16.00,1,,US,United States,1100,3,3
what does circle ci do,40,3,3,0,,6.00,6.00,0.00,1,,US,United States,40,3,0
devops webinar,40,4,3,-2,,3.00,5.00,2.00,1,,US,United States,40,3,-2
serverless ci cd,40,3,3,0,,5.00,5.00,0.00,1,,US,United States,40,3,0
blue green release,150,3,3,-1,,1.00,11.00,10.00,1,,US,United States,150,3,-1
spinnaker vs harness,20,3,3,0,,4.00,4.00,0.00,1,,US,United States,20,3,0
difference between black box and white box testing,1390,3,,,,1.00,,,0,-2,US,United States,1390,3,
what is ci in software development,90,3,,,,1.00,,,0,-1,US,United States,90,3,
feature branch vs feature flag,90,3,3,0,,9.00,9.00,0.00,1,,US,United States,90,3,0
type 2 error meaning,50,3,3,0,,1.00,1.00,0.00,1,,US,United States,50,3,0
which phase of the sdlc gathers business requirements,40,3,3,0,,6.00,6.00,0.00,1,,US,United States,40,3,0
srinivas bandi,50,3,3,0,,6.00,6.00,0.00,1,,US,United States,50,3,0
cloud continuous integration,50,1,3,1,,9.00,6.00,-3.00,1,,US,United States,50,3,1
sdlc model in software engineering,400,,3,,,,6.00,,1,1,IN,India,400,3,
ai testing tool,350,3,,,,17.00,,,0,-1,US,United States,350,3,
oss full form open source,60,3,3,0,,8.00,8.00,0.00,1,,IN,India,60,3,0
bitbucket data center api,60,3,3,0,,7.00,7.00,0.00,1,,US,United States,60,3,0
containerization devops,90,2,3,1,,11.00,9.00,-2.00,1,,US,United States,90,3,1
devops lifecycle,2700,1,3,1,,11.20,1.00,-10.20,5,,IN,India,2700,3,1
automation as code,70,,3,,,,8.00,,1,1,US,United States,70,3,
devops events,70,3,3,0,,8.00,8.00,0.00,1,,US,United States,70,3,0
what is fdr in statistics,30,3,3,0,,1.00,5.00,4.00,1,,US,United States,30,3,0
mocks testing,30,3,3,-1,,1.00,1.00,0.00,1,,US,United States,30,3,-1
feature flags for devops,90,3,3,0,,9.00,9.00,0.00,1,,US,United States,90,3,0
what is type ii error,90,,3,,,,10.00,,1,1,US,United States,90,3,
git feature flag,100,,3,,,,10.00,,1,1,US,United States,100,3,
savings plan aws,160,6,3,-3,,8.75,9.50,0.75,2,-2,US,United States,160,3,-3
what are guardrail metrics,40,3,3,0,,6.00,5.00,-1.00,1,,US,United States,40,3,0
sli service level,40,0,3,3,,1.00,5.00,4.00,1,,US,United States,40,3,3
matrix strategy,40,3,3,0,,6.00,6.00,0.00,1,,US,United States,40,3,0
ci tooling,40,3,3,0,,5.00,5.00,0.00,1,,US,United States,40,3,0
step email,30,3,3,0,,1.00,1.00,0.00,1,,US,United States,30,3,0
sdlc cycle phases,30,3,3,0,,2.00,3.00,1.00,2,,US,United States,30,3,0
how many steps in sdlc,20,8,3,-6,,1.00,1.00,0.00,1,,IN,India,20,3,-6
hub harness location,20,1,3,2,,9.00,3.00,-6.00,1,,NL,Netherlands,20,3,2
guardrails meaning,2500,1,3,2,,24.00,24.33,0.33,3,2,US,United States,2500,3,2
software developer steps,40,,3,,,,4.00,,2,2,US,United States,40,3,
ci tests,70,,3,,,,9.00,,1,1,US,United States,70,3,
continuous delivery automation testing,70,5,3,-3,,5.00,8.00,3.00,1,,US,United States,70,3,-3
phases of system development life cycle,120,8,3,-5,,5.00,3.50,-1.50,4,,US,United States,120,3,-5
what is a false positive,4000,3,3,0,,20.00,20.00,0.00,1,,US,United States,4000,3,0
smoke vs sanity,80,3,3,0,,10.00,9.00,-1.00,1,-1,IN,India,80,3,0
هارنس,190,0,3,3,,75.00,31.67,-43.33,3,2,DE,Germany,190,3,3
ternary statement,100,,3,,,,7.00,,1,1,US,United States,100,3,
ci/cd pipeline meaning,930,9,3,-6,,13.00,8.33,-4.67,3,,US,United States,930,3,-6
traditional software development life cycle,70,3,3,-1,,10.00,10.00,0.00,2,,US,United States,70,3,-1
what does false negative mean,70,3,3,-1,,7.00,8.00,1.00,1,,US,United States,70,3,-1
mock programming,40,2,3,0,,5.00,7.50,2.50,2,1,US,United States,40,3,0
continuous delivery software,200,2,3,1,,14.00,14.00,0.00,1,,US,United States,200,3,1
infra devops,90,3,3,0,,9.00,9.00,0.00,1,,US,United States,90,3,0
software engineering excellence,10,3,3,0,,1.00,1.00,0.00,1,,US,United States,10,3,0
client test,10,3,3,0,,1.00,1.00,0.00,1,,US,United States,10,3,0
backstage feature flags,20,2,3,1,,3.00,2.00,-1.00,1,,US,United States,20,3,1
what is a release branch,20,7,3,-4,,1.00,3.00,2.00,1,,US,United States,20,3,-4
devops infrastructure as code,200,5,3,-2,,11.00,1.00,-10.00,1,,US,United States,200,3,-2
pipeline templates,30,3,3,0,,4.00,4.00,0.00,1,,US,United States,30,3,0
what is split testing,200,2,3,1,,11.00,9.00,-2.00,1,,US,United States,200,3,1
sanity and smoke testing,710,3,3,-1,,8.00,8.00,0.00,4,-1,US,United States,710,3,-1
type ii error definition,100,4,3,-1,,5.00,6.00,1.00,1,,US,United States,100,3,-1
multi armed bandit problem,70,5,3,-3,,6.00,1.00,-5.00,1,-1,US,United States,70,3,-3
software implementation life cycle,70,2,3,1,,9.00,8.00,-1.00,1,,US,United States,70,3,1
kubectl rollback deployment,70,1,3,1,,12.00,9.00,-3.00,1,,US,United States,70,3,1
jenkins ci,420,2,3,1,,12.50,8.00,-4.50,5,1,NL,Netherlands,420,3,1
ibm cloud container registry,100,,3,,,,10.00,,1,1,US,United States,100,3,
reserved instances,450,3,3,0,,10.00,21.50,11.50,2,1,BR,Brazil,450,3,0
trivy scanner,1250,2,3,0,,17.00,26.00,9.00,3,2,IN,India,1250,3,0
sdlc overview,100,3,,,,4.00,,,0,-1,US,United States,100,3,
switch account,1500,4,3,-1,,10.00,11.00,1.00,1,-1,IN,India,1500,3,-1
when does a type 2 error occur,20,2,3,1,,6.00,4.00,-2.00,1,,US,United States,20,3,1
what are ci,90,3,3,0,,11.00,11.00,0.00,1,,US,United States,90,3,0
sam deploy,70,2,3,0,,8.50,8.67,0.17,3,1,IN,India,70,3,0
what is a feature in software development,20,3,3,0,,1.00,1.00,0.00,1,,US,United States,20,3,0
differentiate between black box testing and white box testing,80,3,,,,10.00,,,0,-1,IN,India,80,3,
node sdk,80,2,3,1,,12.00,9.00,-3.00,1,,US,United States,80,3,1
jfrog artifactory tutorial,80,3,,,,9.00,,,0,-1,IN,India,80,3,
circleci orb,40,3,3,0,,5.50,6.00,0.50,2,,US,United States,40,3,0
crud in node js,40,3,3,0,,7.00,7.00,0.00,1,,IN,India,40,3,0
director of engineering vs cto,40,3,3,0,,7.00,6.00,-1.00,1,,US,United States,40,3,0
safe decouple deployment from release,20,1,3,1,,6.00,3.00,-3.00,1,,US,United States,20,3,1
false positive probability,20,2,3,1,,3.00,4.00,1.00,1,,US,United States,20,3,1
build automation system,70,,3,,,,1.00,,1,1,US,United States,70,3,
feature flags software development,100,,3,,,,10.00,,1,1,US,United States,100,3,
mlops best practices,400,1,3,2,,21.00,17.00,-4.00,1,,US,United States,400,3,2
mttr meaning,2150,1,3,2,,1.00,24.33,23.33,3,2,IN,India,2150,3,2
what are software artifacts,30,2,3,1,,7.00,1.00,-6.00,1,,US,United States,30,3,1
software developer stage,30,2,3,1,,6.00,5.00,-1.00,1,,US,United States,30,3,1
phases of sdlc life cycle,30,3,3,0,,6.00,1.00,-5.00,1,,IN,India,30,3,0
stages of sdlc in software engineering,30,3,3,0,,6.00,6.00,0.00,1,,IN,India,30,3,0
continuous integration and continuous delivery tools,100,,3,,,,10.00,,1,1,US,United States,100,3,
devops platforms,500,0,3,3,,48.00,18.00,-30.00,1,,US,United States,500,3,3
information flow metrics in software engineering,50,2,3,1,,10.00,8.00,-2.00,1,,IN,India,50,3,1
sdlc phases and deliverables,10,3,3,0,,1.00,1.00,0.00,1,,US,United States,10,3,0
crud operations in node js,70,3,3,0,,8.00,8.00,0.00,1,,IN,India,70,3,0
what is a/b testing?,450,3,3,-1,,13.00,14.00,1.00,1,,US,United States,450,3,-1
ai software development company,3700,,3,,,,27.00,,1,1,US,United States,3700,3,
argocd alternatives,100,3,,,,11.00,,,0,-1,US,United States,100,3,
ci/cd cloud,30,3,3,0,,5.00,5.00,0.00,1,,US,United States,30,3,0
launch dark,30,3,3,0,,4.00,5.00,1.00,1,,US,United States,30,3,0
kubernetes sidecar,300,0,3,2,,36.00,16.00,-20.00,1,,US,United States,300,3,2
ci is,40,1,3,1,,9.00,7.00,-2.00,1,,US,United States,40,3,1
planning in software development,40,3,,,,6.00,,,0,-1,US,United States,40,3,
false negative type 2 error,40,3,3,0,,7.00,7.00,0.00,1,,US,United States,40,3,0
sequential test,40,2,3,1,,8.00,7.00,-1.00,1,,US,United States,40,3,1
nexus iq scan,40,3,3,0,,1.00,7.00,6.00,1,,US,United States,40,3,0
active users,550,2,3,0,,7.00,12.50,5.50,2,,US,United States,550,3,0
5 stages of sdlc,50,3,,,,7.50,,,0,-2,US,United States,50,3,
sdlc model,1340,5,3,-2,,5.60,2.00,-3.60,4,-1,US,United States,1340,3,-2
alternative to terraform,50,2,2,0,,8.00,8.00,0.00,1,,US,United States,50,2,0
harness hub,70,2,2,0,,8.00,8.00,0.00,1,,AU,Australia,70,2,0
cloud dev environment,70,2,2,0,,8.00,8.00,0.00,1,,US,United States,70,2,0
gremlin chaos,70,2,,,,8.00,,,0,-1,US,United States,70,2,
explain different phases of sdlc,20,2,2,0,,1.00,1.00,0.00,1,,IN,India,20,2,0
split feature flag,20,2,2,0,,2.00,2.00,0.00,1,,US,United States,20,2,0
software development life cycle project management,80,,2,,,,10.00,,1,1,US,United States,80,2,
what is a canary release,50,3,2,0,,9.00,9.00,0.00,1,,US,United States,50,2,0
what is technology stack,200,2,2,0,,6.00,6.00,0.00,2,,IN,India,200,2,0
supply chain application development,100,2,,,,10.00,,,0,-1,US,United States,100,2,
what is development platform,30,2,2,0,,6.00,6.00,0.00,1,,US,United States,30,2,0
which enables delivery of frequent stable releases,30,2,2,0,,1.00,6.00,5.00,1,,IN,India,30,2,0
print variable in powershell,50,1,2,1,,10.00,6.50,-3.50,2,,US,United States,50,2,1
continuous integration in agile,450,13,2,-10,,4.00,1.00,-3.00,2,,US,United States,450,2,-10
what is an abn test,20,2,2,0,,1.00,1.00,0.00,1,,US,United States,20,2,0
what comes after beta version,20,2,2,0,,4.00,1.00,-3.00,1,,US,United States,20,2,0
sdlc phase in software engineering,20,2,2,0,,1.00,1.00,0.00,1,,IN,India,20,2,0
what is harness used for,20,8,2,-5,,2.00,1.00,-1.00,1,,US,United States,20,2,-5
various phases of software development life cycle,10,2,2,0,,1.00,1.00,0.00,1,,IN,India,10,2,0
yaml empty string,40,2,2,0,,6.00,6.00,0.00,1,,US,United States,40,2,0
force new deployment ecs,40,1,2,2,,11.00,6.00,-5.00,1,,US,United States,40,2,2
it development process,60,2,2,0,,8.00,8.00,0.00,1,,US,United States,60,2,0
aws ec2 latency,60,2,2,0,,8.00,8.00,0.00,1,,US,United States,60,2,0
bitbucket server vs bitbucket cloud,100,,2,,,,11.00,,1,1,US,United States,100,2,
kubernetes services explained,40,2,2,0,,7.00,6.50,-0.50,2,,US,United States,40,2,0
crud operations in express js,50,2,2,0,,8.00,8.00,0.00,1,,IN,India,50,2,0
tbd full form in software,50,2,,,,1.00,,,0,-1,IN,India,50,2,
citi cd,500,2,,,,17.00,,,0,-1,US,United States,500,2,
తో నిర్వచించండి,200,2,,,,14.00,,,0,-1,IN,India,200,2,
jfrog upload artifact,30,2,2,0,,5.00,5.00,0.00,1,,US,United States,30,2,0
developer platform meaning,30,2,2,0,,5.00,5.00,0.00,1,,US,United States,30,2,0
dark release software,30,2,2,0,,5.00,4.00,-1.00,1,,US,United States,30,2,0
ai fme management,30,2,2,0,,4.00,4.00,0.00,1,,US,United States,30,2,0
multi cloud cost management solution,30,2,2,0,,4.00,4.00,0.00,1,,US,United States,30,2,0
what is type two error,30,2,2,0,,5.00,5.00,0.00,1,,US,United States,30,2,0
artifacts meaning in software testing,30,1,2,1,,7.00,5.00,-2.00,1,,IN,India,30,2,1
networking services for kubernetes,90,2,2,0,,10.00,9.00,-1.00,1,,US,United States,90,2,0
split testing tool,450,6,2,-3,,12.00,18.00,6.00,1,,US,United States,450,2,-3
execution graph,30,1,2,1,,1.00,5.00,4.00,1,,US,United States,30,2,1
remediation tracking,30,2,2,0,,5.00,5.00,0.00,1,,US,United States,30,2,0
mobile app ab testing,200,,2,,,,13.00,,1,1,US,United States,200,2,
devops infra,80,,2,,,,9.00,,1,1,US,United States,80,2,
ci.,1000,3,2,0,,17.00,15.50,-1.50,2,1,US,United States,1000,2,0
sdlc steps in order,10,1,2,1,,1.00,2.00,1.00,1,,US,United States,10,2,1
what is app modernization,250,,2,,,,15.00,,1,1,US,United States,250,2,
build testing,40,1,2,1,,6.00,7.00,1.00,2,1,US,United States,40,2,1
feature flag git,100,,2,,,,10.00,,1,1,US,United States,100,2,
ci cd platforms,130,2,2,0,,6.00,6.00,0.00,2,,US,United States,130,2,0
sample ratio mismatch,150,3,2,0,,13.00,13.00,0.00,1,,US,United States,150,2,0
aws sam,550,2,,,,19.00,,,0,-2,IN,India,550,2,
what is a platform team,50,2,2,0,,9.00,8.00,-1.00,1,,US,United States,50,2,0
armory spinnaker,50,2,2,0,,7.00,7.00,0.00,1,,US,United States,50,2,0
what is an alpha release,30,2,2,0,,7.00,6.00,-1.00,1,,US,United States,30,2,0
proxy relay,30,3,2,-1,,5.00,5.00,0.00,1,,US,United States,30,2,-1
pagerduty contact card,40,2,,,,6.00,,,0,-1,US,United States,40,2,
usa harness,40,2,2,0,,6.00,6.00,0.00,1,,US,United States,40,2,0
gremlin testing,40,2,2,0,,7.00,6.00,-1.00,1,,US,United States,40,2,0
mongodb health check,40,2,2,0,,6.00,6.00,0.00,1,,US,United States,40,2,0
fdr statistics,70,2,2,0,,7.00,7.00,0.00,1,,US,United States,70,2,0
what is difference between smoke and sanity testing,80,2,2,0,,11.00,10.00,-1.00,1,,IN,India,80,2,0
app development life cycle,80,2,,,,10.00,,,0,-1,US,United States,80,2,
artifact in software,60,2,2,1,,6.00,6.00,0.00,2,,IN,India,60,2,1
ci vs cd,650,2,2,0,,19.50,18.50,-1.00,2,,US,United States,650,2,0
ci cd pipeline definition,100,3,2,-1,,10.00,1.00,-9.00,1,,US,United States,100,2,-1
continuous deployment tool,110,2,2,0,,11.00,10.00,-1.00,2,,US,United States,110,2,0
api writing,80,,2,,,,9.00,,1,1,US,United States,80,2,
harness vs spinnaker,10,2,2,0,,1.00,2.00,1.00,1,,US,United States,10,2,0
rage click,200,,2,,,,14.00,,1,1,US,United States,200,2,
continuous integration in software development,100,,2,,,,11.00,,1,1,US,United States,100,2,
sox compliance software development,40,2,2,0,,1.00,1.00,0.00,1,,US,United States,40,2,0
how to manage aws costs,80,2,,,,11.00,,,0,-1,US,United States,80,2,
metrics engineering,100,2,,,,10.00,,,0,-1,US,United States,100,2,
ai in testing automation,100,2,2,0,,11.00,11.00,0.00,1,,US,United States,100,2,0
containerization tools in devops,100,2,2,0,,10.00,10.00,0.00,1,,US,United States,100,2,0
error budget sre,80,3,2,-1,,9.00,10.00,1.00,2,,US,United States,80,2,-1
what are the 7 phases of sdlc? draw diagram.,50,2,2,0,,7.00,7.00,0.00,1,,IN,India,50,2,0
java.lang.nullpointerexception how to fix,50,2,2,0,,7.50,6.50,-1.00,2,,IN,India,50,2,0
software development life cycle processes,80,4,2,-2,,8.00,10.00,2.00,1,,US,United States,80,2,-2
sdlc process flow,50,2,2,0,,6.00,6.00,0.00,1,,US,United States,50,2,0
sdlc order,20,2,2,0,,4.00,4.00,0.00,1,,US,United States,20,2,0
testing mocks,20,2,2,0,,4.00,4.00,0.00,1,,US,United States,20,2,0
trunk-based development vs feature branch,20,2,2,0,,3.00,4.00,1.00,1,,US,United States,20,2,0
software release stages,30,2,2,0,,4.00,4.00,0.00,1,,US,United States,30,2,0
in which phase of the software development life cycle,20,2,2,0,,2.00,3.00,1.00,1,,US,United States,20,2,0
helm local repo,20,2,,,,2.00,,,0,-1,US,United States,20,2,
target groups,60,,2,,,,8.00,,1,1,IN,India,60,2,
artifactory upload file,30,2,2,0,,5.00,5.00,0.00,1,,US,United States,30,2,0
the program development cycle,30,1,2,1,,1.00,6.00,5.00,1,,US,United States,30,2,1
sox compliance for software development,40,2,2,0,,8.00,6.00,-2.00,1,,US,United States,40,2,0
5 sdlc phases,40,2,2,0,,7.00,7.00,0.00,1,,US,United States,40,2,0
backstage catalog api,40,2,2,0,,6.00,6.00,0.00,1,,US,United States,40,2,0
red blue deployment,80,2,,,,9.00,,,0,-1,US,United States,80,2,
kubernetes manifests,90,2,,,,10.50,,,0,-2,US,United States,90,2,
checkmarx scan,400,2,2,0,,17.50,17.00,-0.50,2,,IN,India,400,2,0
dark release,80,1,2,1,,10.50,10.33,-0.17,3,1,IN,India,80,2,1
arm templates,200,0,2,2,,28.00,14.00,-14.00,1,,US,United States,200,2,2
software artifacts examples,30,2,2,0,,6.00,6.00,0.00,1,,US,United States,30,2,0
software alpha vs beta,30,2,2,0,,6.00,5.00,-1.00,1,,US,United States,30,2,0
software life cycle models,930,0,2,2,,5.00,9.33,4.33,3,2,IN,India,930,2,2
phases of testing,150,2,2,0,,11.67,11.67,0.00,3,,US,United States,150,2,0
what is multivariate test,90,2,2,0,,11.00,11.00,0.00,1,,US,United States,90,2,0
helm override values,70,2,2,0,,9.25,8.33,-0.92,3,-1,US,United States,70,2,0
ci it,50,2,2,0,,7.00,7.00,0.00,1,,US,United States,50,2,0
sli metrics,50,3,2,-1,,6.00,7.00,1.00,1,,US,United States,50,2,-1
mttr devops,50,6,2,-3,,5.00,9.00,4.00,1,,US,United States,50,2,-3
creating an abn test,60,,2,,,,8.00,,1,1,US,United States,60,2,
software cycle,60,3,2,0,,6.50,7.00,0.50,2,,IN,India,60,2,0
terraform open source,270,0,2,2,,6.00,1.00,-5.00,2,,BR,Brazil,270,2,2
sdlc life cycle in software engineering,250,0,2,2,,1.00,3.00,2.00,1,,IN,India,250,2,2
feature flagging,520,2,2,0,,10.00,9.50,-0.50,2,,US,United States,520,2,0
smoke and sanity,60,,2,,,,9.00,,1,1,IN,India,60,2,
savings plan pricing,100,,2,,,,11.00,,1,1,US,United States,100,2,
kubecon na,500,2,2,0,,18.00,18.00,0.00,1,,US,United States,500,2,0
platform engineering services,1100,,2,,,,23.00,,1,1,US,United States,1100,2,
blue green deployment approach,50,2,2,0,,7.00,7.00,0.00,1,,US,United States,50,2,0
program development life cycle,790,2,2,0,,14.75,7.80,-6.95,5,1,AE,United Arab Emirates,790,2,0
ci server,400,3,2,-1,,1.00,7.00,6.00,2,,US,United States,400,2,-1
automated build system,30,2,2,0,,7.00,5.00,-2.00,1,,US,United States,30,2,0
gartner devops magic quadrant,30,2,2,0,,5.00,5.00,0.00,1,,US,United States,30,2,0
alpha beta release,30,2,2,0,,5.00,5.00,0.00,1,,US,United States,30,2,0
fdr false discovery rate,30,2,2,0,,6.00,6.00,0.00,1,,US,United States,30,2,0
filter_chain_not_found,20,2,2,0,,4.00,4.00,0.00,1,,US,United States,20,2,0
platform access,20,,2,,,,4.00,,1,1,IN,India,20,2,
slo stands for,410,1,2,1,,25.50,17.00,-8.50,2,,IN,India,410,2,1
continuous delivery means in devops,70,2,,,,10.00,,,0,-1,US,United States,70,2,
false positive statistics,50,2,2,0,,6.00,6.00,0.00,1,,US,United States,50,2,0
kubernetes docker in docker,80,2,2,0,,9.00,9.00,0.00,1,,US,United States,80,2,0
continuous delivery vs deployment,250,1,2,1,,18.00,15.00,-3.00,1,,US,United States,250,2,1
import set api servicenow,60,3,2,-1,,8.00,9.00,1.00,1,,IN,India,60,2,-1
cloud cost management automation,60,2,2,0,,9.00,8.00,-1.00,1,,US,United States,60,2,0
a/b testen,60,2,2,0,,8.00,8.00,0.00,1,,US,United States,60,2,0
ai & ml,800,2,2,0,,20.00,21.00,1.00,1,,IN,India,800,2,0
different phases of software development,20,2,2,0,,1.00,1.00,0.00,1,,IN,India,20,2,0
helm values.yaml,40,2,2,0,,8.00,7.00,-1.00,1,,US,United States,40,2,0
tanzu application services,40,2,2,0,,8.00,7.00,-1.00,1,,US,United States,40,2,0
what is a development platform,40,2,2,0,,7.00,1.00,-6.00,1,,US,United States,40,2,0
kustomize variables,40,2,2,0,,6.00,6.00,0.00,1,,US,United States,40,2,0
multivariate tests,100,4,2,-1,,9.50,9.00,-0.50,1,-1,US,United States,100,2,-1
dind,4770,2,2,0,,10.07,9.89,-0.18,18,4,DK,Denmark,4770,2,0
client side performance testing,70,,2,,,,9.00,,1,1,US,United States,70,2,
owasp zap dast,90,2,2,0,,10.00,10.00,0.00,1,,US,United States,90,2,0
idp portal,90,,2,,,,10.00,,1,1,US,United States,90,2,
ideal ci cd pipeline,90,,2,,,,10.00,,1,1,US,United States,90,2,
software development life cycle examples,50,2,,,,7.00,,,0,-1,US,United States,50,2,
what is developer platform,50,2,2,0,,8.00,8.00,0.00,1,,US,United States,50,2,0
aws cost dashboard,50,2,,,,7.00,,,0,-1,US,United States,50,2,
continuous delivery agile process,80,2,2,0,,10.00,9.00,-1.00,1,,US,United States,80,2,0
argo vs flux,80,2,2,1,,12.00,10.00,-2.00,1,,US,United States,80,2,1
software test types,80,,2,,,,10.00,,1,1,US,United States,80,2,
sox software compliance,80,,2,,,,10.00,,1,1,US,United States,80,2,
multi-armed bandit,340,4,2,-1,,7.50,7.00,-0.50,2,,US,United States,340,2,-1
code repository meaning,30,2,2,0,,4.00,4.00,0.00,1,,IN,India,30,2,0
azure blueprint,60,3,2,0,,15.00,8.00,-7.00,1,-1,IN,India,60,2,0
infrastructure as code automation,90,3,2,-1,,10.00,11.00,1.00,1,,US,United States,90,2,-1
blue-green deployment kubernetes,60,2,2,0,,9.50,8.00,-1.50,2,,US,United States,60,2,0
spot by netapp,100,,2,,,,11.00,,1,1,US,United States,100,2,
continuous delivery solutions,70,2,,,,10.00,,,0,-1,US,United States,70,2,
kubernetes manifest file,70,2,2,0,,10.00,10.00,0.00,1,,IN,India,70,2,0
automated runbooks,70,,2,,,,10.00,,1,1,US,United States,70,2,
end to end devops services,70,2,2,0,,9.00,9.00,0.00,1,,US,United States,70,2,0
continuous integration servers,80,2,2,0,,9.00,9.00,0.00,1,,US,United States,80,2,0
node js crud operation,50,2,,,,9.00,,,0,-1,IN,India,50,2,
stages of software design,10,2,2,0,,1.00,1.00,0.00,1,,US,United States,10,2,0
timeline of software development,30,,2,,,,1.00,,1,1,US,United States,30,2,
production of environment,30,2,2,0,,1.00,1.00,0.00,1,,IN,India,30,2,0
kubectl prune,30,3,2,-1,,4.00,5.00,1.00,1,,US,United States,30,2,-1
what is a power analysis,250,2,2,1,,15.00,13.00,-2.00,1,,US,United States,250,2,1
what is an sbom,500,2,2,0,,19.00,19.00,0.00,1,,US,United States,500,2,0
run test,900,2,,,,20.00,,,0,-1,IN,India,900,2,
software development life cycle models,760,1,2,1,,5.00,6.67,1.67,3,1,CA,Canada,760,2,1
software deployment stages,50,2,,,,8.00,,,0,-1,US,United States,50,2,
regression vs smoke testing,50,2,2,0,,8.00,1.00,-7.00,1,,US,United States,50,2,0
life cycle of software,50,2,,,,1.00,,,0,-1,US,United States,50,2,
code repos,30,2,2,0,,6.00,5.00,-1.00,1,,US,United States,30,2,0
software development life cycle tutorial,40,2,,,,6.00,,,0,-1,US,United States,40,2,
automated build tools,70,1,2,1,,5.00,7.00,2.00,2,1,IN,India,70,2,1
what is continuous deployment,250,2,2,0,,17.00,17.00,0.00,1,,US,United States,250,2,0
ai devops tools,20,2,2,1,,5.00,5.00,0.00,1,,US,United States,20,2,1
continuous delivery approach,80,2,2,0,,10.00,9.00,-1.00,2,1,US,United States,80,2,0
sdlc development,80,5,2,-2,,6.00,1.00,-5.00,1,,US,United States,80,2,-2
life cycle phases,60,3,2,0,,9.00,9.00,0.00,1,-1,US,United States,60,2,0
continuous integration,12750,0,2,2,,42.92,44.57,1.65,14,2,IN,India,12750,2,2
argocd plugins,80,2,2,0,,9.33,8.67,-0.67,3,,US,United States,80,2,0
what is terraform used for,850,6,2,-4,,1.00,1.00,0.00,2,,IN,India,850,2,-4
harness the power,100,,2,,,,8.00,,1,1,US,United States,100,2,
continuous delivery mobile apps,40,5,2,-3,,6.50,7.00,0.50,1,-1,US,United States,40,2,-3
static vs dynamic analysis,70,2,2,0,,10.00,10.00,0.00,1,,US,United States,70,2,0
delegate image,70,2,2,0,,10.00,9.00,-1.00,1,,US,United States,70,2,0
churn in software development,50,10,2,-8,,1.00,1.00,0.00,1,,US,United States,50,2,-8
change failure rate,200,1,2,1,,19.00,15.00,-4.00,1,,US,United States,200,2,1
chaos experiment,40,3,2,-1,,6.00,7.00,1.00,1,,US,United States,40,2,-1
tools for continuous deployment,60,2,2,0,,8.00,8.00,0.00,1,,US,United States,60,2,0
agile continuous delivery pipeline,60,2,,,,8.00,,,0,-1,US,United States,60,2,
false positve rate,20,2,2,0,,3.00,3.00,0.00,1,,US,United States,20,2,0
phased life cycle model in software engineering,20,2,2,0,,1.00,3.00,2.00,1,,IN,India,20,2,0
how many phases are there in sdlc,20,2,2,0,,1.00,4.00,3.00,1,,IN,India,20,2,0
sample ratio,20,2,2,0,,5.00,4.00,-1.00,1,,US,United States,20,2,0
sdlc initiation phase,20,2,2,0,,3.00,3.00,0.00,1,,US,United States,20,2,0
static vs dynamic code,20,2,2,0,,4.00,4.00,0.00,1,,US,United States,20,2,0
helm delete deployment,100,2,2,0,,10.50,10.50,0.00,2,,US,United States,100,2,0
snyk scanning,100,,2,,,,12.00,,1,1,US,United States,100,2,
algorithm hmacpbesha256 not available,60,2,2,0,,8.75,8.20,-0.55,5,1,US,United States,60,2,0
open source cicd,40,2,2,0,,6.00,6.00,0.00,1,,US,United States,40,2,0
gremlin chaos testing,40,,2,,,,6.00,,1,1,US,United States,40,2,
black box testing advantages,80,4,2,-2,,7.00,11.00,4.00,2,1,US,United States,80,2,-2
software implementation metrics,90,,2,,,,10.00,,1,1,US,United States,90,2,
ci/cd pipeline definition,90,2,2,0,,12.00,11.00,-1.00,1,,US,United States,90,2,0
software metrics in software engineering,1100,0,2,2,,64.00,25.00,-39.00,1,,IN,India,1100,2,2
canary vs blue green deployment,50,3,2,-1,,8.00,9.00,1.00,1,,US,United States,50,2,-1
blue green rollout,50,3,2,-1,,6.00,9.00,3.00,1,,US,United States,50,2,-1
software catalogue,50,,2,,,,8.00,,1,1,GB,United Kingdom,50,2,
agile delivery model,70,2,2,0,,1.00,1.00,0.00,1,-1,US,United States,70,2,0
sdlc programming,40,2,2,0,,1.00,8.00,7.00,1,,US,United States,40,2,0
spinnaker terraform,40,2,2,0,,7.00,7.00,0.00,1,,US,United States,40,2,0
cloud ci,40,3,2,-1,,6.00,8.00,2.00,1,,US,United States,40,2,-1
build automation steps,20,1,2,1,,6.00,4.00,-2.00,1,,US,United States,20,2,1
run helm chart locally,20,1,2,1,,8.00,4.00,-4.00,1,,US,United States,20,2,1
savings plans aws,60,1,2,1,,10.00,8.00,-2.00,2,1,BR,Brazil,60,2,1
kubernetes chaos engineering,70,2,,,,9.00,,,0,-1,US,United States,70,2,
microservice vs serverless,70,2,2,0,,1.00,10.00,9.00,1,,US,United States,70,2,0
what are some features,200,2,,,,16.00,,,0,-1,US,United States,200,2,
blackbox testing and white box testing,250,,2,,,,16.00,,1,1,IN,India,250,2,
design phase in sdlc,80,1,2,1,,12.00,10.00,-2.00,1,,IN,India,80,2,1
internal portal,90,2,2,0,,10.00,10.00,0.00,1,,US,United States,90,2,0
what is an incident management team,30,,2,,,,7.00,,1,1,US,United States,30,2,
helm delete command,30,1,2,1,,10.00,7.00,-3.00,1,,IN,India,30,2,1
sdlc maintenance phase,30,2,2,0,,7.00,7.00,0.00,1,,US,United States,30,2,0
canary deployments,320,3,2,-1,,1.00,1.00,0.00,2,1,US,United States,320,2,-1
spinnaker netflix,70,2,,,,9.00,,,0,-1,US,United States,70,2,
artifact repositories,50,3,2,-1,,3.50,5.00,1.50,2,,US,United States,50,2,-1
sbom generation,300,2,,,,17.00,,,0,-1,US,United States,300,2,
zap dast,50,,2,,,,8.00,,1,1,US,United States,50,2,
ai test automation tools,300,1,2,1,,22.00,17.00,-5.00,1,,US,United States,300,2,1
testing types,400,2,2,0,,17.00,17.00,0.00,1,,US,United States,400,2,0
sdlc explained,100,2,2,0,,3.00,3.00,0.00,1,,US,United States,100,2,0
alpha beta software,30,2,2,0,,5.00,5.00,0.00,1,,US,United States,30,2,0
argocd vs,30,1,2,1,,8.00,5.00,-3.00,1,,US,United States,30,2,1
crud node js,30,3,2,-1,,2.00,6.50,4.50,2,1,US,United States,30,2,-1
ci and cd tools,200,,2,,,,6.00,,2,2,US,United States,200,2,
sdlc analysis,100,10,2,-8,,4.00,1.00,-3.00,1,,US,United States,100,2,-8
ci cd tools in devops,90,2,2,0,,11.00,11.00,0.00,1,,US,United States,90,2,0
terraform vs opentofu,250,6,2,-4,,9.00,16.00,7.00,1,,US,United States,250,2,-4
what is a type 2 error in hypothesis testing,40,1,2,1,,10.00,7.00,-3.00,1,,US,United States,40,2,1
exceeded its progress deadline,40,2,2,0,,7.50,7.00,-0.50,2,,US,United States,40,2,0
smoke testing and regression testing,30,2,2,0,,7.00,7.00,0.00,1,,IN,India,30,2,0
blue green vs canary vs rolling,80,2,2,0,,1.00,11.00,10.00,1,,US,United States,80,2,0
service level objective,160,2,2,0,,1.00,1.00,0.00,4,1,IN,India,160,2,0
sdlc in java,90,2,2,0,,9.00,9.00,0.00,2,,IN,India,90,2,0
what is the software life cycle,150,,2,,,,3.00,,1,1,US,United States,150,2,
cyclonedx vs spdx,70,,2,,,,10.00,,1,1,US,United States,70,2,
software branch,50,2,,,,8.00,,,0,-1,US,United States,50,2,
what is canary release,50,2,2,0,,1.00,1.00,0.00,1,,US,United States,50,2,0
azure code repository,50,1,2,1,,12.00,8.00,-4.00,1,,IN,India,50,2,1
techdocs cli,20,2,2,0,,3.00,3.00,0.00,1,,US,United States,20,2,0
calculating false positive rate,20,2,2,0,,4.00,4.00,0.00,1,,US,United States,20,2,0
sdlc timeline,20,2,2,0,,2.00,3.00,1.00,1,,US,United States,20,2,0
helm canary deployment,20,2,2,0,,3.00,3.00,0.00,1,,US,United States,20,2,0
what comes before alpha testing,20,2,2,0,,4.00,4.00,0.00,1,,US,United States,20,2,0
feature flagging definition,90,2,2,0,,4.00,11.00,7.00,1,,US,United States,90,2,0
sdlc full form in computer,150,3,2,-1,,3.00,1.00,-2.00,1,,IN,India,150,2,-1
cdk deploy,210,2,2,0,,11.67,14.33,2.67,3,,IN,India,210,2,0
import set table servicenow,20,2,2,0,,5.00,5.00,0.00,1,,US,United States,20,2,0
harness uk,20,2,2,0,,5.00,5.00,0.00,1,,GB,United Kingdom,20,2,0
sdlc lifecycle phases,20,2,2,0,,5.00,5.00,0.00,1,,IN,India,20,2,0
sdlc pipeline,30,2,2,0,,1.00,1.00,0.00,1,,US,United States,30,2,0
what is cost category,30,2,2,0,,7.00,7.00,0.00,1,,IN,India,30,2,0
drone ci/cd,30,1,2,1,,9.00,6.00,-3.00,1,,US,United States,30,2,1
production incident,10,2,2,0,,1.00,1.00,0.00,1,,US,United States,10,2,0
helm deploy local chart,20,1,2,1,,6.00,4.00,-2.00,1,,US,United States,20,2,1
how to upload to artifactory,20,2,2,0,,4.00,4.00,0.00,1,,US,United States,20,2,0
what is split io,20,2,2,0,,4.00,4.00,0.00,1,,US,United States,20,2,0
development features,20,2,2,0,,1.00,5.00,4.00,1,,IN,India,20,2,0
false positive in statistics,20,1,2,1,,7.00,1.00,-6.00,1,,US,United States,20,2,1
multi variate testing,50,3,2,-1,,9.67,10.50,0.83,2,-1,US,United States,50,2,-1
open source continuous integration tools,40,2,2,0,,8.50,8.50,0.00,2,,US,United States,40,2,0
staging server,280,2,2,0,,5.50,6.00,0.50,2,,US,United States,280,2,0
ecs deploy,40,2,2,0,,6.50,6.00,-0.50,2,,US,United States,40,2,0
what is a/a testing,60,2,2,0,,10.00,10.00,0.00,1,,US,United States,60,2,0
which of the following best describes the threat modeling process,30,1,2,1,,10.00,7.00,-3.00,1,,IN,India,30,2,1
how to resolve null pointer exception in java,60,2,2,0,,9.00,9.00,0.00,1,,IN,India,60,2,0
feature flags experimental,70,3,2,-1,,9.00,10.00,1.00,1,,US,United States,70,2,-1
false positive rate equation,30,2,2,0,,5.00,6.00,1.00,1,,US,United States,30,2,0
mocking software,30,2,2,0,,5.00,6.00,1.00,1,,US,United States,30,2,0
green blue deployment strategy,30,2,2,0,,5.00,5.00,0.00,1,,US,United States,30,2,0
what is a code repo,30,2,2,0,,5.00,5.00,0.00,1,,US,United States,30,2,0
parallel deployment,30,1,2,1,,7.00,6.00,-1.00,1,,US,United States,30,2,1
software sox,70,,2,,,,10.00,,1,1,US,United States,70,2,
what are ci tools,90,2,2,0,,1.00,11.00,10.00,1,,US,United States,90,2,0
website split testing,80,2,2,0,,9.00,10.00,1.00,1,,US,United States,80,2,0
ci and cd full form,200,0,2,2,,24.00,15.00,-9.00,1,,IN,India,200,2,2
what is a python sdk,60,2,2,0,,10.00,10.00,0.00,1,,US,United States,60,2,0
what is platform engineering,950,,2,,,,21.50,,2,2,US,United States,950,2,
whats an slo,60,2,,,,9.00,,,0,-1,US,United States,60,2,
ci cd adalah,350,,2,,,,18.00,,1,1,ID,Indonesia,350,2,
false negative rate,530,9,2,-7,,4.11,2.60,-1.51,5,-4,CA,Canada,530,2,-7
false positive negative,40,2,2,0,,7.00,7.00,0.00,1,,US,United States,40,2,0
application development stages,40,2,2,0,,8.00,8.00,0.00,1,,US,United States,40,2,0
servicenow import sets,40,5,2,-3,,3.00,7.00,4.00,1,,US,United States,40,2,-3
software life cycles,30,2,2,0,,7.00,7.00,0.00,1,,US,United States,30,2,0
ci testing tools,50,2,2,0,,8.00,8.00,0.00,1,,US,United States,50,2,0
principles of open source software,50,5,2,-3,,1.00,9.00,8.00,1,,IN,India,50,2,-3
ecs run task,50,2,2,0,,8.00,8.00,0.00,1,,US,United States,50,2,0
how is software developed and upgraded,50,2,,,,8.00,,,0,-1,US,United States,50,2,
ci/cd system,50,2,2,0,,9.00,9.00,0.00,1,,US,United States,50,2,0
continuously deploying using a devops model,50,2,2,0,,9.00,8.00,-1.00,1,,US,United States,50,2,0
build automation tool,50,2,2,0,,5.00,8.50,3.50,2,,US,United States,50,2,0
service level objectives,300,2,2,0,,15.00,1.00,-14.00,2,1,US,United States,300,2,0
application development life cycle,280,6,2,-4,,3.33,1.00,-2.33,2,-1,GB,United Kingdom,280,2,-4
feature development life cycle,10,2,2,0,,2.00,2.00,0.00,1,,US,United States,10,2,0
explain different phases of software development life cycle,10,2,2,0,,3.00,1.00,-2.00,1,,IN,India,10,2,0
kustomize kubernetes,250,,2,,,,16.00,,1,1,IN,India,250,2,
github codeowners,1000,1,2,1,,26.00,22.50,-3.50,2,1,US,United States,1000,2,1
sast testing,600,2,2,0,,45.00,45.00,0.00,2,,US,United States,600,2,0
how to acr,20,1,2,1,,11.00,6.00,-5.00,1,,US,United States,20,2,1
ci full form in software,50,1,2,1,,12.00,8.00,-4.00,1,,IN,India,50,2,1
kubectl patch command,80,2,2,0,,11.00,10.50,-0.50,2,1,IN,India,80,2,0
it security testing,250,0,2,2,,80.00,16.00,-64.00,1,,US,United States,250,2,2
helm remove chart,20,,2,,,,3.00,,1,1,US,United States,20,2,
false positive equation,30,2,2,0,,4.00,6.00,2.00,1,,US,United States,30,2,0
what comes before beta testing,30,2,2,0,,5.00,6.00,1.00,1,,US,United States,30,2,0
sdlc 4 phases,20,2,2,0,,5.00,5.00,0.00,1,,US,United States,20,2,0
different stages of sdlc,20,2,2,0,,1.00,1.00,0.00,1,,IN,India,20,2,0
what is false negative rate,20,2,2,0,,5.00,5.00,0.00,1,,US,United States,20,2,0
explain sdlc phases,20,2,2,0,,1.00,1.00,0.00,1,,IN,India,20,2,0
helm release name is invalid,20,2,2,0,,4.00,4.00,0.00,1,,US,United States,20,2,0
terraform rollback on failure,20,2,2,0,,4.00,4.00,0.00,1,,US,United States,20,2,0
argocd terraform,200,,2,,,,15.00,,1,1,US,United States,200,2,
split arcade,30,2,2,0,,6.00,6.00,0.00,1,,US,United States,30,2,0
cloud cost management solutions,600,,2,,,,1.00,,1,1,US,United States,600,2,
software delivery life cycle,60,1,2,1,,1.00,4.50,3.50,2,1,US,United States,60,2,1
ruby continuous integration,30,2,2,0,,6.00,6.00,0.00,1,,US,United States,30,2,0
a type 2 error occurs when,30,2,2,0,,7.00,7.00,0.00,1,,US,United States,30,2,0
7 stages of system development life cycle with example,30,4,2,-2,,3.00,6.00,3.00,1,,US,United States,30,2,-2
chaos experiments,30,2,2,0,,5.00,6.00,1.00,1,,US,United States,30,2,0
ci software development,150,,2,,,,13.00,,1,1,US,United States,150,2,
what is service in kubernetes,90,2,,,,12.00,,,0,-1,IN,India,90,2,
incident management team roles and responsibilities,60,2,2,0,,9.00,9.00,0.00,1,,US,United States,60,2,0
site capacity,30,1,2,1,,11.00,7.00,-4.00,1,,US,United States,30,2,1
azure single sign on,50,2,2,0,,9.00,9.00,0.00,1,,GB,United Kingdom,50,2,0
cost of moving to the cloud,50,,2,,,,9.00,,1,1,US,United States,50,2,
concourse ci,50,,2,,,,8.00,,1,1,IN,India,50,2,
design life cycle,120,2,,,,5.50,,,0,-2,US,United States,120,2,
container cloud optimization,80,,2,,,,10.00,,1,1,US,United States,80,2,
sprint retrospective purpose,30,1,2,1,,9.00,4.00,-5.00,2,,US,United States,30,2,1
oci cloud login,2100,,2,,,,25.00,,1,1,IN,India,2100,2,
kubernetes job,450,0,2,2,,37.00,19.00,-18.00,1,,US,United States,450,2,2
life cycle phases in software project management,90,4,2,-2,,2.00,11.00,9.00,2,1,IN,India,90,2,-2
define ab testing,50,1,2,1,,12.00,9.00,-3.00,1,,US,United States,50,2,1
terraform destroy force,100,2,2,0,,11.33,11.33,0.00,3,,US,United States,100,2,0
is alpha or beta first,60,1,2,0,,12.00,11.00,-1.00,1,,US,United States,60,2,0
backstage plugins,350,3,2,-1,,14.00,17.00,3.00,1,,US,United States,350,2,-1
best devops tools,250,,2,,,,16.00,,1,1,US,United States,250,2,
pipeline as code,70,2,2,0,,10.50,10.50,0.00,2,,IN,India,70,2,0
cd/ci,340,1,2,0,,14.00,9.50,-4.50,2,,IN,India,340,2,0
what is churn in software development,50,2,2,0,,10.00,10.00,0.00,1,,US,United States,50,2,0
crd in kubernetes,200,,2,,,,14.00,,1,1,IN,India,200,2,
circleci pricing,100,,2,,,,13.00,,1,1,US,United States,100,2,
s3 cache,60,2,2,0,,10.00,10.00,0.00,1,,US,United States,60,2,0
what is slo in software,60,3,2,-1,,8.00,10.00,2.00,1,,US,United States,60,2,-1
kubernetes services,700,0,2,1,,19.00,2.50,-16.50,2,,IN,India,700,2,1
cd delivery,50,3,2,-1,,8.00,10.00,2.00,1,,US,United States,50,2,-1
software design lifecycle,50,2,2,0,,8.00,8.00,0.00,1,,US,United States,50,2,0
what is a ci server,50,2,2,0,,8.00,8.00,0.00,1,,US,United States,50,2,0
software system development life cycle,50,2,2,0,,9.00,9.00,0.00,1,,US,United States,50,2,0
kustomize vs helm,200,1,2,0,,9.00,16.00,7.00,1,-1,US,United States,200,2,0
what is ci cd tools,70,,2,,,,5.50,,2,2,IN,India,70,2,
feature launch plan,20,,2,,,,5.00,,1,1,US,United States,20,2,
split.io logo,20,2,2,0,,5.00,5.00,0.00,1,,US,United States,20,2,0
software design process steps,30,2,2,0,,6.00,6.00,0.00,1,,US,United States,30,2,0
55 stockton st san francisco,40,2,,,,8.00,,,0,-1,US,United States,40,2,
slo bill meaning,70,,2,,,,10.00,,1,1,US,United States,70,2,
black duck hub,70,2,,,,10.00,,,0,-1,US,United States,70,2,
what is cicd pipeline,600,2,2,0,,10.00,12.00,2.00,2,,IN,India,600,2,0
deployment strategy,510,0,2,2,,1.00,3.50,2.50,6,5,SG,Singapore,510,2,2
what is argo cd,200,2,2,-1,,1.00,1.00,0.00,1,,IN,India,200,2,-1
iac full form,2400,0,2,1,,27.00,20.00,-7.00,1,,IN,India,2400,2,1
ci cd steps,60,2,2,0,,10.00,10.00,0.00,1,,US,United States,60,2,0
continuous integration best practices,60,,2,,,,9.00,,1,1,BR,Brazil,60,2,
open source ci cd tools,60,2,2,0,,9.00,10.00,1.00,1,,US,United States,60,2,0
what is source code repository,20,1,2,0,,5.00,4.00,-1.00,1,,US,United States,20,2,0
phase of software development,20,2,2,0,,1.00,1.00,0.00,1,,IN,India,20,2,0
swallow exception,20,2,2,0,,4.00,4.00,0.00,1,,US,United States,20,2,0
uji t untuk apa,200,,2,,,,16.00,,1,1,ID,Indonesia,200,2,
apa itu ci,350,,2,,,,17.00,,1,1,ID,Indonesia,350,2,
rollback database,40,2,2,0,,8.00,8.00,0.00,1,,US,United States,40,2,0
system development life cycle stages,70,1,2,1,,6.60,6.80,0.20,5,,IN,India,70,2,1
agile continuous delivery,150,2,2,0,,14.00,14.00,0.00,1,,US,United States,150,2,0
first step in sdlc,30,1,2,0,,8.00,2.50,-5.50,2,,US,United States,30,2,0
infrastructure provisioning,50,,2,,,,9.00,,1,1,IN,India,50,2,
what is mttr,740,0,2,2,,33.00,15.00,-18.00,2,1,US,United States,740,2,2
automation in it infrastructure services,60,2,2,0,,10.00,10.00,0.00,1,,US,United States,60,2,0
sw development process,60,3,2,-1,,1.00,11.00,10.00,1,,US,United States,60,2,-1
ai/ml,2500,1,2,1,,25.00,21.00,-4.00,1,,IN,India,2500,2,1
feature branch vs trunk based development,20,2,2,0,,3.00,4.00,1.00,1,,US,United States,20,2,0
stages of a software project,10,2,2,0,,1.00,2.00,1.00,1,,US,United States,10,2,0
phases of software implementation,10,2,2,0,,3.00,3.00,0.00,1,,US,United States,10,2,0
sdlc different phases,10,1,2,0,,1.00,1.00,0.00,1,,IN,India,10,2,0
what are the 7 stages of software development,10,4,2,-3,,1.00,1.00,0.00,1,,US,United States,10,2,-3
software development life cycle explained,50,2,2,0,,10.00,9.00,-1.00,1,,US,United States,50,2,0
blackbox testing,280,2,2,0,,24.00,24.00,0.00,2,,GB,United Kingdom,280,2,0
snyk opensource,60,2,2,0,,8.00,9.00,1.00,1,,US,United States,60,2,0
sbom action,60,2,2,0,,9.00,9.00,0.00,1,,US,United States,60,2,0
what is feature driven development,60,3,2,-2,,6.00,1.00,-5.00,1,,US,United States,60,2,-2
الدخول الموحد,70,2,2,0,,10.00,10.00,0.00,1,,EG,Egypt,70,2,0
define sdlc,400,,2,,,,2.00,,2,2,IN,India,400,2,
java binaries,40,1,2,0,,8.00,8.00,0.00,1,,US,United States,40,2,0
feature design,40,,2,,,,7.00,,1,1,US,United States,40,2,
cab software development,40,2,2,0,,1.00,1.00,0.00,1,,US,United States,40,2,0
software artifacts meaning,40,2,2,0,,1.00,1.00,0.00,1,,IN,India,40,2,0
explain sdlc phases in detail,20,2,2,0,,1.00,1.00,0.00,1,,IN,India,20,2,0
sdlc steps in software engineering,20,2,2,0,,1.00,1.00,0.00,1,,IN,India,20,2,0
what is production in software development,40,1,2,0,,5.50,5.50,0.00,2,,IN,India,40,2,0
rootly api,60,1,2,0,,10.00,9.00,-1.00,1,,US,United States,60,2,0
kubernetes build,70,,2,,,,10.00,,1,1,US,United States,70,2,
helm deploy,40,5,2,-3,,8.00,8.00,0.00,3,1,US,United States,40,2,-3
apa itu sli,50,,2,,,,8.00,,1,1,ID,Indonesia,50,2,
arbitrary sql,20,1,2,0,,6.00,5.00,-1.00,1,,US,United States,20,2,0
what is the first step of the sdlc,80,3,2,-2,,9.00,10.00,1.00,1,,US,United States,80,2,-2
black box and white box testing difference,350,3,2,-2,,14.00,18.00,4.00,1,,IN,India,350,2,-2
what is developer portal,90,,2,,,,13.00,,1,1,US,United States,90,2,
open source terraform,70,2,2,0,,10.00,10.00,0.00,1,,US,United States,70,2,0
benefits of iac,70,2,,,,11.00,,,0,-1,US,United States,70,2,
system design life cycle,70,0,2,2,,1.00,11.00,10.00,1,,IN,India,70,2,2
build and deployment automation,70,,2,,,,10.00,,1,1,US,United States,70,2,
infrastructure as code devops,150,,2,,,,15.00,,1,1,US,United States,150,2,
execute with failure artinya,60,2,,,,10.00,,,0,-1,ID,Indonesia,60,2,
ephemeral servers,60,2,2,0,,9.00,9.00,0.00,1,,US,United States,60,2,0
lambda deployment,40,1,2,0,,9.00,8.00,-1.00,1,,US,United States,40,2,0
full life cycle software development,40,0,2,2,,1.00,8.00,7.00,1,,US,United States,40,2,2
remove secrets from git history,40,1,2,0,,9.00,8.00,-1.00,1,,US,United States,40,2,0
sdlc project phases,10,2,2,0,,4.00,1.00,-3.00,1,,US,United States,10,2,0
traffic type,20,2,2,0,,4.00,4.00,0.00,1,,IN,India,20,2,0
helm local chart,20,2,2,0,,4.00,4.00,0.00,1,,US,United States,20,2,0
cloudformation target group,20,1,2,0,,5.00,4.00,-1.00,1,,US,United States,20,2,0
what is a software feature,20,2,2,0,,4.00,5.00,1.00,1,,US,United States,20,2,0
what is a false positive in statistics,20,2,2,0,,5.00,5.00,0.00,1,,US,United States,20,2,0
sdlc lifecycle,790,2,2,0,,5.75,5.75,0.00,4,,IN,India,790,2,0
ai in testing,750,0,2,2,,96.00,32.00,-64.00,2,1,US,United States,750,2,2
crud operation in node js,40,2,2,0,,8.00,8.00,0.00,1,,IN,India,40,2,0
mocking programming,40,2,2,0,,7.00,7.00,0.00,1,,US,United States,40,2,0
canary blue green deployment,30,1,2,0,,7.00,6.00,-1.00,1,,US,United States,30,2,0
ruby document sdk,30,1,2,0,,7.00,6.00,-1.00,1,,US,United States,30,2,0
spinnaker github enterprise,30,2,2,0,,6.00,6.00,0.00,1,,RU,Russian Federation,30,2,0
software design steps,30,2,2,0,,6.00,6.00,0.00,1,,US,United States,30,2,0
sanity vs smoke,50,2,2,0,,10.00,10.00,0.00,1,,IN,India,50,2,0
black box testing and whitebox testing,270,2,2,0,,15.00,12.50,-2.50,2,,US,United States,270,2,0
true negative rate formula,30,2,,,,8.00,,,0,-1,US,United States,30,2,
sdlc project management,300,1,2,0,,3.00,17.00,14.00,1,,US,United States,300,2,0
benefits of continuous deployment,60,2,2,-1,,8.00,9.00,1.00,1,,US,United States,60,2,-1
true positive false positive,90,2,,,,10.00,,,0,-1,US,United States,90,2,
bamboo pipeline,250,,2,,,,13.00,,2,2,IN,India,250,2,
what is mvt testing,20,2,2,0,,7.00,7.00,0.00,1,,US,United States,20,2,0
fpr rate,20,2,2,0,,6.00,6.00,0.00,1,,US,United States,20,2,0
jira code repository,40,2,2,0,,8.00,8.00,0.00,1,,US,United States,40,2,0
synk code,40,2,2,-1,,9.50,8.00,-1.50,1,-1,IN,India,40,2,-1
threat modeling can be applied to,20,2,2,0,,5.00,5.00,0.00,1,,IN,India,20,2,0
software design cycle,20,2,2,0,,5.00,5.00,0.00,1,,US,United States,20,2,0
agile delivery process,20,1,2,0,,7.00,1.00,-6.00,1,,US,United States,20,2,0
arm template,800,,2,,,,18.50,,2,2,US,United States,800,2,
automation tools for devops,250,2,2,0,,15.00,15.00,0.00,1,,US,United States,250,2,0
pageload,50,2,2,0,,8.50,9.00,0.50,2,,US,United States,50,2,0
a/b/n test,10,2,2,0,,3.00,4.00,1.00,1,,US,United States,10,2,0
during which phase of the sdlc is software tested,10,2,2,0,,4.00,3.00,-1.00,1,,US,United States,10,2,0
what's after beta testing,10,1,2,0,,4.00,4.00,0.00,1,,US,United States,10,2,0
how to find false positive rate,10,2,2,0,,1.00,1.00,0.00,1,,US,United States,10,2,0
delegate proxy,10,1,2,0,,4.00,3.00,-1.00,1,,US,United States,10,2,0
cd development,30,,2,,,,7.00,,1,1,US,United States,30,2,
what comes before beta,30,2,2,0,,1.00,1.00,0.00,1,,US,United States,30,2,0
sre error budget,30,1,2,0,,1.00,1.00,0.00,1,,US,United States,30,2,0
sre vs devops,1100,3,2,-2,,22.00,23.00,1.00,2,,IN,India,1100,2,-2
slsa supply chain,50,2,2,0,,9.00,9.00,0.00,1,,US,United States,50,2,0
type ii error,5950,4,2,-2,,10.75,13.67,2.92,3,-1,CA,Canada,5950,2,-2
what is a session in web,70,,2,,,,10.00,,1,1,US,United States,70,2,
artifacts tools,20,2,2,0,,5.00,1.00,-4.00,1,,US,United States,20,2,0
cloud cd,30,2,2,0,,6.00,6.00,0.00,1,,US,United States,30,2,0
tool for devops,30,2,2,0,,7.00,7.00,0.00,1,,IN,India,30,2,0
software implementation phases,30,2,2,0,,7.00,7.00,0.00,1,,US,United States,30,2,0
impersonate user,40,2,2,0,,8.50,4.00,-4.50,2,,IN,India,40,2,0
terraform feature flags,40,2,2,0,,7.00,8.00,1.00,1,,US,United States,40,2,0
ci in it,40,,2,,,,9.00,,1,1,US,United States,40,2,
split ab,40,3,2,-2,,6.00,9.00,3.00,1,,US,United States,40,2,-2
azure devops feature flags,40,2,2,0,4,7.00,8.00,1.00,1,,US,United States,40,2,0
what is gitlab,4850,1,2,1,,32.00,28.25,-3.75,4,1,IN,India,4850,2,1
what is mock in testing,10,2,2,0,,2.00,2.00,0.00,1,,IN,India,10,2,0
multiple services,10,1,2,1,,4.00,2.00,-2.00,1,,BR,Brazil,10,2,1
best software deployment tools,200,,2,,,,16.00,,1,1,US,United States,200,2,
kubernetes service types,350,1,2,0,,4.00,6.50,2.50,2,,US,United States,350,2,0
sdlc phases agile,90,2,2,0,,11.00,11.00,0.00,1,,US,United States,90,2,0
incident management team,250,2,2,0,,19.00,19.00,0.00,4,,CA,Canada,250,2,0
devops toolchain,400,0,2,2,,43.00,19.00,-24.00,1,,US,United States,400,2,2
open source software characteristics,40,,2,,,,1.00,,1,1,US,United States,40,2,
snyk code test,50,2,2,0,,9.00,9.00,0.00,1,,US,United States,50,2,0
what is a web session,50,2,2,0,,9.00,10.00,1.00,1,,US,United States,50,2,0
explain open source software,50,2,,,,10.00,,,0,-1,IN,India,50,2,
stages of automation,20,,2,,,,5.00,,1,1,US,United States,20,2,
beta vs alpha release,20,1,2,0,,1.00,5.00,4.00,1,,US,United States,20,2,0
kubernetes rollingupdate,30,2,,,,7.00,,,0,-1,US,United States,30,2,
harness india pvt ltd,30,3,2,-2,,4.00,7.00,3.00,1,,IN,India,30,2,-2
at harness,20,2,2,0,,6.00,6.00,0.00,1,,US,United States,20,2,0
phase of life cycle,20,1,2,0,,8.00,7.00,-1.00,1,,IN,India,20,2,0
application set,20,,2,,,,6.00,,1,1,US,United States,20,2,
explain software development life cycle,200,2,2,0,,3.00,1.00,-2.00,1,,IN,India,200,2,0
helm chart repository github,20,1,2,0,,6.00,5.00,-1.00,1,,US,United States,20,2,0
remove secret from git history,40,1,2,0,,9.00,8.00,-1.00,1,,US,United States,40,2,0
argo cd alternatives,60,2,2,0,,11.00,11.00,0.00,1,,US,United States,60,2,0
engineering capacity planning,60,2,2,0,,11.00,11.00,0.00,1,,US,United States,60,2,0
smoke and sanity testing difference,150,2,,,,15.00,,,0,-1,IN,India,150,2,
ci cd pipeline meaning,250,3,2,-2,,14.00,17.00,3.00,1,,US,United States,250,2,-2
sox compliance software,700,2,,,,22.00,,,0,-1,US,United States,700,2,
a/b testing software,250,,2,,,,17.00,,1,1,US,United States,250,2,
ci tool,50,2,2,-1,,1.00,1.00,0.00,1,-2,GB,United Kingdom,50,2,-1
terragrunt plan,50,,2,,,,9.00,,1,1,US,United States,50,2,
--dry-run,30,2,2,0,,1.00,1.00,0.00,1,,US,United States,30,2,0
repository of pre-existing software code for common functions,40,2,,,,7.00,,,0,-1,US,United States,40,2,
multi-armed bandits,140,2,,,,7.50,,,0,-2,US,United States,140,2,
what is staging?,30,2,2,0,,6.00,6.00,0.00,1,,US,United States,30,2,0
github helm chart repository,30,1,2,0,,7.00,6.00,-1.00,1,,US,United States,30,2,0
gson vs jackson performance,30,2,2,0,,5.00,6.00,1.00,1,,US,United States,30,2,0
beta release definition,30,2,2,0,,1.00,7.00,6.00,1,,US,United States,30,2,0
what is before alpha,30,1,2,1,,8.00,6.00,-2.00,1,,US,United States,30,2,1
cms garbage collector,30,2,2,-1,,4.00,6.00,2.00,1,,US,United States,30,2,-1
production environment definition,90,2,2,0,,12.00,6.50,-5.50,2,1,US,United States,90,2,0
sdlc application,30,2,,,,7.00,,,0,-1,US,United States,30,2,
windows ci,30,1,2,0,,8.00,7.00,-1.00,1,,US,United States,30,2,0
azure repo,200,2,,,,15.00,,,0,-1,IN,India,200,2,
automation of builds happen through,20,1,2,1,,9.00,1.00,-8.00,1,,IN,India,20,2,1
ci/cd orchestration,60,2,,,,1.00,,,0,-1,US,United States,60,2,
what is a release candidate,60,2,,,,1.00,,,0,-1,US,United States,60,2,
feature toggle best practices,210,,2,,10,,4.50,,2,2,US,United States,210,2,
what is a merge conflict,40,2,2,0,,8.00,8.00,0.00,1,,US,United States,40,2,0
false positive meaning,3200,3,2,-1,,19.50,23.67,4.17,3,1,US,United States,3200,2,-1
ios sdk developer,30,2,2,0,,7.00,7.00,0.00,1,,US,United States,30,2,0
java 9 main goals are,30,1,2,1,,9.00,8.00,-1.00,1,,IN,India,30,2,1
mongodb health,40,,2,,,,8.00,,1,1,US,United States,40,2,
engineering life cycle,60,2,,,,9.00,,,0,-1,GB,United Kingdom,60,2,
smoke test and sanity test,40,2,2,0,,9.00,9.00,0.00,1,,IN,India,40,2,0
what is rolling deployment,40,2,2,0,,9.00,9.00,0.00,1,,US,United States,40,2,0
application monitoring best practices,350,0,2,1,,26.00,19.00,-7.00,1,,US,United States,350,2,1
feature-driven development,60,1,2,0,,5.00,9.50,4.50,2,,US,United States,60,2,0
why we use jenkins as a continuous integration server,10,2,2,0,,3.00,3.00,0.00,1,,IN,India,10,2,0
different stages of software planning,10,2,2,0,,3.00,3.00,0.00,1,,NP,Nepal,10,2,0
what is a good false positive rate,10,0,2,1,,8.00,4.00,-4.00,1,,US,United States,10,2,1
k8s deployment,550,,2,,,,24.50,,2,2,IN,India,550,2,
kubectl patch deployment,50,1,2,0,,11.00,9.00,-2.00,1,,US,United States,50,2,0
false positive rate calculation,20,1,2,1,,8.00,1.00,-7.00,1,,US,United States,20,2,1
rbac adalah,400,2,2,0,,1.00,1.00,0.00,1,,ID,Indonesia,400,2,0
what is stage environment,20,2,2,0,,6.00,1.00,-5.00,1,,IN,India,20,2,0
secure software supply chain,450,0,2,1,,27.00,20.00,-7.00,1,,US,United States,450,2,1
rolling update strategy kubernetes,60,1,2,0,,9.00,10.00,1.00,2,1,IN,India,60,2,0
amazon cost management vs cloud health,60,2,2,0,,11.00,11.00,0.00,1,,US,United States,60,2,0
terraform tofu,50,2,2,0,,10.00,10.00,0.00,1,,US,United States,50,2,0
open source artifactory,50,,2,,,,9.00,,1,1,US,United States,50,2,
generative ai in test automation,50,2,2,0,,9.00,9.00,0.00,1,,US,United States,50,2,0
sdlc components,40,2,2,0,,8.50,8.50,0.00,2,,IN,India,40,2,0
chaos buffet,20,1,2,1,,10.00,5.00,-5.00,1,,US,United States,20,2,1
what is rollback in os,20,2,2,0,,1.00,6.00,5.00,1,,IN,India,20,2,0
slo dashboards,20,2,2,0,,5.00,5.00,0.00,1,,US,United States,20,2,0
tanzu pcf,20,2,2,0,,5.00,5.00,0.00,1,,US,United States,20,2,0
false positive rate in machine learning,20,1,2,1,,1.00,1.00,0.00,1,,IN,India,20,2,1
delete helm chart,20,2,,,,4.00,,,0,-1,US,United States,20,2,
what are code repositories,20,2,2,0,,1.00,4.00,3.00,1,,US,United States,20,2,0
what is prod environment,20,1,2,1,,7.00,1.00,-6.00,1,,US,United States,20,2,1
sto pipeline,30,2,,,,6.00,,,0,-1,US,United States,30,2,
split pricing,30,,2,,,,6.00,,1,1,US,United States,30,2,
rollingupdatestrategy,30,2,2,0,,6.00,6.00,0.00,1,,US,United States,30,2,0
what does maximum call stack size exceeded mean,60,1,2,0,,12.00,11.00,-1.00,1,,US,United States,60,2,0
slsa provenance,60,,2,,,,10.00,,1,1,US,United States,60,2,
life cycle of software development,150,0,2,1,,3.00,1.00,-2.00,1,,IN,India,150,2,1
modern sdlc,40,1,1,0,,9.00,9.00,0.00,1,,US,United States,40,1,0
what does a vp of engineering do,40,1,1,0,,1.00,9.00,8.00,1,,US,United States,40,1,0
kubernetes delete deployment,40,1,1,0,,8.50,8.50,0.00,2,,DE,Germany,40,1,0
beta release meaning,40,1,1,0,,9.00,1.00,-8.00,1,,US,United States,40,1,0
software development schedule,40,1,1,0,,8.00,8.00,0.00,1,,US,United States,40,1,0
bitbucket cloud,300,1,1,1,,19.00,16.00,-3.00,1,,US,United States,300,1,1
tofu terraform,80,2,1,-1,,10.00,11.00,1.00,1,,US,United States,80,1,-1
unit testing vs integration testing,600,1,1,0,,20.50,20.00,-0.50,2,,US,United States,600,1,0
k8s canary deployment,30,1,1,0,,7.00,8.00,1.00,1,,US,United States,30,1,0
systems development life cycle phases,60,2,1,-1,,1.00,10.00,9.00,1,,US,United States,60,1,-1
cloud cost management strategies,300,1,1,0,,19.00,18.00,-1.00,1,,US,United States,300,1,0
stages software,30,1,,,,7.00,,,0,-1,US,United States,30,1,
devops architecture diagram,350,,1,,,,18.00,,1,1,IN,India,350,1,
writing an api,60,4,1,-2,,6.00,9.00,3.00,1,,US,United States,60,1,-2
design phase in software engineering,60,1,1,0,,6.00,9.00,3.00,2,,IN,India,60,1,0
sast support,80,,1,,,,11.00,,1,1,US,United States,80,1,
kubernetes rollback deployment,60,2,1,-1,,9.00,11.00,2.00,1,,US,United States,60,1,-1
helm ternary,60,1,1,0,,11.00,10.50,-0.50,2,1,US,United States,60,1,0
is false positive type 1 error,60,,1,,,,11.00,,1,1,US,United States,60,1,
benefits of infrastructure automation,60,1,,,,10.00,,,0,-1,US,United States,60,1,
phase of software engineering,10,1,1,0,,1.00,1.00,0.00,1,,IN,India,10,1,0
sdlc definition,550,1,1,1,,1.00,3.50,2.50,2,1,US,United States,550,1,1
what are the steps in the sdlc methodology,10,1,1,0,,1.00,1.00,0.00,1,,US,United States,10,1,0
slo in software,40,1,1,0,,9.00,9.00,0.00,1,,US,United States,40,1,0
ephemeral deployment,40,2,1,-1,,6.00,8.00,2.00,1,,US,United States,40,1,-1
kubernetes deployment strategy rollingupdate,40,1,,,,8.00,,,0,-1,US,United States,40,1,
benefits of infrastructure as code,80,,1,,,,1.00,,1,1,US,United States,80,1,
circleci alternatives,80,,1,,,,11.00,,1,1,US,United States,80,1,
devops continuous deployment,200,0,1,1,,27.00,16.00,-11.00,1,,US,United States,200,1,1
harness fintech,10,1,1,0,,2.00,2.00,0.00,1,,US,United States,10,1,0
ci/cd pipelines,2350,1,1,1,,25.00,27.67,2.67,3,,CA,Canada,2350,1,1
sdlc life cycle in testing,50,1,1,0,,9.00,9.00,0.00,1,,US,United States,50,1,0
ci cd system,50,2,1,-1,,8.00,10.00,2.00,1,,US,United States,50,1,-1
what are the ci,50,3,1,-1,,7.00,10.00,3.00,1,,US,United States,50,1,-1
gcp cloud logging pricing,50,1,1,0,,10.00,10.00,0.00,1,,US,United States,50,1,0
true positive rate vs false positive rate,30,1,1,0,,8.00,8.00,0.00,1,,US,United States,30,1,0
what does harness,30,1,1,0,,8.00,8.00,0.00,1,,US,United States,30,1,0
what is a source code repository,30,1,1,0,,7.00,7.00,0.00,1,,US,United States,30,1,0
k8s blue green deployment,20,1,1,0,,8.00,6.00,-2.00,1,,US,United States,20,1,0
automated deployment tools open source,20,1,1,0,,6.00,6.00,0.00,1,,US,United States,20,1,0
acr build,20,1,,,,6.00,,,0,-1,US,United States,20,1,
p0 incident,50,1,1,0,,10.00,10.00,0.00,1,,US,United States,50,1,0
iphone sdk,60,2,1,0,,8.00,9.00,1.00,1,,US,United States,60,1,0
what comes after beta,600,1,1,1,,1.00,19.00,18.00,1,,US,United States,600,1,1
in which phase of it is lifecycle,60,,1,,,,11.00,,1,1,IN,India,60,1,
engineering excellence metrics,60,1,1,0,,11.00,10.00,-1.00,1,,US,United States,60,1,0
dark launch vs canary release,20,2,1,0,,1.00,6.00,5.00,1,,US,United States,20,1,0
split gem,20,1,1,0,,5.00,5.00,0.00,1,,US,United States,20,1,0
software engineering process steps,20,1,1,0,,1.00,1.00,0.00,1,,IN,India,20,1,0
localhost7000,20,1,1,0,,5.00,5.00,0.00,1,,IN,India,20,1,0
which of the following is an artifact repository,50,0,1,1,,8.00,6.00,-2.00,1,,IN,India,50,1,1
sli adalah,150,1,,,,11.00,,,0,-1,ID,Indonesia,150,1,
circleci competitors,50,1,1,0,,10.00,9.00,-1.00,1,,US,United States,50,1,0
what is a developer portal,200,4,1,-2,,11.00,1.00,-10.00,1,,US,United States,200,1,-2
continuous integration tools list,70,1,,,,11.00,,,0,-2,US,United States,70,1,
continuous delivery solution,10,,1,,,,3.00,,1,1,US,United States,10,1,
stages in software development,10,1,1,0,,1.00,1.00,0.00,1,,IN,India,10,1,0
software deployment news,10,0,1,1,,4.00,3.00,-1.00,2,1,IN,India,10,1,1
program development stages,10,1,1,0,,1.00,1.00,0.00,1,,US,United States,10,1,0
harness website,10,1,1,0,,2.00,2.00,0.00,1,,AU,Australia,10,1,0
phase of software development life cycle,20,1,1,0,,1.00,1.00,0.00,1,,IN,India,20,1,0
components of sdlc,20,1,1,0,,5.00,1.00,-4.00,1,,IN,India,20,1,0
across the sdlc phases which among these activities,20,1,1,0,,4.00,4.00,0.00,1,,IN,India,20,1,0
devops alternatives,20,1,1,0,,4.00,4.00,0.00,1,,US,United States,20,1,0
drone environment variables,20,1,1,0,,4.00,4.00,0.00,1,,US,United States,20,1,0
jenkins replacement,50,2,1,0,,8.00,9.00,1.00,1,,US,United States,50,1,0
various stages of sdlc,10,1,1,0,,3.00,1.00,-2.00,2,,IN,India,10,1,0
split login,60,,1,,,,9.00,,2,2,US,United States,60,1,
what is feature flags in developer options,30,,1,,,,7.00,,1,1,US,United States,30,1,
ruby file sdk,30,2,1,0,,6.00,7.00,1.00,1,,US,United States,30,1,0
azure functions deployment,30,2,1,0,,6.00,7.00,1.00,1,,US,United States,30,1,0
testing on production,50,,1,,,,9.00,,1,1,US,United States,50,1,
redis cache size,20,,1,,,,7.00,,1,1,US,United States,20,1,
tf plan,30,2,1,0,,7.00,9.00,2.00,1,,US,United States,30,1,0
software management process,20,1,,,,7.00,,,0,-1,US,United States,20,1,
test kubernetes cluster,40,1,1,0,,8.00,8.00,0.00,1,,US,United States,40,1,0
software engineering cycle,40,1,1,0,,1.00,1.00,0.00,1,,US,United States,40,1,0
lifecycle phases,20,1,1,0,,7.00,7.00,0.00,1,,US,United States,20,1,0
sdlc agile phases,20,,1,,,,7.00,,1,1,US,United States,20,1,
blue green kubernetes,20,1,1,0,,8.00,6.00,-2.00,1,,US,United States,20,1,0
what is security testing in software testing,110,1,,,,23.50,,,0,-2,US,United States,110,1,
devops login,550,0,1,1,,42.00,22.00,-20.00,2,,NZ,New Zealand,550,1,1
g1 garbage collector,60,2,1,0,,9.00,10.00,1.00,1,,US,United States,60,1,0
scorecards,1200,6,1,-4,,11.00,26.00,15.00,3,1,IN,India,1200,1,-4
shift left security devops,150,1,1,0,,15.00,15.00,0.00,1,,US,United States,150,1,0
multivariable testing,90,7,1,-5,,6.00,12.00,6.00,1,,US,United States,90,1,-5
dev ops tool,20,1,1,0,,7.00,7.00,0.00,1,,US,United States,20,1,0
staging environment,1800,7,1,-6,,1.42,1.08,-0.34,25,6,IN,India,1800,1,-6
kubectl patch examples,40,1,1,0,,11.00,8.00,-3.00,1,,US,United States,40,1,0
settings.xml in .m2 folder,70,1,,,,12.00,,,0,-1,IN,India,70,1,
mobile ab testing,50,1,1,0,,9.00,9.00,0.00,2,,AU,Australia,50,1,0
infrastructure capacity planning,60,1,1,0,,11.00,11.00,0.00,1,,US,United States,60,1,0
container security testing,600,0,1,1,,34.00,22.00,-12.00,1,,US,United States,600,1,1
a/b split test,20,1,1,0,,5.00,5.00,0.00,1,,US,United States,20,1,0
branch based development,20,1,1,0,,5.00,5.00,0.00,1,,US,United States,20,1,0
gitleaks ignore,20,1,1,0,,5.00,5.00,0.00,1,,US,United States,20,1,0
devops conference las vegas,20,1,1,0,,5.00,5.00,0.00,1,,US,United States,20,1,0
a threat model is a structured representation,20,1,1,0,,5.00,5.00,0.00,1,,IN,India,20,1,0
k8s rollback,20,1,1,1,,8.00,5.00,-3.00,1,,US,United States,20,1,1
containerization in devops,150,2,1,-1,,15.00,1.00,-14.00,1,,IN,India,150,1,-1
define continuous deployment,80,,1,,,,12.00,,1,1,US,United States,80,1,
automating deployment,350,0,1,1,,20.00,19.00,-1.00,1,,US,United States,350,1,1
unit test mocking,30,1,1,1,,9.00,7.00,-2.00,1,,US,United States,30,1,1
release cycles,30,2,1,0,,7.00,8.00,1.00,1,,US,United States,30,1,0
what are the features of software code,30,1,1,0,,9.00,8.00,-1.00,1,,IN,India,30,1,0
circle ci cd,30,,1,,,,7.00,,1,1,US,United States,30,1,
split api,30,1,1,0,,9.00,7.00,-2.00,1,,US,United States,30,1,0
difference between quality and reliability,40,1,1,0,,9.00,9.00,0.00,1,,IN,India,40,1,0
sei in software engineering,40,1,1,0,,8.00,9.00,1.00,1,,IN,India,40,1,0
sdlc?,40,1,1,0,,9.00,9.00,0.00,1,,US,United States,40,1,0
difference between blue green and canary deployment,40,2,1,0,,8.00,9.00,1.00,1,,US,United States,40,1,0
google secret manager,600,2,1,0,,20.00,21.50,1.50,2,,IN,India,600,1,0
analysis in sdlc,30,2,1,-1,,5.50,8.00,2.50,2,,US,United States,30,1,-1
containerization,12250,1,1,0,,67.88,67.83,-0.04,12,4,SG,Singapore,12250,1,0
program life cycle,100,1,,,,11.00,,,0,-1,US,United States,100,1,
velocity experian,30,2,1,0,,7.00,8.00,1.00,1,,US,United States,30,1,0
harnesd,70,32,1,-30,,5.00,6.00,1.00,2,,US,United States,70,1,-30
what is ai and ml,1000,0,1,1,,28.00,24.00,-4.00,1,,IN,India,1000,1,1
sprint retro,200,1,1,0,,17.00,17.00,0.00,1,,US,United States,200,1,0
software scorecard,50,1,1,0,,11.00,11.00,0.00,1,,US,United States,50,1,0
it automation development company,50,2,1,0,,9.00,10.00,1.00,1,,US,United States,50,1,0
what is ab testing?,50,,1,,,,11.00,,1,1,US,United States,50,1,
software ci cd,40,1,,,,10.00,,,0,-1,US,United States,40,1,
steps of software engineering,20,1,1,0,,1.00,1.00,0.00,1,,IN,India,20,1,0
cto vs head of engineering,20,2,1,0,,1.00,7.00,6.00,1,,US,United States,20,1,0
continuous integration for mobile apps,20,1,1,0,,8.00,6.00,-2.00,1,,US,United States,20,1,0
php sdk,50,,1,,,,10.00,,1,1,US,United States,50,1,
rishi singh harness,10,,1,,,,2.00,,1,1,US,United States,10,1,
phases of the system development life cycle,10,1,1,0,,3.00,2.00,-1.00,1,,US,United States,10,1,0
deployment model,300,1,1,1,,24.50,17.00,-7.50,1,-1,IN,India,300,1,1
open source software development,60,1,1,0,,12.00,1.00,-11.00,1,,IN,India,60,1,0
stages of software implementation,10,2,1,0,,1.00,4.00,3.00,1,,US,United States,10,1,0
phases of program development,10,1,1,0,,1.00,1.00,0.00,1,,US,United States,10,1,0
poc in cloud,10,1,1,0,,5.00,4.00,-1.00,1,,US,United States,10,1,0
phases of software life cycle,10,1,1,0,,1.00,1.00,0.00,1,,IN,India,10,1,0
deployment in software testing,10,1,1,0,,4.00,4.00,0.00,1,,IN,India,10,1,0
what is ab testing,2400,2,1,-1,,27.67,28.00,0.33,3,,US,United States,2400,1,-1
kubernetes node labels,60,1,1,0,,10.00,10.00,0.00,1,,US,United States,60,1,0
what is ai ml,600,1,,,,23.00,,,0,-1,IN,India,600,1,
azure cost optimization,600,0,1,1,,38.50,22.00,-16.50,1,-1,US,United States,600,1,1
type 2 error hypothesis testing,30,,1,,,,9.00,,1,1,US,United States,30,1,
ecs image,30,,1,,,,8.00,,1,1,US,United States,30,1,
sli software,30,1,1,0,,9.00,8.00,-1.00,1,,US,United States,30,1,0
java se vs ee,70,1,1,0,,10.00,10.00,0.00,1,,US,United States,70,1,0
fortify scans,50,1,1,0,,11.00,11.00,0.00,1,,US,United States,50,1,0
software ci/cd,50,1,1,0,,11.00,11.00,0.00,1,,US,United States,50,1,0
how is infrastructure managed in devops,50,4,1,-3,,6.00,11.00,5.00,1,,IN,India,50,1,-3
protecting your privacy while testing,20,1,1,0,,8.33,7.00,-1.33,2,-1,US,United States,20,1,0
software development cycle process,30,1,1,0,,7.00,1.00,-6.00,1,,PH,Philippines,30,1,0
roll-out plan,30,,1,,,,8.00,,1,1,US,United States,30,1,
what is the analysis phase in the sdlc?,40,2,1,0,,4.00,6.00,2.00,1,,US,United States,40,1,0
que es un artefacto en software,40,1,1,0,,1.00,1.00,0.00,1,,CO,Colombia,40,1,0
statistical rigor,50,1,1,0,,10.00,10.00,0.00,1,,US,United States,50,1,0
what is sdlc life cycle,200,1,1,0,,8.50,16.00,7.50,1,-1,IN,India,200,1,0
what is a build automation tool,10,1,1,0,,3.00,3.00,0.00,1,,US,United States,10,1,0
darklaunch,10,1,1,0,,3.00,3.00,0.00,1,,US,United States,10,1,0
free harness,10,1,1,0,,3.00,3.00,0.00,1,,US,United States,10,1,0
sonarqube reporting,10,1,1,0,,3.00,3.00,0.00,1,,US,United States,10,1,0
difference between continuous delivery and continuous deployment,400,1,1,0,,23.00,20.00,-3.00,2,,IN,India,400,1,0
white box testing vs blackbox testing,60,2,1,0,,8.00,9.00,1.00,1,,US,United States,60,1,0
kubernetes service url,40,1,1,0,,8.50,8.50,0.00,2,,US,United States,40,1,0
infrastructure automation software,70,1,1,0,,12.00,12.00,0.00,1,,NZ,New Zealand,70,1,0
false discovery rate fdr,20,1,1,0,,7.00,5.00,-2.00,1,,US,United States,20,1,0
mend security check,20,1,1,0,,7.00,5.00,-2.00,1,,US,United States,20,1,0
smoke tests vs regression tests,20,1,1,0,,1.00,1.00,0.00,1,,US,United States,20,1,0
modern technology stack,20,1,1,1,,10.00,6.00,-4.00,1,,US,United States,20,1,1
environment prod,20,,1,,,,1.00,,1,1,US,United States,20,1,
rollback strategy,30,3,1,-2,,5.00,8.00,3.00,1,,US,United States,30,1,-2
continuous delivery release notes,30,1,1,0,,7.00,8.00,1.00,2,,US,United States,30,1,0
docker push to artifactory,30,,1,,,,8.00,,1,1,US,United States,30,1,
rolling update kubernetes,30,2,1,0,,10.00,9.00,-1.00,1,-1,IN,India,30,1,0
kubernetes apply,30,,1,,,,8.00,,1,1,US,United States,30,1,
change failure rate calculation,30,,1,,,,9.00,,1,1,US,United States,30,1,
what is a false discovery rate,10,1,1,0,,5.00,5.00,0.00,1,,US,United States,10,1,0
circle ci orbs,20,1,1,0,,6.00,6.00,0.00,1,,US,United States,20,1,0
gitops secrets,20,1,1,0,,6.00,6.00,0.00,1,,US,United States,20,1,0
precalculation,20,1,1,0,,7.00,7.00,0.00,1,,US,United States,20,1,0
binary artifact repository,40,1,1,0,,9.00,9.00,0.00,1,,US,United States,40,1,0
git remove secrets from history,40,1,1,0,,9.00,9.00,0.00,1,,US,United States,40,1,0
continuous delivery pipeline agile,40,1,1,0,,10.00,9.00,-1.00,1,-1,US,United States,40,1,0
artifact tools,40,1,1,0,,9.00,9.00,0.00,1,,US,United States,40,1,0
dora metrics core objective,40,1,1,0,,10.00,10.00,0.00,1,,IN,India,40,1,0
a / b testing,60,1,,,,12.00,,,0,-1,US,United States,60,1,
servicenow list view,30,1,1,0,,10.00,10.00,0.00,1,,US,United States,30,1,0
ci for mobile apps,50,1,1,0,,10.00,10.00,0.00,1,,US,United States,50,1,0
devops database tools,30,1,1,0,,7.00,7.00,0.00,1,,US,United States,30,1,0
artifact in software engineering,30,1,1,0,,10.00,1.00,-9.00,1,,IN,India,30,1,0
types of deployment strategy,30,1,1,0,,8.00,8.00,0.00,1,,US,United States,30,1,0
test mocking,30,2,1,0,,6.00,7.00,1.00,1,,US,United States,30,1,0
upload to artifactory,30,1,1,1,,10.00,7.00,-3.00,1,,US,United States,30,1,1
monolithic architecture vs microservices,50,5,1,-3,,9.00,10.67,1.67,3,-1,US,United States,50,1,-3
sprint rewards tracker,60,,1,,,,11.00,,1,1,US,United States,60,1,
nullpointerexception,2390,0,1,1,,18.40,24.33,5.93,6,1,US,United States,2390,1,1
move server to cloud,250,1,1,0,,18.00,18.00,0.00,1,,US,United States,250,1,0
supply chain software implementation,350,1,1,0,,2.00,20.00,18.00,1,,US,United States,350,1,0
how many steps are in the system development life cycle,40,2,1,-1,,1.00,1.00,0.00,1,,IN,India,40,1,-1
terraform plan options,40,1,1,0,,9.00,9.00,0.00,1,,US,United States,40,1,0
kubernetes rollback,30,2,1,0,,7.00,8.00,1.00,1,,US,United States,30,1,0
slo in cloud computing,30,2,1,0,,7.00,9.00,2.00,1,,IN,India,30,1,0
head of engineering vs cto,30,2,1,-1,,6.00,9.00,3.00,1,,US,United States,30,1,-1
twistlock container scanning,50,1,,,,10.00,,,0,-1,US,United States,50,1,
is type 1 false positive,50,0,1,1,,1.00,1.00,0.00,1,,US,United States,50,1,1
ab test,2900,1,1,0,,33.33,48.17,14.83,6,3,US,United States,2900,1,0
terraform drift detection,200,1,,,,17.00,,,0,-1,US,United States,200,1,
whats before beta,20,1,1,0,,8.00,7.00,-1.00,1,,US,United States,20,1,0
black and white box testing,200,1,1,0,,17.00,17.00,0.00,1,,IN,India,200,1,0
devops pipeline,1500,0,1,1,,33.00,31.50,-1.50,2,1,IN,India,1500,1,1
upload file to artifactory,10,1,1,0,,5.00,4.00,-1.00,1,,US,United States,10,1,0
how to calculate false positive,10,1,1,0,,5.00,5.00,0.00,1,,US,United States,10,1,0
software implementation phase,10,1,1,0,,4.00,4.00,0.00,1,,US,United States,10,1,0
turn on flag,10,1,1,0,,4.00,4.00,0.00,1,,US,United States,10,1,0
fdr meaning statistics,10,1,1,0,,5.00,1.00,-4.00,1,,US,United States,10,1,0
what is continuous integration in jenkins,20,1,1,0,,6.00,6.00,0.00,2,,IN,India,20,1,0
first step of sdlc,20,1,1,0,,6.50,7.50,1.00,2,,US,United States,20,1,0
what is ci/cd tools,70,1,1,0,,12.00,1.00,-11.00,1,,US,United States,70,1,0
java nullpointerexception,40,1,1,0,,7.00,9.00,2.00,2,1,GB,United Kingdom,40,1,0
gremlin test,20,,1,,,,7.00,,1,1,US,United States,20,1,
github codeowners syntax,50,1,1,0,,11.00,10.00,-1.00,1,,US,United States,50,1,0
project management sdlc,50,1,,,,10.00,,,0,-1,US,United States,50,1,
harness update,30,,1,,,,7.00,,1,1,US,United States,30,1,
memory hog,30,1,,,,7.00,,,0,-1,US,United States,30,1,
looker aggregate awareness,30,1,1,0,,8.00,8.00,0.00,1,,US,United States,30,1,0
what is a dast,30,1,,,,7.00,,,0,-1,US,United States,30,1,
yaml override,20,1,1,0,,5.00,5.00,0.00,1,,US,United States,20,1,0
false positive stats,20,1,1,0,,6.00,6.00,0.00,1,,US,United States,20,1,0
what is the purpose of a sprint retrospective,20,1,1,0,,1.00,6.00,5.00,1,,US,United States,20,1,0
what is the first step of the program development cycle,20,1,1,0,,8.00,6.00,-2.00,1,,US,United States,20,1,0
production based environment,20,1,1,0,,6.00,6.00,0.00,1,,US,United States,20,1,0
sdlc step,20,1,1,0,,1.00,1.00,0.00,1,,IN,India,20,1,0
blackbox vs whitebox testing,150,3,1,-2,,7.00,5.75,-1.25,4,1,US,United States,150,1,-2
lifecycle of software development,40,1,,,,10.00,,,0,-1,US,United States,40,1,
sdlc process diagram,30,2,1,-1,,6.00,8.00,2.00,1,,US,United States,30,1,-1
define sli,80,1,1,0,,1.00,1.00,0.00,1,,US,United States,80,1,0
software development artifacts,30,1,1,0,,9.00,9.00,0.00,1,,US,United States,30,1,0
process life cycle in software engineering,30,1,1,0,,1.00,1.00,0.00,1,,IN,India,30,1,0
five phases of sdlc,40,1,,,,10.00,,,0,-1,US,United States,40,1,
sdk iphone,10,1,1,0,,4.00,4.00,0.00,1,,US,United States,10,1,0
k8s template,50,,1,,,,10.00,,1,1,US,United States,50,1,
sast logo,200,,1,,,,16.00,,1,1,US,United States,200,1,
ci process,150,1,1,0,,16.00,16.00,0.00,1,,US,United States,150,1,0
public cloud deployment model,550,2,1,-1,,19.50,22.50,3.00,2,,IN,India,550,1,-1
trunk based vs branch based,10,1,1,0,,3.00,3.00,0.00,1,,US,United States,10,1,0
different phases in sdlc,10,1,1,0,,1.00,1.00,0.00,1,,IN,India,10,1,0
target group cloudformation,10,1,1,1,,5.00,2.00,-3.00,1,,US,United States,10,1,1
how to improve developer productivity,300,1,1,0,,19.00,19.00,0.00,1,,US,United States,300,1,0
what does cicd mean,50,,1,,,,11.00,,1,1,US,United States,50,1,
kubernetes jobs,850,,1,,,,33.00,,2,2,US,United States,850,1,
kubernetes label selector,40,1,1,0,,9.00,9.00,0.00,1,,US,United States,40,1,0
cloud insights servicenow,40,1,,,,9.00,,,0,-1,US,United States,40,1,
cloud management certification,40,1,,,,10.00,,,0,-1,US,United States,40,1,
deploy ecs,40,1,1,0,,9.00,9.00,0.00,1,,US,United States,40,1,0
nodejs split,40,1,1,0,,9.00,9.00,0.00,1,,US,United States,40,1,0
split testing software,350,4,1,-2,,16.00,20.00,4.00,1,,US,United States,350,1,-2
kubernetes manifest,300,3,1,-2,,15.50,19.00,3.50,1,-1,US,United States,300,1,-2
what is a type two error in statistics,60,1,,,,12.00,,,0,-1,US,United States,60,1,
aws savings plans pricing,50,1,,,,10.00,,,0,-1,US,United States,50,1,
grype scan,50,2,1,-1,,8.00,11.00,3.00,1,,US,United States,50,1,-1
dora metrics full form,360,1,1,0,,10.00,10.00,0.00,2,,IN,India,360,1,0
google sre error budget,20,1,1,0,,8.00,7.00,-1.00,1,,US,United States,20,1,0
software development testing phases,20,1,1,0,,10.00,8.00,-2.00,1,,US,United States,20,1,0
steps in software engineering,20,1,1,0,,1.00,1.00,0.00,1,,IN,India,20,1,0
testharness,20,1,1,0,,10.00,8.00,-2.00,1,,US,United States,20,1,0
client server testing,20,1,1,0,,7.00,7.00,0.00,1,,US,United States,20,1,0
sprint churn,20,2,1,-1,,1.00,1.00,0.00,1,,US,United States,20,1,-1
sdlc life cycle diagram,30,1,1,0,,8.00,8.00,0.00,1,,US,United States,30,1,0
cost governance,30,2,1,-1,,7.00,1.00,-6.00,1,,US,United States,30,1,-1
split in node js,30,1,1,0,,8.00,8.00,0.00,1,,IN,India,30,1,0
blue-green vs canary,30,1,1,0,,9.00,9.00,0.00,1,,US,United States,30,1,0
true positive rate formula,30,7,1,-6,,9.00,9.00,0.00,1,-1,US,United States,30,1,-6
unit testing and integration testing,250,1,1,0,,17.00,1.00,-16.00,1,,IN,India,250,1,0
website development life cycle,40,,1,,,,10.00,,1,1,US,United States,40,1,
software dev cycle,40,1,1,0,,9.00,10.00,1.00,1,,US,United States,40,1,0
ci cd definition,200,1,,,,17.00,,,0,-1,US,United States,200,1,
repo coding,30,1,1,0,,9.00,9.00,0.00,1,,US,United States,30,1,0
free continuous integration tools,60,1,1,0,,11.00,11.00,0.00,1,,US,United States,60,1,0
backstage api management,20,1,1,0,,7.00,6.00,-1.00,1,,US,United States,20,1,0
crud api in node js,20,0,1,1,,10.00,6.00,-4.00,1,,IN,India,20,1,1
kustomize template,20,1,1,0,,6.00,6.00,0.00,1,,US,United States,20,1,0
release life cycle,20,2,1,-1,,3.00,6.00,3.00,1,,US,United States,20,1,-1
traffic types,20,1,1,0,,7.00,7.00,0.00,1,,US,United States,20,1,0
tools for ci cd,40,,1,,,,10.00,,1,1,US,United States,40,1,
kubernetes manifest files,40,1,1,0,,10.00,10.00,0.00,1,,IN,India,40,1,0
backstage jenkins plugin,40,1,1,0,,9.00,9.00,0.00,1,,US,United States,40,1,0
sdlc full form in software engineering,200,1,1,0,,3.00,17.00,14.00,1,,IN,India,200,1,0
ci/cd tools in devops,50,,1,,,,10.00,,1,1,IN,India,50,1,
cd ci,350,0,1,1,,24.00,45.00,21.00,2,1,US,United States,350,1,1
concurrent mark sweep,20,1,1,0,,4.00,5.00,1.00,1,,US,United States,20,1,0
prisma cloud twistlock,20,0,1,1,,9.00,5.00,-4.00,1,,US,United States,20,1,1
spinnaker orca,20,2,1,-1,,3.00,5.00,2.00,1,,US,United States,20,1,-1
agile delivery methodology,180,1,1,1,,9.00,2.67,-6.33,3,2,AU,Australia,180,1,1
how many phases are there in requirement analysis,20,1,1,0,,1.00,1.00,0.00,1,,IN,India,20,1,0
sli's,10,0,1,1,,11.00,4.00,-7.00,1,,US,United States,10,1,1
bitbucket rate limiting,10,1,1,0,,4.00,4.00,0.00,1,,US,United States,10,1,0
fixed values,10,1,1,0,,1.00,1.00,0.00,1,,US,United States,10,1,0
across the sdlc phases,10,1,1,0,,4.00,4.00,0.00,1,,IN,India,10,1,0
what is feature branch,10,1,1,0,,1.00,5.00,4.00,1,,US,United States,10,1,0
what is the software development process,50,,1,,,,1.00,,1,1,US,United States,50,1,
describe sdlc,50,1,1,0,,11.00,11.00,0.00,1,,US,United States,50,1,0
helm uninstall force,30,1,1,0,,8.00,8.00,0.00,1,,US,United States,30,1,0
java ee vs java se,30,1,1,0,,9.00,9.75,0.75,4,1,IN,India,30,1,0
kubernetes rolling update deployment example,30,1,1,0,,8.00,8.00,0.00,1,,US,United States,30,1,0
what is a testing environment,30,1,1,1,,12.00,9.00,-3.00,1,,US,United States,30,1,1
split platform,30,1,1,0,,8.00,8.00,0.00,1,,US,United States,30,1,0
sequential experimentation,30,1,1,0,,8.00,8.00,0.00,1,,US,United States,30,1,0
containerized databases,30,1,1,0,,8.00,8.00,0.00,1,,US,United States,30,1,0
terraform target module,40,,1,,,,9.00,,1,1,US,United States,40,1,
twistlock scanning,40,1,1,0,,10.00,10.00,0.00,1,,US,United States,40,1,0
open source ci/cd tools,50,1,1,0,,11.00,11.00,0.00,1,,US,United States,50,1,0
different between black box and white box,50,1,,,,11.00,,,0,-1,IN,India,50,1,
gremlin software,20,1,,,,7.00,,,0,-1,GB,United Kingdom,20,1,
open source ci tools,20,1,1,0,,6.00,7.00,1.00,1,,US,United States,20,1,0
life cycle of a program,20,1,1,0,,6.00,7.00,1.00,1,,US,United States,20,1,0
pcf tanzu,20,1,1,0,,7.00,7.00,0.00,1,,US,United States,20,1,0
difference between regression testing and smoke testing,20,1,1,0,,8.00,8.00,0.00,1,,IN,India,20,1,0
5 stages of software development,20,1,1,0,,8.00,8.00,0.00,1,,US,United States,20,1,0
false negative error,20,1,1,0,,8.00,8.00,0.00,1,,US,United States,20,1,0
what is a change advisory board,20,1,1,0,,8.00,1.00,-7.00,1,,US,United States,20,1,0
kubernetes deployment rollback,20,1,1,0,,7.00,7.00,0.00,1,,US,United States,20,1,0
test harness,690,1,1,0,,10.00,11.67,1.67,3,1,FR,France,690,1,0
alpha beta ga,20,1,1,0,,8.00,7.00,-1.00,1,,US,United States,20,1,0
manifest file in kubernetes,60,1,,,,12.00,,,0,-1,IN,India,60,1,
software development flow,50,1,1,0,,10.00,11.00,1.00,1,,US,United States,50,1,0
argocd applicationset,250,,1,,,,18.00,,1,1,US,United States,250,1,
services in kubernetes,200,4,1,-3,,4.00,5.00,1.00,1,,IN,India,200,1,-3
what is pipeline in devops,650,0,1,1,,35.00,26.50,-8.50,2,1,IN,India,650,1,1
artifacts management,20,1,1,0,,8.00,8.00,0.00,1,,US,United States,20,1,0
kubernetes crd example,40,1,1,0,,11.00,10.00,-1.00,1,,US,United States,40,1,0
gotmpl to kubernetes manifest,0,1,1,0,,1.00,1.00,0.00,1,,RU,Russian Federation,0,1,0
what is an a/a test,60,1,1,0,,12.00,12.00,0.00,1,,US,United States,60,1,0
delete deployment kubernetes,40,1,,,,11.00,,,0,-1,IN,India,40,1,
software release cycles,10,2,1,-1,,4.00,1.00,-3.00,1,,US,United States,10,1,-1
type ii error occurs when,10,1,1,0,,6.00,6.00,0.00,1,,IN,India,10,1,0
service hooks,20,1,1,0,,6.00,6.00,0.00,1,,US,United States,20,1,0
k8s apply,20,1,1,0,,7.00,6.00,-1.00,1,,US,United States,20,1,0
rama bokka,20,,1,,,,6.00,,1,1,US,United States,20,1,
fossa scan,20,1,1,1,,9.00,6.00,-3.00,1,,US,United States,20,1,1
continuous integration mobile apps,20,1,1,0,,7.00,6.00,-1.00,1,,US,United States,20,1,0
connector harness,20,1,1,0,,8.00,6.00,-2.00,1,,IN,India,20,1,0
what is before beta,20,1,1,0,,8.00,7.00,-1.00,1,,US,United States,20,1,0
beta vs alpha software,20,1,1,0,,7.00,1.00,-6.00,1,,US,United States,20,1,0
sre runbook,20,1,1,0,,5.00,6.00,1.00,1,,US,United States,20,1,0
burst sms,400,1,1,0,,20.00,20.00,0.00,1,,ID,Indonesia,400,1,0
development process computer science,40,2,1,-1,,8.00,10.00,2.00,1,,US,United States,40,1,-1
mlops devops,50,,1,,,,11.00,,1,1,US,United States,50,1,
explain sdlc,390,0,1,1,,25.00,12.50,-12.50,2,1,IN,India,390,1,1
sw life cycle,30,1,1,0,,9.50,9.50,0.00,2,,US,United States,30,1,0
automation build tools,40,1,1,0,,8.00,9.00,1.00,1,,US,United States,40,1,0
is circleci open source,40,1,1,0,,10.00,10.00,0.00,1,,US,United States,40,1,0
rad model has how many phases,40,,1,,,,9.00,,1,1,IN,India,40,1,
apex sdk,40,1,1,0,,9.00,9.00,0.00,1,,US,United States,40,1,0
backstage api docs,30,1,1,0,,8.00,8.00,0.00,1,,US,United States,30,1,0
ci image,30,2,1,-1,,5.00,8.00,3.00,1,,IN,India,30,1,-1
what is the implementation phase in the sdlc,30,1,,,,9.00,,,0,-1,US,United States,30,1,
codeowners example,30,1,1,0,,8.00,9.00,1.00,1,,US,United States,30,1,0
blue-green deployment,850,1,1,0,,20.50,23.50,3.00,2,,US,United States,850,1,0
scm source code management,40,,1,,,,11.00,,1,1,US,United States,40,1,
harness io competitors,10,1,1,0,,3.00,3.00,0.00,1,,US,United States,10,1,0
continuous delivery focuses on manual delivery pipeline,30,,1,,,,9.00,,1,1,US,United States,30,1,
database deployment strategies,30,1,1,0,,9.00,9.00,0.00,1,,US,United States,30,1,0
sdlc life cycle models,150,1,1,0,,3.00,3.00,0.00,1,,IN,India,150,1,0
software development and maintenance,50,1,,,,11.00,,,0,-1,US,United States,50,1,
monoliths vs microservices,40,,1,,,,11.00,,1,1,US,United States,40,1,
push to ecr,20,1,1,0,,6.00,7.00,1.00,1,,US,United States,20,1,0
program development steps,20,1,1,0,,1.00,1.00,0.00,1,,US,United States,20,1,0
jenkins use cases,20,1,,,,7.00,,,0,-1,US,United States,20,1,
blue/green vs canary,20,1,1,0,,8.00,8.00,0.00,1,,US,United States,20,1,0
deploy azure function,20,1,1,0,,8.00,8.00,0.00,1,,US,United States,20,1,0
k8s rolling update strategy,20,1,1,0,,10.00,7.00,-3.00,1,,US,United States,20,1,0
kubernetes dry run,20,1,1,0,,6.00,7.00,1.00,1,,US,United States,20,1,0
feature branching vs trunk based development,10,1,1,0,,3.00,4.00,1.00,1,,US,United States,10,1,0
different phases of system development life cycle,10,1,1,0,,5.00,1.00,-4.00,1,,IN,India,10,1,0
helm describe deployment,10,1,1,0,,3.00,3.00,0.00,1,,US,United States,10,1,0
types of usability testing,300,3,1,-2,,16.00,1.00,-15.00,1,-1,GB,United Kingdom,300,1,-2
office deployment tool,544050,0,1,1,,57.72,54.93,-2.79,60,24,RU,Russian Federation,544050,1,1
minio object storage,200,1,1,0,,18.00,18.00,0.00,1,,US,United States,200,1,0
how to fix null pointer exception in java,30,0,1,1,,10.00,9.50,-0.50,2,1,IN,India,30,1,1
twistlock prisma,10,,1,,,,5.00,,1,1,US,United States,10,1,
azure vm continuous delivery,10,1,1,0,,5.00,5.00,0.00,1,,US,United States,10,1,0
gitops operator,10,,1,,,,5.00,,1,1,US,United States,10,1,
backstage create plugin,10,1,1,0,,5.00,5.00,0.00,1,,US,United States,10,1,0
what are the stages of sdlc,10,2,1,-1,,3.00,1.00,-2.00,1,,IN,India,10,1,-1
what is enabled by continuous delivery pipeline,10,1,1,0,,6.00,6.00,0.00,1,,US,United States,10,1,0
continous integration tools,10,1,1,1,,9.00,6.00,-3.00,1,,US,United States,10,1,1
best cloud cost management tools,100,1,,,,14.00,,,0,-1,US,United States,100,1,
open source principles,40,1,1,0,,10.50,10.50,0.00,2,,IN,India,40,1,0
circleci open source,30,,1,,,,9.00,,1,1,US,United States,30,1,
arm template azure,250,,1,,,,19.00,,1,1,IN,India,250,1,
deployment phase in sdlc,50,1,,,,12.00,,,0,-1,US,United States,50,1,
haarness,50,1,1,0,,11.00,11.00,0.00,1,,DE,Germany,50,1,0
automated deployment,800,5,1,-4,,1.00,1.00,0.00,1,,US,United States,800,1,-4
slo meaning in business,50,1,1,0,,10.00,11.00,1.00,1,,US,United States,50,1,0
cve-2022-42889,1370,0,1,1,,28.50,8.53,-19.97,15,13,IL,Israel,1370,1,1
engineering performance metrics,100,1,,,,15.00,,,0,-1,US,United States,100,1,
multi bandit,30,1,,,,8.00,,,0,-1,US,United States,30,1,
sdlc testing types,30,1,,,,9.00,,,0,-1,US,United States,30,1,
scala synchronized,30,,1,,,,8.00,,1,1,US,United States,30,1,
oss software,440,1,1,0,,15.50,14.00,-1.50,2,,IN,India,440,1,0
helm multiple values files,40,2,1,-1,,9.50,9.40,-0.10,5,1,US,United States,40,1,-1
microservices monolithic,30,1,1,0,,10.00,10.00,0.00,1,,US,United States,30,1,0
ci pipeline tools,30,1,1,0,,9.00,9.00,0.00,1,,US,United States,30,1,0
artifacts in software testing,40,1,1,0,,11.00,11.00,0.00,1,,IN,India,40,1,0
kubernetes infrastructure,10,1,1,0,,4.00,4.00,0.00,1,,RU,Russian Federation,10,1,0
what is a type 1 error,3200,0,1,1,,56.00,42.50,-13.50,2,1,US,United States,3200,1,1
hugops,120,1,1,0,,7.00,4.67,-2.33,3,,GB,United Kingdom,120,1,0
native sdk,20,1,1,0,,8.00,6.00,-2.00,1,,US,United States,20,1,0
blue/green deployment strategy,20,2,1,-1,,3.50,6.00,2.50,1,-1,US,United States,20,1,-1
ecs deployments,20,0,1,1,,10.00,6.00,-4.00,1,,US,United States,20,1,1
what are reliability services,20,,1,,,,6.00,,1,1,US,United States,20,1,
traceable security,20,1,1,0,,6.00,6.00,0.00,1,,US,United States,20,1,0
sonarqube configuration,20,,1,,,,6.00,,1,1,US,United States,20,1,
stable release,40,1,1,0,,1.00,7.00,6.00,1,,US,United States,40,1,0
key vault secrets officer,30,1,1,0,,10.00,10.00,0.00,1,,US,United States,30,1,0
performance test report,30,,1,,,,10.00,,1,1,IN,India,30,1,
what are false negatives,30,1,1,0,,8.00,10.00,2.00,1,,US,United States,30,1,0
k8s rollout,30,1,,,,9.00,,,0,-1,US,United States,30,1,
ab testing services,800,0,1,1,,26.00,24.00,-2.00,1,,US,United States,800,1,1
black box white box,20,1,1,0,,8.00,8.00,0.00,1,,US,United States,20,1,0
software development project life cycle,20,1,1,0,,1.00,1.00,0.00,1,,US,United States,20,1,0
a/b-tester,20,,1,,,,8.00,,1,1,US,United States,20,1,
ephemeral test environments,20,1,1,0,,8.00,1.00,-7.00,1,,US,United States,20,1,0
is ldap sso,20,1,1,0,,8.00,1.00,-7.00,1,,US,United States,20,1,0
pagerduty reporting,10,1,1,0,,6.00,6.00,0.00,1,,US,United States,10,1,0
smoke testing and sanity testing,940,2,1,0,,11.00,13.00,2.00,2,-1,US,United States,940,1,0
false-negative,40,1,1,0,,11.00,10.00,-1.00,1,,US,United States,40,1,0
is beta or alpha first,40,1,1,0,,11.00,11.00,0.00,1,,US,United States,40,1,0
canary deployment vs blue-green deployment,40,1,1,0,,10.00,11.00,1.00,1,,US,United States,40,1,0
docker cache from,40,,1,,,,11.00,,1,1,US,United States,40,1,
sdlc artifacts,40,2,1,-1,,7.00,10.00,3.00,1,,US,United States,40,1,-1
whats a slo,30,,1,,,,9.00,,1,1,US,United States,30,1,
what is the first step in software development life cycle,30,2,1,-1,,6.00,1.00,-5.00,1,,IN,India,30,1,-1
segment computed traits,30,1,1,0,,7.00,8.00,1.00,1,,US,United States,30,1,0
intent test,30,1,1,0,,11.00,10.00,-1.00,1,,US,United States,30,1,0
helm force uninstall,20,1,1,0,,10.00,7.00,-3.00,1,,US,United States,20,1,0
roadmap io,200,1,1,0,,17.00,17.00,0.00,1,,IN,India,200,1,0
design stage of software development,10,1,1,0,,4.00,4.00,0.00,1,,US,United States,10,1,0
build and test,30,0,1,1,,1.00,1.00,0.00,1,,US,United States,30,1,1
space metrics engineering,30,1,1,0,,10.00,9.00,-1.00,1,,US,United States,30,1,0
canary release deployment,30,2,1,-1,,10.00,9.00,-1.00,1,-1,US,United States,30,1,-1
who is cto,40,,1,,,,11.00,,1,1,US,United States,40,1,
what is the implementation phase in the sdlc?,40,1,1,0,,6.00,6.00,0.00,1,,US,United States,40,1,0
flag harness,60,1,,,,12.00,,,0,-1,US,United States,60,1,
ci cd what is,30,,1,,,,10.00,,1,1,US,United States,30,1,
blue/green deployment,400,0,1,1,,27.00,20.00,-7.00,1,,US,United States,400,1,1
database deployment tools,200,,1,,,,18.00,,1,1,US,United States,200,1,
a type ii error occurs when,60,1,1,0,,8.00,6.00,-2.00,1,,US,United States,60,1,0
terraform variable file,40,1,1,0,,8.00,9.25,1.25,4,1,FR,France,40,1,0
software deployment lifecycle,20,1,1,0,,8.00,7.00,-1.00,1,,US,United States,20,1,0
chaos cloud login,20,,1,,,,7.00,,1,1,US,United States,20,1,
sre onboarding,20,,1,,,,7.00,,1,1,US,United States,20,1,
k8s selector,20,1,1,0,,9.00,7.00,-2.00,1,,US,United States,20,1,0
build automation tools devops,20,1,1,0,,7.00,7.00,0.00,1,,US,United States,20,1,0
regression test vs smoke test,20,1,1,0,,1.00,1.00,0.00,1,,US,United States,20,1,0
redis cache size limit,30,1,1,0,,9.00,9.00,0.00,1,,US,United States,30,1,0
calculate false negative rate,20,1,,,,7.00,,,0,-1,US,United States,20,1,
cab in software development,20,1,1,0,,1.00,1.00,0.00,1,,US,United States,20,1,0
get ship done,20,1,1,0,,8.00,6.00,-2.00,1,,US,United States,20,1,0
programming development life cycle,30,1,,,,9.00,,,0,-1,IN,India,30,1,
rollout feature flag,30,,1,,,,8.00,,1,1,US,United States,30,1,
snyk code analysis,30,1,1,0,,8.00,8.00,0.00,1,,US,United States,30,1,0
v2 proxy,30,1,,,,8.00,,,0,-1,KH,Cambodia,30,1,
full software development life cycle,30,1,1,0,,9.00,9.00,0.00,1,,GB,United Kingdom,30,1,0
feature of development,30,1,1,0,,9.00,9.00,0.00,1,,IN,India,30,1,0
helm blue green deployment,30,1,1,0,,9.00,8.00,-1.00,1,,US,United States,30,1,0
jira ci,30,,1,,,,8.00,,1,1,US,United States,30,1,
devops acronym,30,1,,,,10.00,,,0,-1,US,United States,30,1,
what is type i error,40,1,,,,11.00,,,0,-1,IN,India,40,1,
what is features,350,,1,,,,20.00,,1,1,IN,India,350,1,
maintenance in sdlc,30,1,1,0,,10.50,10.00,-0.50,1,-1,IN,India,30,1,0
vivun logo,30,1,,,,9.00,,,0,-1,US,United States,30,1,
different between black box testing and white box testing,30,1,,,,10.00,,,0,-1,IN,India,30,1,
artifact computer science,20,1,1,0,,8.00,8.00,0.00,1,,US,United States,20,1,0
internal developer portals,30,1,1,0,,9.00,5.00,-4.00,1,,US,United States,30,1,0
a/b testning,50,1,,,,12.00,,,0,-1,US,United States,50,1,
artifacts in software project management,50,1,1,-1,,10.00,12.00,2.00,1,,IN,India,50,1,-1
what are slo,30,,1,,,,11.00,,1,1,US,United States,30,1,
harness engineer,30,2,1,-1,,7.00,10.00,3.00,1,,US,United States,30,1,-1
java common exceptions,30,1,,,,8.00,,,0,-1,US,United States,30,1,
gitleaks,3500,0,1,1,,8.17,7.86,-0.31,7,1,US,United States,3500,1,1
software stages,10,1,1,0,,1.00,3.00,2.00,1,,US,United States,10,1,0
false positive fraction,10,1,1,0,,1.00,1.00,0.00,1,,US,United States,10,1,0
ai devops solutions,10,1,1,0,,4.00,4.00,0.00,1,,US,United States,10,1,0
software production environment,10,1,1,0,,4.00,4.00,0.00,1,,US,United States,10,1,0
kubernetes selectors,40,1,1,0,,10.00,10.00,0.00,1,,US,United States,40,1,0
slo define,40,1,1,0,,11.00,11.00,0.00,1,,US,United States,40,1,0
arm templates azure,200,,1,,,,18.00,,1,1,IN,India,200,1,
standard reserved instances,20,1,1,0,,8.50,8.00,-0.50,2,,US,United States,20,1,0
how to fix java.lang.nullpointerexception,20,1,1,0,,7.00,6.00,-1.00,1,,US,United States,20,1,0
jenkins vs drone,10,1,1,0,,2.00,2.00,0.00,1,,US,United States,10,1,0
what is ai and machine learning,500,0,1,1,,43.00,22.00,-21.00,1,,IN,India,500,1,1
what is a rollout plan,30,2,1,-1,,6.00,10.00,4.00,1,,US,United States,30,1,-1
codeowners file example,30,1,,,,9.00,,,0,-1,US,United States,30,1,
armed bandit,30,1,,,,9.00,,,0,-1,US,United States,30,1,
forkjoinpool vs executorservice,30,,1,,,,9.00,,1,1,US,United States,30,1,
automatic rollbacks,30,2,1,-1,,6.00,10.00,4.00,1,,US,United States,30,1,-1
ci$,20,1,,,,8.00,,,0,-1,US,United States,20,1,
harnesa,30,1,,,,9.00,,,0,-1,PL,Poland,30,1,
multivariate experiments,20,1,1,0,,9.00,9.00,0.00,1,,US,United States,20,1,0
canary deployment vs blue-green,20,1,1,0,,10.00,9.00,-1.00,1,,US,United States,20,1,0
phases of software project management,20,1,1,0,,1.00,1.00,0.00,1,,IN,India,20,1,0
6 phases of sdlc,20,1,,,,8.00,,,0,-1,US,United States,20,1,
what is a ci tool,20,1,1,0,,9.00,1.00,-8.00,1,,US,United States,20,1,0
blue green strategy,20,1,1,0,,9.00,9.00,0.00,1,,US,United States,20,1,0
ecs code,40,1,1,0,,12.00,12.00,0.00,1,,US,United States,40,1,0
full form of sdlc,300,,1,,,,3.00,,1,1,IN,India,300,1,
apache commons text vulnerability,20,,1,,,,4.50,,2,2,GB,United Kingdom,20,1,
ci',300,1,1,0,,18.00,19.00,1.00,1,,US,United States,300,1,0
what is cd ci,40,,1,,,,11.00,,1,1,US,United States,40,1,
infrastructure as code advantages,40,,1,,,,11.00,,1,1,US,United States,40,1,
ab experimentation,300,0,1,1,,58.00,20.00,-38.00,1,,US,United States,300,1,1
deployment frequency,200,0,1,1,,40.00,19.00,-21.00,1,,US,United States,200,1,1
what is dind,20,1,1,0,,7.00,7.00,0.00,1,,US,United States,20,1,0
what is after beta testing,20,1,1,0,,9.00,8.00,-1.00,1,,US,United States,20,1,0
modern stack,20,,1,,,,7.00,,1,1,US,United States,20,1,
drone ci github,10,1,1,0,,6.00,5.00,-1.00,1,,US,United States,10,1,0
kubernetes progressdeadlineseconds,10,1,1,0,,5.00,5.00,0.00,1,,US,United States,10,1,0
nr filter_chain_not_found,10,1,1,0,,5.00,5.00,0.00,1,,US,United States,10,1,0
threat modeling process steps,10,1,1,0,,5.00,5.00,0.00,1,,IN,India,10,1,0
mend documentation,10,,1,,,,5.00,,1,1,US,United States,10,1,
de dind,10,1,1,0,,6.00,6.00,0.00,1,,MX,Mexico,10,1,0
alpha vs beta launch,10,1,1,0,,7.00,6.00,-1.00,1,,US,United States,10,1,0
spinnaker spel,10,1,1,0,,5.00,5.00,0.00,1,,US,United States,10,1,0
true positive rate false positive rate,10,1,1,-1,,3.00,5.00,2.00,1,,US,United States,10,1,-1
true negative formula,10,1,1,0,,1.00,1.00,0.00,1,,US,United States,10,1,0
harness prices,10,1,1,0,,5.00,5.00,0.00,1,,US,United States,10,1,0
ci/cd open source,20,1,1,0,,6.00,6.00,0.00,1,,US,United States,20,1,0
argo alternatives,20,1,1,0,,7.00,7.00,0.00,1,,US,United States,20,1,0
release candidates,20,1,1,0,,1.00,6.00,5.00,1,,US,United States,20,1,0
types of deployment strategies,20,1,,,,7.00,,,0,-1,US,United States,20,1,
artifactory builds,20,0,1,0,,9.00,6.00,-3.00,1,,US,United States,20,1,0
it development life cycle,20,1,,,,7.00,,,0,-1,US,United States,20,1,
kubernetes canary,20,1,1,0,,6.00,6.00,0.00,1,,US,United States,20,1,0
sdlc documentation,40,1,1,0,,12.00,12.00,0.00,1,,IN,India,40,1,0
express typescript,450,3,1,-2,,14.00,32.00,18.00,2,1,US,United States,450,1,-2
harness connector types,30,1,,,,10.00,,,0,-1,US,United States,30,1,
prisma twistlock,30,1,1,0,,9.00,9.00,0.00,1,,US,United States,30,1,0
terraform var file,30,1,1,0,,9.50,8.00,-1.50,2,,FR,France,30,1,0
sdlc roles,20,1,1,0,,10.00,9.00,-1.00,1,,US,United States,20,1,0
explain the phases of software development life cycle,10,1,1,0,,1.00,1.00,0.00,1,,IN,India,10,1,0
what are the phases in sdlc,10,1,1,0,,1.00,1.00,0.00,1,,IN,India,10,1,0
kubernetes labels,200,1,1,0,,19.00,19.00,0.00,1,,US,United States,200,1,0
android suite,20,1,1,0,,4.00,4.00,0.00,1,,US,United States,20,1,0
sdlc in detail,40,1,,,,12.00,,,0,-1,IN,India,40,1,
sdlc life cycle in software testing,40,2,1,-1,,9.50,11.00,1.50,1,-1,IN,India,40,1,-1
agile delivery methods,20,,1,,,,8.00,,1,1,US,United States,20,1,
trunk-based development example,20,1,,,,8.00,,,0,-1,US,United States,20,1,
error: deployment exceeded its progress deadline,20,1,1,0,,7.00,7.00,0.00,1,,US,United States,20,1,0
online code repository,20,1,1,0,,7.00,7.00,0.00,1,,US,United States,20,1,0
delivery framework,20,1,1,0,,8.00,8.00,0.00,1,,AU,Australia,20,1,0
python ndjson,20,1,1,0,,7.00,7.00,0.00,1,,US,United States,20,1,0
software artefacts,20,1,1,0,,8.00,8.00,0.00,1,,GB,United Kingdom,20,1,0
which comes first beta or alpha,10,1,1,0,,8.00,7.00,-1.00,1,,US,United States,10,1,0
artifact in computer science,20,1,1,0,,8.00,7.00,-1.00,1,,US,United States,20,1,0
artefact management,20,1,1,0,,8.00,8.00,0.00,1,,US,United States,20,1,0
type 2 error false negative,60,1,1,0,,6.00,7.00,1.00,1,,US,United States,60,1,0
benefits of continuous integration,230,1,1,0,,6.00,6.00,0.00,2,,RU,Russian Federation,230,1,0
code owners,30,1,1,0,,14.00,9.00,-5.00,1,-1,GB,United Kingdom,30,1,0
what is oss software,30,1,,,,1.00,,,0,-1,US,United States,30,1,
what is deployment model,40,,1,,,,11.00,,1,1,IN,India,40,1,
sanity and smoke,40,1,,,,11.00,,,0,-1,IN,India,40,1,
software building process,40,1,,,,1.00,,,0,-1,US,United States,40,1,
service level objective definition,40,1,,,,10.00,,,0,-1,US,United States,40,1,
dast scan,590,0,1,1,,33.00,25.50,-7.50,2,,US,United States,590,1,1
jenkins is written in which language,30,1,,,,10.00,,,0,-1,IN,India,30,1,
terraform split,150,,1,,,,17.00,,1,1,US,United States,150,1,
what is jenkins,7350,3,1,-2,,20.50,19.50,-1.00,4,2,CA,Canada,7350,1,-2
yaml example,400,,1,,,,22.00,,1,1,US,United States,400,1,
prometheus helm chart,800,0,1,1,,26.00,27.33,1.33,3,2,IN,India,800,1,1
gitlab on prem,20,1,1,0,,9.00,8.00,-1.00,1,,US,United States,20,1,0
life cycle development process,20,1,1,0,,9.00,9.00,0.00,1,,US,United States,20,1,0
what is testing environment,20,1,,,,9.00,,,0,-1,IN,India,20,1,
nishant doshi,20,1,1,0,,8.00,8.00,0.00,1,,US,United States,20,1,0
black box testing vs white box,20,,1,,,,9.00,,1,1,US,United States,20,1,
software developement life cycle,50,1,1,0,,1.00,12.00,11.00,1,,US,United States,50,1,0
cloud deployment models,6500,1,1,0,,19.00,26.67,7.67,3,,US,United States,6500,1,0
terraform force delete,10,1,1,0,,5.00,5.00,0.00,1,,US,United States,10,1,0
sso and ldap,10,1,1,0,,4.00,5.00,1.00,1,,US,United States,10,1,0
what is sldc,70,,1,,,,14.00,,1,1,US,United States,70,1,
difference between reliability and quality,10,1,1,0,,6.00,1.00,-5.00,1,,IN,India,10,1,0
cd cloud,10,1,1,0,,8.00,6.00,-2.00,1,,US,United States,10,1,0
release managment,10,0,1,1,,13.00,7.00,-6.00,1,,US,United States,10,1,1
kubernetes canary deployment example,10,1,1,0,,7.00,6.00,-1.00,1,,US,United States,10,1,0
fortify scanner,30,1,1,0,,12.00,11.00,-1.00,1,,IN,India,30,1,0
roll out plan,30,1,1,0,,11.00,11.00,0.00,1,,IN,India,30,1,0
apm logging,30,0,1,0,,11.00,10.00,-1.00,2,1,GB,United Kingdom,30,1,0
install serverless,30,,1,,,,10.00,,1,1,US,United States,30,1,
suite test,20,,1,,,,9.00,,1,1,US,United States,20,1,
disadvantages of white box testing,40,,1,,,,12.00,,1,1,IN,India,40,1,
end 2 end testing,40,1,,,,12.00,,,0,-1,US,United States,40,1,
trunk branch,40,1,1,-1,,9.00,11.00,2.00,1,,US,United States,40,1,-1
build and push docker image,10,1,1,0,,6.00,5.00,-1.00,1,,US,United States,10,1,0
stephen atwell,10,1,1,0,,6.00,5.00,-1.00,1,,US,United States,10,1,0
kubernetes values.yaml,10,1,1,0,,5.00,5.00,0.00,1,,US,United States,10,1,0
vault missing client token,10,0,1,1,,10.00,5.00,-5.00,1,,US,United States,10,1,1
release candidate vs release,10,1,1,0,,4.00,1.00,-3.00,1,,US,United States,10,1,0
true negative,250,1,1,0,,19.00,19.00,0.00,1,,IN,India,250,1,0
agile delivery,520,0,1,0,,11.00,1.00,-10.00,4,2,US,United States,520,1,0
tas tanzu,20,1,1,0,,7.00,7.00,0.00,1,,US,United States,20,1,0
ccm architecture,20,,1,,,,7.00,,1,1,US,United States,20,1,
google cuds,20,1,,,,7.00,,,0,-1,US,United States,20,1,
helm deployments,20,1,1,0,,7.00,7.00,0.00,1,,US,United States,20,1,0
implementation lifecycle,20,1,1,0,,7.00,8.00,1.00,1,,US,United States,20,1,0
azure cost management,1150,9,1,-8,,15.50,16.50,1.00,2,,GB,United Kingdom,1150,1,-8
scim microsoft,30,,1,,,,10.00,,1,1,US,United States,30,1,
what does sdlc mean in project management,20,1,,,,10.00,,,0,-1,US,United States,20,1,
jules vs jenkins,20,,1,,,,9.00,,1,1,US,United States,20,1,
spinnaker helm,30,1,1,0,,10.00,10.00,0.00,1,,US,United States,30,1,0
what is the first step in the software development lifecycle,30,,1,,,,1.00,,1,1,IN,India,30,1,
ab deployment,30,1,,,,10.00,,,0,-1,US,United States,30,1,
sdlc procedures,10,1,1,0,,1.00,6.00,5.00,1,,US,United States,10,1,0
continuous deployment vs continuous delivery,250,1,1,0,,20.00,20.00,0.00,1,,US,United States,250,1,0
ephemeral testing,10,1,1,0,,7.00,7.00,0.00,1,,US,United States,10,1,0
sdk ios,20,2,1,-1,,5.00,8.00,3.00,1,,US,United States,20,1,-1
what is cab in software development,20,1,1,0,,8.00,8.00,0.00,1,,US,United States,20,1,0
kubectl dry-run,20,1,1,0,,8.00,8.00,0.00,1,,US,United States,20,1,0
terraform backend variables,20,1,1,0,,7.00,8.00,1.00,1,,US,United States,20,1,0
ecs running,20,,1,,,,9.00,,1,1,US,United States,20,1,
pci compliance software development,20,1,,,,8.00,,,0,-1,US,United States,20,1,
ecs task timeout,20,1,1,0,,8.00,8.00,0.00,1,,US,United States,20,1,0
what is mock,150,1,,,,9.00,,,0,-1,US,United States,150,1,
software engineering life cycle,330,1,1,0,,1.00,1.00,0.00,3,1,GB,United Kingdom,330,1,0
new software releases,30,1,1,0,,9.00,9.00,0.00,1,,US,United States,30,1,0
resilience testing tools,30,1,1,0,,10.00,10.00,0.00,1,,US,United States,30,1,0
fin summit,150,1,,,,16.00,,,0,-1,US,United States,150,1,
what is sbom,750,2,1,-1,,1.00,1.00,0.00,2,1,US,United States,750,1,-1
github branch strategy,20,1,1,0,,9.00,8.00,-1.00,1,,US,United States,20,1,0
ldap vs sso,40,5,1,-4,,9.67,12.00,2.33,1,-2,US,United States,40,1,-4
nexus scan,30,1,1,0,,10.00,10.00,0.00,1,,IN,India,30,1,0
incident management team structure,30,1,,,,10.00,,,0,-1,US,United States,30,1,
kubernetes deployment selector,10,1,1,0,,6.00,6.00,0.00,1,,US,United States,10,1,0
code level,20,1,1,0,,8.00,8.00,0.00,1,,US,United States,20,1,0
continuous integration test,20,,1,,,,8.00,,1,1,GB,United Kingdom,20,1,
azure arm templates,150,0,1,0,,18.00,17.00,-1.00,1,,US,United States,150,1,0
circle ci orb,10,1,,,,6.00,,,0,-1,US,United States,10,1,
5 steps of software development,10,1,,,,7.00,,,0,-1,US,United States,10,1,
guardrails in business,10,1,1,0,,1.00,1.00,0.00,1,,US,United States,10,1,0
basic sdlc,10,1,1,0,,6.00,6.00,0.00,1,,US,United States,10,1,0
requirement phase in sdlc,10,1,1,0,,5.00,7.00,2.00,1,,IN,India,10,1,0
ci cd process and tools,30,1,,,,10.00,,,0,-1,US,United States,30,1,
meaning of slo,20,1,1,0,,7.00,8.00,1.00,1,,US,United States,20,1,0
appsec testing,250,0,1,1,,26.00,1.00,-25.00,1,,US,United States,250,1,1
aws ecr latency,30,0,1,0,,11.00,9.00,-2.00,1,,US,United States,30,1,0
what is an it stack,20,1,,,,10.00,,,0,-1,US,United States,20,1,
test phases,30,1,,,,10.00,,,0,-1,US,United States,30,1,
type ii statistical error,30,1,,,,10.00,,,0,-1,US,United States,30,1,
what is a browser session,30,,1,,,,10.00,,1,1,US,United States,30,1,
pipeline creation,30,1,1,0,,10.00,10.00,0.00,1,,IN,India,30,1,0
split it sign up,30,,1,,,,9.00,,1,1,US,United States,30,1,
ndjson python,20,1,1,0,,6.00,7.00,1.00,1,,US,United States,20,1,0
approval flows,20,,1,,,,7.00,,1,1,US,United States,20,1,
arm resources,20,1,1,0,,7.00,7.00,0.00,1,,US,United States,20,1,0
beta vs alpha version,20,1,1,0,,8.00,8.00,0.00,1,,US,United States,20,1,0
terraform plan target module,20,,1,,,,7.00,,1,1,US,United States,20,1,
backstage openapi,30,1,,,,9.00,,,0,-1,US,United States,30,1,
supply chain management in software engineering,20,1,1,0,,10.00,9.00,-1.00,1,,US,United States,20,1,0
ecs deployment strategy,20,0,1,0,,11.00,8.00,-3.00,1,,US,United States,20,1,0
multi-armed bandit problem,20,0,1,0,,1.00,9.00,8.00,1,,IN,India,20,1,0
harness usa,20,1,1,0,,7.00,8.00,1.00,1,,NZ,New Zealand,20,1,0
scm tools in devops,20,1,1,-1,,9.00,8.00,-1.00,1,-1,IN,India,20,1,-1
snyk code scan,20,1,1,0,,8.00,8.00,0.00,1,,US,United States,20,1,0
software composition analysis sca,300,1,1,0,,21.00,21.00,0.00,1,,US,United States,300,1,0
checkmarx one,250,11,1,-10,,8.50,19.00,10.50,1,-1,US,United States,250,1,-10
dora metrics devops,450,0,1,1,,35.00,23.00,-12.00,1,,US,United States,450,1,1
dev environment in the cloud,30,1,1,0,,9.00,11.00,2.00,1,,US,United States,30,1,0
rollback deployment,30,0,1,1,,1.00,10.00,9.00,1,,US,United States,30,1,1
which of the following threat models integrated with devops easily,30,,1,,,,10.00,,1,1,IN,India,30,1,
continuous integration and testing,30,1,1,0,,10.00,10.00,0.00,1,,IN,India,30,1,0
kubernetes manifest file example,30,1,1,0,,9.00,11.00,2.00,1,,IN,India,30,1,0
git workflow,2170,1,1,0,,21.40,24.17,2.77,6,1,BR,Brazil,2170,1,0
what are mock tests,200,,1,,,,19.00,,1,1,IN,India,200,1,
sdlc first step,10,1,1,0,,6.00,6.00,0.00,1,,US,United States,10,1,0
software design phase,10,1,1,0,,1.00,1.00,0.00,1,,US,United States,10,1,0
phased life cycle model,10,1,1,0,,5.00,4.00,-1.00,1,,IN,India,10,1,0
connect to cloud provier,10,,1,,,,4.00,,1,1,RU,Russian Federation,10,1,
spinnaker clouddriver,10,1,1,0,,5.00,4.00,-1.00,1,,US,United States,10,1,0
in hypothesis testing a type 2 error occurs when,10,1,1,0,,4.00,5.00,1.00,1,,IN,India,10,1,0
what is a feature,600,1,,,,16.00,,,0,-1,US,United States,600,1,
sei hub,30,1,1,0,,10.00,10.00,0.00,1,,IN,India,30,1,0
helm values override,10,1,1,0,,8.00,8.00,0.00,1,,US,United States,10,1,0
harners,10,1,1,0,,7.00,7.00,0.00,1,,BR,Brazil,10,1,0
what is a .sql file,40,1,1,0,,12.00,12.00,0.00,1,,US,United States,40,1,0
what is smoke and sanity testing,150,1,1,-1,,16.00,19.00,3.00,1,,IN,India,150,1,-1
the continuous deployment must be followed to practice continuous delivery.,30,1,,,,7.00,,,0,-1,IN,India,30,1,
retrospective purpose,20,1,1,0,,10.00,10.00,0.00,1,,US,United States,20,1,0
ci tools list,20,1,1,-1,,7.00,10.00,3.00,1,,IN,India,20,1,-1
ci/cd implementation,20,,1,,,,10.00,,1,1,IN,India,20,1,
change approval board,20,3,1,-2,,10.67,10.00,-0.67,1,-2,US,United States,20,1,-2
discovery rate,20,1,1,0,,9.00,9.00,0.00,1,,IN,India,20,1,0
cloud ci/cd,20,,1,,,,8.00,,1,1,US,United States,20,1,
ab testing mobile,30,1,,,,10.00,,,0,-1,US,United States,30,1,
the first step in threat modelling is to,30,1,1,0,,8.00,10.00,2.00,1,,IN,India,30,1,0
software development life cycle concepts,30,,1,,,,11.00,,1,1,IN,India,30,1,
argo ci cd,150,1,,,,17.00,,,0,-1,US,United States,150,1,
deployment model of cloud computing,500,,1,,,,11.00,,2,2,IN,India,500,1,
which phase is mute phase in sdlc model,20,0,1,0,,9.00,8.00,-1.00,1,,IN,India,20,1,0
unit testing mocking,30,1,1,-1,,7.00,10.00,3.00,1,,US,United States,30,1,-1
sdlc schedule,10,1,1,0,,2.00,2.00,0.00,1,,US,United States,10,1,0
phase life cycle model in software engineering,10,1,1,0,,2.00,1.00,-1.00,1,,IN,India,10,1,0
angular spring boot crud,10,0,1,1,,8.00,2.00,-6.00,1,,IN,India,10,1,1
page loading,600,,1,,,,22.00,,1,1,US,United States,600,1,
label and selector in kubernetes,20,1,1,0,,8.00,8.00,0.00,1,,IN,India,20,1,0
opposite of monolithic architecture,20,1,1,0,,9.00,9.00,0.00,1,,US,United States,20,1,0
difference between smoke testing and regression testing,20,1,1,0,,1.00,1.00,0.00,1,,US,United States,20,1,0
mock unit test,20,,1,,,,8.00,,1,1,US,United States,20,1,
type ll error,20,1,,,,8.00,,,0,-1,US,United States,20,1,
api keys,1600,,1,,,,29.50,,2,2,IN,India,1600,1,
terraform iam role,20,0,1,1,,34.00,7.00,-27.00,1,,US,United States,20,1,1
expand sdlc,20,1,1,0,,8.00,8.00,0.00,1,,IN,India,20,1,0
a/b tester,20,,1,,,,8.00,,1,1,US,United States,20,1,
advantages of black box testing,20,2,1,-1,,8.50,7.00,-1.50,1,-1,US,United States,20,1,-1
"sdlc,",20,1,1,0,,9.00,7.00,-2.00,1,,US,United States,20,1,0
what are the 7 phases of sdlc draw diagram,20,1,1,0,,7.00,7.00,0.00,1,,IN,India,20,1,0
developer life cycle,20,1,1,0,,6.00,7.00,1.00,1,,IN,India,20,1,0
is git a devops tool,10,0,1,0,,8.00,6.00,-2.00,1,,US,United States,10,1,0
artifactory upload,10,0,1,0,,8.00,6.00,-2.00,1,,US,United States,10,1,0
false positive rate machine learning,10,1,1,0,,1.00,6.00,5.00,1,,US,United States,10,1,0
aws asg,10,1,,,,6.00,,,0,-1,NL,Netherlands,10,1,
code lifecycle,10,1,1,0,,6.00,6.00,0.00,1,,US,United States,10,1,0
infrastructure as code testing,10,1,1,0,,6.00,6.00,0.00,1,,US,United States,10,1,0
fdr stats,10,1,1,0,,6.00,1.00,-5.00,1,,US,United States,10,1,0
alpha version of software,10,1,1,0,,5.00,1.00,-4.00,1,,US,United States,10,1,0
feature flag platform,70,,1,,,,14.00,,1,1,US,United States,70,1,
what is a mock,200,0,1,0,,23.00,2.00,-21.00,1,,US,United States,200,1,0
mocking unit test,30,0,1,0,,11.00,9.00,-2.00,1,,US,United States,30,1,0
launch phases,30,1,1,0,,9.00,9.00,0.00,1,,US,United States,30,1,0
helm rollback example,20,1,1,0,,8.00,8.00,0.00,1,,US,United States,20,1,0
devops meaning,12800,0,1,0,,43.67,33.50,-10.17,8,2,MY,Malaysia,12800,1,0
can you developer productivity,10,1,1,0,,5.00,6.50,1.50,2,1,US,United States,10,1,0
harness layoffs,30,1,1,0,,11.00,10.00,-1.00,1,,US,United States,30,1,0
tp rate,30,1,1,0,,11.00,11.00,0.00,1,,US,United States,30,1,0
what is blue/green deployment,70,1,,,,15.00,,,0,-1,US,United States,70,1,
kubernetes rolling update deployment,30,1,1,0,,11.00,10.00,-1.00,1,,US,United States,30,1,0
oci console,2400,,1,,,,30.00,,2,2,US,United States,2400,1,
kubectl apply,200,1,1,0,,20.00,20.00,0.00,1,,US,United States,200,1,0
oauth sso,40,1,,,,12.00,,,0,-1,IN,India,40,1,
devops event,40,,1,,,,11.00,,1,1,US,United States,40,1,
service now runbook automation,10,0,1,0,,9.00,8.00,-1.00,2,,US,United States,10,1,0
what is observability in software,350,1,1,0,,22.00,22.00,0.00,1,,US,United States,350,1,0
what increases type 2 error,20,,1,,,,10.00,,1,1,US,United States,20,1,
software release strategy,20,1,1,0,,9.00,9.00,0.00,1,,US,United States,20,1,0
cdk deployment,20,,1,,,,10.00,,1,1,US,United States,20,1,
servicenow connect,20,,1,,,,9.00,,1,1,US,United States,20,1,
high false positive rate,20,1,,,,8.00,,,0,-1,US,United States,20,1,
what are the phases in software development life cycle,10,1,1,0,,1.00,1.00,0.00,1,,IN,India,10,1,0
development phase of sdlc,10,2,1,-1,,1.00,1.00,0.00,1,,US,United States,10,1,-1
difference between sanity and smoke testing,370,1,1,0,,9.33,11.00,1.67,3,,GB,United Kingdom,370,1,0
rage clicks,390,,1,,,,12.00,,2,2,US,United States,390,1,
reallocate,1300,1,,,,19.00,,,0,-1,US,United States,1300,1,
what comes first alpha or beta,50,1,1,0,,5.00,8.00,3.00,1,,US,United States,50,1,0
ternary expression,150,3,1,-2,,7.00,9.00,2.00,1,,US,United States,150,1,-2
attach acr to aks,20,0,1,0,,11.00,8.00,-3.00,1,,US,United States,20,1,0
ecs rolling deployment,20,1,1,0,,8.00,8.00,0.00,1,,US,United States,20,1,0
software development life cycle standards,20,1,1,0,,8.00,1.00,-7.00,1,,US,United States,20,1,0
github actions free,20,4,1,-4,,11.00,8.00,-3.00,1,,US,United States,20,1,-4
sdlc roles and responsibilities,20,,1,,,,9.00,,1,1,US,United States,20,1,
redis cache expiration,20,1,1,0,,8.00,8.00,0.00,1,,US,United States,20,1,0
client server application testing,20,,1,,,,8.00,,1,1,US,United States,20,1,
smoke test vs integration test,20,1,1,0,,9.00,9.00,0.00,1,,US,United States,20,1,0
product release cycle,20,1,1,0,,7.00,9.00,2.00,1,,US,United States,20,1,0
kubernetes delete all resources in namespace,30,,1,,,,11.00,,1,1,US,United States,30,1,
sdlc meaning in computer,30,1,,,,11.00,,,0,-1,US,United States,30,1,
oss full form in software,30,1,1,0,,11.00,11.00,0.00,1,,IN,India,30,1,0
version control best practices,100,0,1,0,,6.00,1.00,-5.00,1,,US,United States,100,1,0
gcp cloud run,300,,1,,,,21.00,,1,1,IN,India,300,1,
code hygiene,40,1,1,0,,10.00,12.00,2.00,1,,US,United States,40,1,0
blue green approach,20,1,1,0,,8.00,10.00,2.00,1,,US,United States,20,1,0
http probe,20,1,1,0,,8.00,9.00,1.00,1,,US,United States,20,1,0
what is a platform engineer,400,0,1,1,,43.00,1.00,-42.00,1,,US,United States,400,1,1
stages of sdlc life cycle,10,1,1,0,,1.00,6.00,5.00,1,,IN,India,10,1,0
software access catalog,10,,1,,,,5.00,,1,1,IN,India,10,1,
alpha beta version,10,1,1,0,,5.00,5.00,0.00,1,,US,United States,10,1,0
main branch meaning,10,1,1,0,,1.00,1.00,0.00,1,,IN,India,10,1,0
multivariates testing,10,1,1,0,,7.00,6.00,-1.00,1,,US,United States,10,1,0
abn test results,10,1,1,0,,6.00,6.00,0.00,1,,US,United States,10,1,0
git code owners,10,1,1,0,,8.00,7.00,-1.00,1,,US,United States,10,1,0
k8s service url,10,1,1,0,,8.00,7.00,-1.00,1,,US,United States,10,1,0
ecs run-task,10,1,,,,7.00,,,0,-1,US,United States,10,1,
trigger test,10,1,1,0,,7.00,8.00,1.00,1,,IN,India,10,1,0
kubernetes service manifest,10,1,1,0,,7.00,7.00,0.00,1,,US,United States,10,1,0
ci system,110,0,1,1,,1.00,4.00,3.00,2,1,US,United States,110,1,1
optimizing cloud costs,200,1,,,,20.00,,,0,-1,US,United States,200,1,
automation deployment,350,1,1,0,,23.00,23.00,0.00,1,,US,United States,350,1,0
sms burst,230,,1,,,,35.50,,2,2,IN,India,230,1,
burpsuite enterprise,30,1,,,,10.00,,,0,-1,US,United States,30,1,
gcp secret manager,550,1,1,0,,22.00,25.00,3.00,2,,IN,India,550,1,0
kubernetes service,2040,0,1,1,,3.00,18.33,15.33,6,3,IN,India,2040,1,1
infrastructure provisioning can be done with,10,1,1,0,,6.00,6.00,0.00,1,,IN,India,10,1,0
amazon savings plan,10,1,1,0,,7.00,6.00,-1.00,1,,US,United States,10,1,0
gremlin tool for chaos engineering,10,1,1,0,,7.00,6.00,-1.00,1,,US,United States,10,1,0
tanzu tas,10,0,1,0,,8.00,6.00,-2.00,1,,US,United States,10,1,0
features of software code,10,0,1,0,,11.00,7.00,-4.00,1,,IN,India,10,1,0
install local helm chart,10,1,1,0,,5.00,7.00,2.00,1,,US,United States,10,1,0
jenkins (software),1200,4,1,-3,,15.00,23.00,8.00,1,,IN,India,1200,1,-3
parallel stream vs executorservice,10,1,1,0,,3.00,4.00,1.00,1,,US,United States,10,1,0
explain the different phases of sdlc,10,1,1,0,,1.00,1.00,0.00,1,,IN,India,10,1,0
output variable,50,1,1,0,,6.00,8.00,2.00,1,,US,United States,50,1,0
split status,20,,1,,,,8.00,,1,1,US,United States,20,1,
k8s label selector,20,1,1,0,,9.00,8.00,-1.00,1,,US,United States,20,1,0
targetmemoryutilizationpercentage,20,1,,,,8.00,,,0,-1,US,United States,20,1,
what is .sql file,20,1,1,0,,10.00,8.00,-2.00,1,,US,United States,20,1,0
goland remote development,20,1,1,0,,8.00,8.00,0.00,1,,US,United States,20,1,0
k8s rolling update,20,1,1,0,,8.00,8.00,0.00,1,,RU,Russian Federation,20,1,0
quantum metric documentation,20,1,1,0,,9.00,9.00,0.00,1,,US,United States,20,1,0
multivariate test,20,1,1,0,,9.00,9.00,0.00,1,,IN,India,20,1,0
a/b tested,30,,1,,,,11.00,,1,1,US,United States,30,1,
javascript crud operations,30,1,,,,12.00,,,0,-1,IN,India,30,1,
software development life-cycle,30,1,1,0,,11.00,11.00,0.00,1,,US,United States,30,1,0
harness systems,30,1,1,-1,,8.00,11.00,3.00,1,,US,United States,30,1,-1
continuous delivery microservices,10,1,1,0,,8.00,6.00,-2.00,1,-1,US,United States,10,1,0
what is a stage environment,20,1,,,,9.00,,,0,-1,US,United States,20,1,
ecs canary deployment,20,,1,,,,9.00,,1,1,US,United States,20,1,
kustomize environment variables,20,1,1,0,,9.00,9.00,0.00,1,,US,United States,20,1,0
pr reviews,10,,1,,,,9.00,,1,1,IN,India,10,1,
push docker image to artifactory,20,1,1,0,,8.00,8.00,0.00,1,,US,United States,20,1,0
devops vs sre,570,1,1,0,,15.67,16.33,0.67,3,,IN,India,570,1,0
parallel gc,40,1,1,0,,9.00,11.00,2.00,1,,US,United States,40,1,0
software maintenance is a phase in the process.,30,,1,,,,10.00,,1,1,US,United States,30,1,
what is an slo,500,,1,,,,14.00,,1,1,US,United States,500,1,
what is terraform in devops,30,1,,,,11.00,,,0,-1,US,United States,30,1,
infrastructure as a code in devops,30,1,1,0,,10.00,10.00,0.00,1,,IN,India,30,1,0
pipeline template,30,1,,,,10.00,,,0,-1,GB,United Kingdom,30,1,
rbac full form,2800,1,1,0,,32.00,32.00,0.00,1,,IN,India,2800,1,0
kubernetes template,60,,1,,,,15.00,,1,1,US,United States,60,1,
agile delivery management,10,1,1,0,,8.00,7.00,-1.00,1,,US,United States,10,1,0
waterfall sdlc phases,20,1,1,0,,1.00,9.00,8.00,1,,US,United States,20,1,0
gcp secret manager roles,30,1,1,0,,11.00,11.00,0.00,1,,US,United States,30,1,0
continuous delivery,3090,1,1,0,,31.40,27.83,-3.57,6,1,IN,India,3090,1,0
devops pipeline tools,250,0,1,1,,47.00,21.00,-26.00,1,,US,United States,250,1,1
savings plans,2400,2,1,-2,,35.50,48.40,12.90,5,3,US,United States,2400,1,-2
git flow branching,10,,1,,,,7.00,,1,1,US,United States,10,1,
resilience testing definition,20,,1,,,,10.00,,1,1,US,United States,20,1,
java lang nullpointerexception,30,,1,,,,10.00,,1,1,GB,United Kingdom,30,1,
what are github actions,350,1,1,0,,23.00,23.00,0.00,1,,US,United States,350,1,0
developer io,10,1,1,0,,6.00,7.00,1.00,1,,US,United States,10,1,0
multi cloud cost management,10,0,1,0,,9.00,7.00,-2.00,1,,RU,Russian Federation,10,1,0
linux deployment,10,1,1,0,,5.00,7.00,2.00,1,,US,United States,10,1,0
is alpha before beta,70,,1,,,,10.00,,1,1,US,United States,70,1,
a long software release cycle is,20,1,,,,11.00,,,0,-1,US,United States,20,1,
open source software distribution,20,1,,,,10.00,,,0,-1,US,United States,20,1,
manual intervention meaning,350,0,1,0,,28.00,23.00,-5.00,1,,IN,India,350,1,0
azure connector,20,,1,,,,1.00,,1,1,IN,India,20,1,
aks acr,20,1,1,0,,9.00,9.00,0.00,1,,US,United States,20,1,0
github gitflow,20,1,1,0,,8.00,9.00,1.00,1,,US,United States,20,1,0
full lifecycle development,20,1,,,,10.00,,,0,-1,US,United States,20,1,
enterprise delivery framework,20,1,1,0,,10.00,10.00,0.00,1,,CA,Canada,20,1,0
software deployment open source,20,1,1,0,,9.50,9.00,-0.50,1,-1,US,United States,20,1,0
service environment,20,1,,,,9.00,,,0,-1,US,United States,20,1,
semgrep tutorial,20,1,,,,9.00,,,0,-1,US,United States,20,1,
infrastructure as code benefits,20,1,1,0,,9.00,9.00,0.00,1,,IN,India,20,1,0
compare white and black box testing,20,,1,,,,10.00,,1,1,IN,India,20,1,
smoke testing sanity testing,20,,1,,,,9.00,,1,1,IN,India,20,1,
what is service level objective,20,1,,,,9.00,,,0,-1,IN,India,20,1,
workflow inputs,20,,1,,,,8.00,,1,1,US,United States,20,1,
rolling update kubernetes deployment,20,1,,,,8.00,,,0,-1,US,United States,20,1,
dora setup,20,,1,,,,8.00,,1,1,US,United States,20,1,
what is a software version,20,1,1,0,,8.00,8.00,0.00,1,,US,United States,20,1,0
chaos engineering gremlin,20,1,1,0,,8.00,8.00,0.00,1,,US,United States,20,1,0
docker layer cache,20,0,1,0,,9.00,8.00,-1.00,1,,US,United States,20,1,0
automated build server,30,1,,,,10.00,,,0,-1,US,United States,30,1,
proxy v2,30,,1,,,,10.00,,1,1,KH,Cambodia,30,1,
monolithic architecture vs microservices architecture,450,,1,,,,1.00,,2,2,IN,India,450,1,
production it,30,,1,,,,1.00,,1,1,US,United States,30,1,
whats the ci,20,1,1,0,,9.00,9.00,0.00,1,,US,United States,20,1,0
full form of devops,200,1,,,,20.00,,,0,-1,IN,India,200,1,
kubernetes blue green,20,,1,,,,9.00,,1,1,US,United States,20,1,
spring boot feature toggle,20,1,1,0,,9.00,9.00,0.00,1,,US,United States,20,1,0
life cycle of a software product,20,2,1,-1,,5.00,10.00,5.00,1,,US,United States,20,1,-1
java se vs java ee,30,1,1,0,,9.50,9.50,0.00,2,,IN,India,30,1,0
planning in software development life cycle,10,1,1,0,,6.00,6.00,0.00,1,,IN,India,10,1,0
computed traits segment,10,1,1,0,,5.00,5.00,0.00,1,,US,United States,10,1,0
swallowedexception,10,1,1,0,,5.00,5.00,0.00,1,,US,United States,10,1,0
servicenow import set table,10,0,1,0,,8.00,5.00,-3.00,1,,US,United States,10,1,0
pagerduty reports,10,1,1,0,,6.00,6.00,0.00,1,,US,United States,10,1,0
nexus 3 supports docker format,10,,1,,,,6.00,,1,1,IN,India,10,1,
platform team responsibilities,30,1,1,0,,11.00,11.00,0.00,1,,US,United States,30,1,0
what are the 5 stages of sdlc,30,1,1,0,,9.00,11.00,2.00,1,,US,United States,30,1,0
what is sdlc,7430,0,1,1,,11.50,8.22,-3.28,9,5,US,United States,7430,1,1
does beta or alpha come first,20,0,1,0,,1.00,11.00,10.00,1,,US,United States,20,1,0
beta version of software,20,0,1,1,,1.00,11.00,10.00,1,,US,United States,20,1,1
6 phases of software development life cycle,20,1,1,0,,10.00,11.00,1.00,1,,US,United States,20,1,0
threat modelling can be applied to,20,1,1,0,,10.00,11.00,1.00,1,,IN,India,20,1,0
intro to ai and machine learning,20,1,1,0,,10.00,10.00,0.00,1,,US,United States,20,1,0
terragrunt apply,20,1,1,0,,11.00,11.00,0.00,1,,US,United States,20,1,0
software cycle development,20,1,1,0,,1.00,1.00,0.00,1,,US,United States,20,1,0
sdlc architecture,20,1,,,,10.00,,,0,-1,US,United States,20,1,
trivy aqua,20,1,1,0,,10.00,10.00,0.00,1,,US,United States,20,1,0
k8s rollback deployment,20,1,1,0,,10.00,10.00,0.00,1,,US,United States,20,1,0
rolling update deployment strategy,20,1,,,,10.00,,,0,-1,IN,India,20,1,
microservice vs monolithic,20,,1,,,,11.00,,1,1,US,United States,20,1,
mean time to repair,800,0,1,1,,26.00,24.00,-2.00,2,1,IN,India,800,1,1
devops and machine learning,90,1,,,,17.00,,,0,-1,US,United States,90,1,
which is part of the development stage in sdlc,10,1,1,0,,3.00,3.00,0.00,1,,IN,India,10,1,0
release in software testing,0,1,,,,1.00,,,0,-1,IN,India,0,1,
engineering team,600,1,1,0,,21.00,23.00,2.00,2,1,IN,India,600,1,0
what is a type i error in hypothesis testing,20,1,1,0,,10.00,10.00,0.00,1,,IN,India,20,1,0
k8s patch,20,1,1,0,,7.00,10.00,3.00,1,,US,United States,20,1,0
bandit scan,20,1,1,0,,9.00,9.00,0.00,1,,US,United States,20,1,0
tools for ci/cd,20,,1,,,,9.00,,1,1,US,United States,20,1,
pipeline variables,20,1,1,0,,9.00,9.00,0.00,1,,US,United States,20,1,0
vault secret manager,20,1,1,0,,9.00,9.00,0.00,1,,US,United States,20,1,0
cicd security,200,1,1,0,,19.00,19.00,0.00,1,,US,United States,200,1,0
feature flags management,50,,1,,1,,1.00,,1,1,US,United States,50,1,
7 phases of a project,10,0,1,0,,9.00,8.00,-1.00,1,,US,United States,10,1,0
spinnaker helm chart,10,0,1,0,,8.00,7.00,-1.00,1,,US,United States,10,1,0
deploy to ecs,10,1,1,0,,7.00,7.00,0.00,1,,US,United States,10,1,0
fdd methodology,10,1,1,0,,7.00,7.00,0.00,1,,US,United States,10,1,0
what does vp of engineering do,10,0,1,0,,9.00,1.00,-8.00,1,,US,United States,10,1,0
reliability vs quality,10,1,1,0,,8.00,8.00,0.00,1,,US,United States,10,1,0
versi aplikasi,10,1,1,0,,1.00,1.00,0.00,1,,ID,Indonesia,10,1,0
system life cycle phases,20,2,1,-2,,4.50,8.00,3.50,1,-1,US,United States,20,1,-2
cpu hog,20,0,1,0,,10.00,9.00,-1.00,1,,US,United States,20,1,0
cms gc,20,1,,,,8.00,,,0,-1,US,United States,20,1,
azure function deployment,20,0,1,0,,11.00,9.00,-2.00,1,,US,United States,20,1,0
whats before alpha,20,1,1,-1,,6.00,10.00,4.00,1,,US,United States,20,1,-1
sanity check meaning,2000,0,1,1,,21.50,26.00,4.50,4,,CA,Canada,2000,1,1
what is shopping cart in ecommerce,30,1,,,,12.00,,,0,-1,IN,India,30,1,
dynatrace grail,150,,1,,,,18.00,,1,1,US,United States,150,1,
black box and white box testing in software engineering,150,1,1,0,,24.00,20.00,-4.00,1,,IN,India,150,1,0
git flow strategy,20,1,1,0,,10.00,10.00,0.00,1,,US,United States,20,1,0
what is ci/cd and how does it work,20,1,,,,10.00,,,0,-1,US,United States,20,1,
how to remove secrets from git history,20,1,1,0,,10.00,10.00,0.00,1,,US,United States,20,1,0
mend api,20,,1,,,,10.00,,1,1,US,United States,20,1,
twistlock scan docker image,20,1,1,0,,10.00,10.00,0.00,1,,US,United States,20,1,0
a type 2 error is committed when,10,0,1,0,,1.00,1.00,0.00,1,,US,United States,10,1,0
ai&ml,250,0,1,0,,23.00,22.00,-1.00,1,,IN,India,250,1,0
rolling updates kubernetes,20,1,1,0,,10.00,10.00,0.00,1,,US,United States,20,1,0
sdk in java,20,,1,,,,9.00,,1,1,IN,India,20,1,
helm artifactory,20,,1,,,,9.00,,1,1,US,United States,20,1,
sdlc design phase,20,2,1,-1,,9.00,10.00,1.00,1,-2,GB,United Kingdom,20,1,-1
output variables,20,1,,,,10.00,,,0,-1,US,United States,20,1,
session cam,20,,1,,,,9.00,,1,1,US,United States,20,1,
ci/cd steps,20,1,1,0,,10.00,10.00,0.00,1,,US,United States,20,1,0
gitflow github,20,1,,,,9.00,,,0,-1,US,United States,20,1,
git flow release branch,20,1,1,0,,8.00,9.00,1.00,1,,US,United States,20,1,0
what is whitebox and blackbox testing,20,1,1,0,,10.00,9.00,-1.00,1,,IN,India,20,1,0
azure cloud connector,20,1,1,0,,9.00,9.00,0.00,1,,US,United States,20,1,0
cost savings plan,10,,1,,,,9.00,,1,1,US,United States,10,1,
sei code,20,,1,,,,10.00,,1,1,US,United States,20,1,
software development life cycle types,30,1,1,0,,1.00,1.00,0.00,1,,IN,India,30,1,0
full form of sast,30,,1,,,,12.00,,1,1,IN,India,30,1,
ci/cd testing tools,20,,1,,,,10.00,,1,1,US,United States,20,1,
what is a repository in coding,20,1,1,-1,,7.00,10.00,3.00,1,,US,United States,20,1,-1
software project lifecycle,20,2,1,-1,,1.00,11.00,10.00,1,,US,United States,20,1,-1
difference between sanity and smoke,20,,1,,,,9.00,,1,1,IN,India,20,1,
test in production,250,1,1,0,,21.00,21.00,0.00,1,,US,United States,250,1,0
cd tools list,20,1,1,0,,8.00,10.00,2.00,1,,US,United States,20,1,0
java frameworks for microservices,80,1,,,,16.00,,,0,-1,US,United States,80,1,
what is open source software development,20,,1,,,,11.00,,1,1,IN,India,20,1,
trunk based development in git,20,0,1,0,,11.00,10.00,-1.00,1,,IN,India,20,1,0
terraform plan destroy,20,1,,,,10.00,,,0,-1,DE,Germany,20,1,
signalfx splunk,20,1,,,,10.00,,,0,-1,US,United States,20,1,
sw release,10,1,1,0,,6.00,6.00,0.00,1,,US,United States,10,1,0
deploy helm chart to kubernetes,10,1,,,,6.00,,,0,-1,US,United States,10,1,
generic webhook trigger,10,1,1,0,,6.00,6.00,0.00,1,,US,United States,10,1,0
ci cd open source,10,1,1,0,,4.00,6.00,2.00,1,,US,United States,10,1,0
doesn't match $setelementorder list:,10,1,,,,6.00,,,0,-1,US,United States,10,1,
step of sdlc,10,0,1,0,,1.00,1.00,0.00,1,,IN,India,10,1,0
testing infrastructure as code,10,1,1,0,,7.00,8.00,1.00,1,,US,United States,10,1,0
loki harness,10,2,1,-1,,3.00,8.00,5.00,1,,US,United States,10,1,-1
website session definition,10,1,1,0,,9.00,9.00,0.00,1,,US,United States,10,1,0
istio filter_chain_not_found,10,1,1,0,,8.00,8.00,0.00,1,,US,United States,10,1,0
ci is a practice where members of a team,10,,1,,,,8.00,,1,1,IN,India,10,1,
twistlock scanner,10,0,1,0,,11.00,9.00,-2.00,1,,US,United States,10,1,0
kubernetes deployments,100,,1,,,,18.00,,1,1,US,United States,100,1,
what is a session,600,0,1,1,,38.00,20.00,-18.00,1,,US,United States,600,1,1
multi cloud cost management tools,50,,1,,,,1.00,,1,1,US,United States,50,1,
hairness,20,0,1,0,,3.00,2.00,-1.00,1,,FR,France,20,1,0
blue green deployment vs canary vs rolling,30,1,1,0,,11.00,12.00,1.00,1,,US,United States,30,1,0
slo meaning software,20,1,1,0,,11.00,11.00,0.00,1,,US,United States,20,1,0
development cycle,430,3,1,-3,,5.00,3.00,-2.00,4,-2,BR,Brazil,430,1,-3
sast code scanning,200,1,1,0,,19.00,21.00,2.00,1,,US,United States,200,1,0
gcloud deploy cloud function,10,1,1,0,,7.00,7.00,0.00,1,,US,United States,10,1,0
initialize timeout,10,1,,,,7.00,,,0,-1,US,United States,10,1,
running experiments,10,1,1,0,,6.00,8.00,2.00,1,,US,United States,10,1,0
what are dora metrics,400,0,1,0,,34.00,24.00,-10.00,1,,US,United States,400,1,0
purpose of retrospective meeting,10,1,,,,6.00,,,0,-1,US,United States,10,1,
modern software development life cycle,10,3,1,-2,,1.00,5.00,4.00,1,,US,United States,10,1,-2
page view,650,1,1,-1,,37.50,26.50,-11.00,2,,US,United States,650,1,-1
hypothesis driven development,20,3,1,-3,,10.00,10.00,0.00,1,,US,United States,20,1,-3
selectors in kubernetes,20,1,1,0,,9.00,9.00,0.00,1,,IN,India,20,1,0
git hub flow,20,1,,,,10.00,,,0,-1,US,United States,20,1,
branch release,20,1,1,0,,8.00,9.00,1.00,1,,BR,Brazil,20,1,0
split.io status,20,,1,,,,9.00,,1,1,US,United States,20,1,
the software life cycle,20,,1,,,,10.00,,1,1,US,United States,20,1,
external databases,20,,1,,,,10.00,,1,1,US,United States,20,1,
percona server for mongodb,20,,1,,,,9.00,,1,1,IN,India,20,1,
integration testing vs unit testing,200,1,1,0,,21.00,21.00,0.00,1,,US,United States,200,1,0
iac terraform,250,0,1,0,,22.00,22.00,0.00,1,,US,United States,250,1,0
false detection rate,20,1,1,0,,9.00,9.00,0.00,1,,US,United States,20,1,0
continuous delivery pipeline components,20,1,1,0,,9.00,9.00,0.00,1,,US,United States,20,1,0
source code management best practices,20,1,1,0,,7.00,9.00,2.00,1,,US,United States,20,1,0
post deployment testing,10,,1,,,,10.00,,1,1,US,United States,10,1,
kubectl revert deployment,20,1,,,,11.00,,,0,-1,US,United States,20,1,
kubernetes manifest example,20,1,1,-1,,6.00,10.00,4.00,1,,IN,India,20,1,-1
false negative statistics,20,1,,,,11.00,,,0,-1,US,United States,20,1,
ci cd tool chain,20,1,,,,11.00,,,0,-1,US,United States,20,1,
what does a false negative mean,20,1,1,0,,10.00,10.00,0.00,1,,US,United States,20,1,0
what are canaries in software,20,1,1,0,,10.00,10.00,0.00,1,,US,United States,20,1,0
yaml wildcard,20,1,1,0,,10.00,10.00,0.00,1,,US,United States,20,1,0
smtp configuration,200,1,,,,19.00,,,0,-1,IN,India,200,1,
it technology stack,30,,1,,,,11.00,,1,1,US,United States,30,1,
common ci,30,1,,,,13.00,,,0,-1,US,United States,30,1,
feature parity,700,0,1,0,,26.00,1.00,-25.00,1,,US,United States,700,1,0
ssh debug mode,30,1,,,,11.00,,,0,-1,US,United States,30,1,
a/b testing.,30,1,,,,11.00,,,0,-1,US,United States,30,1,
devsecops strategy,300,2,1,-1,,18.00,1.00,-17.00,1,,US,United States,300,1,-1
steps of system development life cycle,20,1,1,0,,1.00,10.00,9.00,2,,US,United States,20,1,0
cloud deployment models in cloud computing,1400,0,1,0,,31.00,30.00,-1.00,1,,IN,India,1400,1,0
fallback artinya,450,1,1,0,,22.00,24.00,2.00,1,,ID,Indonesia,450,1,0
cloudhealth cost,20,1,,,,10.00,,,0,-1,US,United States,20,1,
6sc.co cookie,20,,1,,,,10.00,,1,1,US,United States,20,1,
monolithic vs,20,,1,,,,11.00,,1,1,US,United States,20,1,
what is ai/ml,250,1,1,0,,22.00,22.00,0.00,1,,IN,India,250,1,0
which cloud deployment model do you choose?,10,0,0,0,,9.00,9.00,0.00,1,,US,United States,10,0,0
retrospective goals,10,0,0,0,,1.00,8.00,7.00,1,,US,United States,10,0,0
artifacts in it,10,0,0,0,,9.00,1.00,-8.00,1,,US,United States,10,0,0
github codespaces,11200,1,0,0,,38.20,39.25,1.05,12,7,GB,United Kingdom,11200,0,0
ci/cd process,350,1,0,-1,,16.00,20.00,4.00,1,,US,United States,350,0,-1
continuous integration jenkins,40,0,0,0,,11.00,11.00,0.00,1,,US,United States,40,0,0
code owner,30,0,0,0,,12.00,12.00,0.00,1,,US,United States,30,0,0
netapp cloudcheckr,20,0,0,0,,9.00,9.00,0.00,1,,US,United States,20,0,0
static analysis vs dynamic analysis,20,0,,,,1.00,,,0,-1,CA,Canada,20,0,
advantage of white box testing,20,,0,,,,10.00,,1,1,IN,India,20,0,
life cycle in software engineering,20,0,,,,11.00,,,0,-1,IN,India,20,0,
kubernetes delete namespace and all resources,20,,0,,,,11.00,,1,1,US,United States,20,0,
build test,20,,0,,,,10.00,,1,1,IN,India,20,0,
sarif,1150,1,0,0,,18.33,20.00,1.67,3,,US,United States,1150,0,0
blue-green deployments,60,0,,,,16.00,,,0,-1,US,United States,60,0,
dind container,20,0,0,0,,9.00,9.00,0.00,1,,US,United States,20,0,0
black box testing is also known as,20,8,0,-8,,8.00,9.00,1.00,1,-1,IN,India,20,0,-8
ci/cd acronym,20,,0,,,,10.00,,1,1,US,United States,20,0,
what are devops,250,0,0,0,,49.00,20.00,-29.00,1,,US,United States,250,0,0
twistlock prisma cloud,10,0,0,0,,8.00,7.00,-1.00,1,,US,United States,10,0,0
kubectl apply prune,10,1,0,0,,5.00,7.00,2.00,1,,US,United States,10,0,0
docker push image to artifactory,10,0,0,0,,8.00,7.00,-1.00,1,,US,United States,10,0,0
upload docker image to artifactory,10,0,0,0,,8.00,7.00,-1.00,1,,US,United States,10,0,0
how to use artifactory,10,,0,,,,7.00,,1,1,US,United States,10,0,
what is a service level objective,10,0,0,0,,8.00,8.00,0.00,1,,IN,India,10,0,0
terraform apply example,10,0,0,0,,6.00,6.00,0.00,1,,US,United States,10,0,0
automated build systems,10,0,0,0,,7.00,6.00,-1.00,1,,US,United States,10,0,0
"in hypothesis testing, type ii error occurs when:",10,0,0,0,,8.00,7.00,-1.00,1,,US,United States,10,0,0
alpha software definition,10,0,0,0,,1.00,1.00,0.00,1,,US,United States,10,0,0
can developer productivity,10,0,,,,6.00,,,0,-1,US,United States,10,0,
oss developer,10,0,0,0,,10.00,10.00,0.00,1,,US,United States,10,0,0
sdlc framework,250,0,0,0,,1.00,1.00,0.00,1,-1,US,United States,250,0,0
pipelines ci,20,0,,,,12.00,,,0,-1,US,United States,20,0,
a/b testing?,20,0,0,0,,11.00,11.00,0.00,1,,US,United States,20,0,0
type 2 error in research,20,0,0,0,,11.00,11.00,0.00,1,,US,United States,20,0,0
runbooks,690,0,0,0,,28.00,26.00,-2.00,2,1,US,United States,690,0,0
react split,20,0,0,0,,9.00,10.00,1.00,2,1,US,United States,20,0,0
app version number,20,0,0,0,,11.00,11.00,0.00,1,,US,United States,20,0,0
sso vs ldap,20,0,0,0,,11.00,11.00,0.00,1,,IN,India,20,0,0
what slo,20,,0,,,,11.00,,1,1,US,United States,20,0,
codespaces github,900,0,0,0,,36.50,28.00,-8.50,2,,IN,India,900,0,0
canary deployment in kubernetes,10,,0,,,,9.00,,1,1,US,United States,10,0,
error tracking,350,1,0,0,,24.00,24.00,0.00,1,,US,United States,350,0,0
kustomize example,50,0,0,0,,15.00,15.00,0.00,1,,US,United States,50,0,0
"in hypothesis testing, a type 2 error occurs when",0,1,0,0,,2.50,5.50,3.00,2,,IN,India,0,0,0
define software life cycle,20,0,0,0,,10.00,10.00,0.00,1,,IN,India,20,0,0
false negative rate calculation,20,0,,,,1.00,,,0,-1,US,United States,20,0,
multivariate testing is used for,20,0,0,0,,11.00,9.00,-2.00,1,,US,United States,20,0,0
step template,10,0,0,0,,7.00,7.00,0.00,1,,IN,India,10,0,0
coding phase,10,0,,,,8.00,,,0,-1,IN,India,10,0,
is github action free,10,0,0,0,,8.00,9.00,1.00,1,,IN,India,10,0,0
kubectl dryrun,10,1,0,0,,7.00,8.00,1.00,1,,US,United States,10,0,0
what is vp of engineering,10,0,0,0,,10.00,1.00,-9.00,1,,US,United States,10,0,0
new software release,10,0,0,0,,8.00,8.00,0.00,1,,US,United States,10,0,0
process phases,10,0,,,,8.00,,,0,-1,US,United States,10,0,
design phase sdlc,20,0,,,,11.00,,,0,-1,US,United States,20,0,
sanity testing and smoke testing,120,0,0,0,,6.00,6.00,0.00,2,,US,United States,120,0,0
deployment model in cloud computing,800,0,0,0,,1.00,1.00,0.00,1,,IN,India,800,0,0
target branch,20,1,0,0,,10.50,11.00,0.50,1,-1,IT,Italy,20,0,0
continuous integration in software engineering,20,,0,,,,11.00,,1,1,IN,India,20,0,
beta release means,20,,0,,,,12.00,,1,1,IN,India,20,0,
a type ii error is committed when,80,1,0,0,,9.00,7.00,-2.00,2,,US,United States,80,0,0
git lfs,15050,0,0,0,,34.00,38.64,4.64,11,7,NZ,New Zealand,15050,0,0
ci / cd,250,0,0,0,,41.00,23.00,-18.00,1,,US,United States,250,0,0
ccoe full form,300,0,0,0,,28.00,20.00,-8.00,1,,IN,India,300,0,0
smoke test meaning,200,,0,,,,22.00,,1,1,IN,India,200,0,
false rate,10,0,0,0,,9.00,9.00,0.00,1,,PH,Philippines,10,0,0
bandit scanner,20,,0,,,,10.00,,1,1,US,United States,20,0,
technological stack,20,,0,,,,11.00,,1,1,US,United States,20,0,
que es git flow,20,0,,,,11.00,,,0,-1,CO,Colombia,20,0,
trunk base development,20,,0,,,,11.00,,1,1,ID,Indonesia,20,0,
build stage,20,0,,,,10.00,,,0,-1,US,United States,20,0,
test environment for computer software,20,0,0,0,,10.00,10.00,0.00,1,,US,United States,20,0,0
kubectl delete all resources,20,0,0,0,,11.00,10.00,-1.00,2,1,US,United States,20,0,0
gitness git,0,0,0,0,,2.00,2.00,0.00,1,,BR,Brazil,0,0,0
different deployment strategies,20,0,0,0,,11.00,11.00,0.00,1,,US,United States,20,0,0
software development life cycle phases agile,20,1,0,0,,10.00,11.00,1.00,1,,US,United States,20,0,0
knowledge graph,2100,,0,,,,31.75,,4,4,PK,Pakistan,2100,0,
aws compute savings plan,200,1,0,0,,19.00,21.00,2.00,1,,US,United States,200,0,0
kustomize variable substitution,20,0,0,0,,11.00,11.00,0.00,1,,US,United States,20,0,0
omed habib,10,,0,,,,7.00,,1,1,US,United States,10,0,
node js microservices folder structure,10,1,0,0,,6.00,7.00,1.00,1,,IN,India,10,0,0
black duck scanner,10,1,0,0,,9.00,10.00,1.00,1,,US,United States,10,0,0
life cycle development,30,0,0,0,,5.00,5.00,0.00,2,,BR,Brazil,30,0,0
sanity testing is also known as,10,0,0,0,,9.00,9.00,0.00,1,,IN,India,10,0,0
design phase of sdlc,10,0,0,0,,10.00,10.00,0.00,1,,IN,India,10,0,0
disable flag,10,0,0,0,,10.00,10.00,0.00,1,,US,United States,10,0,0
automation in infrastructure,10,0,0,0,,10.00,10.00,0.00,1,,US,United States,10,0,0
sdlc testing life cycle,10,0,,,,9.00,,,0,-1,IN,India,10,0,
kubernetes templating,10,0,0,0,,9.00,9.00,0.00,1,,US,United States,10,0,0
sdk python,10,0,,,,9.00,,,0,-1,DE,Germany,10,0,
redis limits,10,0,0,0,,11.00,10.00,-1.00,1,,US,United States,10,0,0
difference between unit testing and integration testing,150,,0,,,,21.00,,1,1,IN,India,150,0,
what comes first beta or alpha,40,0,0,0,,10.00,8.00,-2.00,1,,US,United States,40,0,0
applicationset argocd,70,0,0,0,,17.00,17.00,0.00,1,,US,United States,70,0,0
blue green deployments,300,1,0,0,,21.00,22.00,1.00,1,,US,United States,300,0,0
sdk examples,200,1,0,0,,16.00,19.00,3.00,1,,US,United States,200,0,0
sdlc 6 phases,10,0,0,0,,1.00,1.00,0.00,1,,US,United States,10,0,0
terraform skip destroy,10,,0,,,,8.00,,1,1,US,United States,10,0,
github strategy,10,0,,,,8.00,,,0,-1,US,United States,10,0,
false discovery,10,0,0,0,,8.00,8.00,0.00,1,,US,United States,10,0,0
mock in unit testing,10,0,0,0,,10.00,8.00,-2.00,1,,IN,India,10,0,0
kubectl go-template,10,0,0,0,,8.00,8.00,0.00,1,,US,United States,10,0,0
wiz api,200,0,0,0,,22.00,22.00,0.00,1,,US,United States,200,0,0
system life cycle stages,20,2,0,-2,,1.00,12.00,11.00,1,,US,United States,20,0,-2
alpha version vs beta,10,1,0,0,,6.00,1.00,-5.00,1,,US,United States,10,0,0
first step of software development life cycle,10,0,0,0,,1.00,7.00,6.00,1,,IN,India,10,0,0
helm values.yaml example,10,0,0,0,,6.00,6.00,0.00,1,,US,United States,10,0,0
sbom,15400,0,0,0,,67.29,65.64,-1.64,14,7,ID,Indonesia,15400,0,0
git trunk based development,150,0,,,,21.00,,,0,-1,US,United States,150,0,
example of sdk,20,0,,,,10.00,,,0,-1,US,United States,20,0,
docker build and push,20,0,,,,10.00,,,0,-1,GB,United Kingdom,20,0,
ci explained,100,0,,,,19.00,,,0,-1,US,United States,100,0,
solution lifecycle,20,0,0,0,,10.00,10.00,0.00,1,,US,United States,20,0,0
what is a reserved instance,20,,0,,,,10.00,,1,1,US,United States,20,0,
what is cd/ci,20,,0,,,,11.00,,1,1,US,United States,20,0,
kubernetes service discovery,200,0,0,0,,40.00,22.00,-18.00,1,,US,United States,200,0,0
cyberark conjure,10,,0,,,,10.00,,1,1,US,United States,10,0,
kubectl rollout restart,650,0,0,0,,27.50,27.50,0.00,2,,US,United States,650,0,0
infrastructure resilience testing,20,0,0,0,,11.00,11.00,0.00,1,,US,United States,20,0,0
software implementation lifecycle,10,0,0,0,,11.00,7.00,-4.00,1,,US,United States,10,0,0
software artefact,10,0,0,0,,9.00,8.00,-1.00,1,,GB,United Kingdom,10,0,0
chaos testing kubernetes,10,0,0,0,,9.00,9.00,0.00,1,,US,United States,10,0,0
build system,50,0,,,,14.00,,,0,-1,IN,India,50,0,
stages in system development cycle,10,0,0,0,,9.00,9.00,0.00,1,,NG,Nigeria,10,0,0
what is difference between smoke testing and sanity testing,10,0,0,0,,9.00,10.00,1.00,1,,IN,India,10,0,0
create ticket in jira,10,,0,,,,10.00,,1,1,IN,India,10,0,
open source code repository,10,1,0,0,,7.00,9.00,2.00,1,,IN,India,10,0,0
git flow github,10,,0,,,,9.00,,1,1,US,United States,10,0,
statefulset pvc,10,0,0,0,,9.00,9.00,0.00,1,,US,United States,10,0,0
gcp dashboard,250,0,,,,22.00,,,0,-1,US,United States,250,0,
what is iac,1550,0,0,0,,48.50,28.50,-20.00,2,,US,United States,1550,0,0
monitored,4000,0,,,,25.50,,,0,-2,US,United States,4000,0,
5 phases of sdlc,20,10,0,-9,,3.50,11.00,7.50,1,-1,US,United States,20,0,-9
what is sdlc and its types,20,0,0,0,,11.00,1.00,-10.00,1,,IN,India,20,0,0
kubernetes rolling upgrade,20,0,,,,11.00,,,0,-1,US,United States,20,0,
github release branch,20,0,,,,10.00,,,0,-1,US,United States,20,0,
nestjs kafka,20,0,,,,10.00,,,0,-1,DE,Germany,20,0,
explain continuous integration,20,,0,,,,11.00,,1,1,IN,India,20,0,
monolithic vs microservices architecture,300,1,0,-1,,10.00,1.00,-9.00,1,-1,IN,India,300,0,-1
pull request,7050,3,0,-3,,28.00,49.50,21.50,10,6,US,United States,7050,0,-3
integration vs unit test,200,0,0,0,,22.00,22.00,0.00,1,,US,United States,200,0,0
what is a sprint retrospective,200,,0,,,,22.00,,1,1,US,United States,200,0,
typescript express middleware,10,0,0,0,,8.00,8.00,0.00,1,,US,United States,10,0,0
smoke regression testing,10,0,0,0,,9.00,7.00,-2.00,1,,US,United States,10,0,0
black box testing and white box testing difference between,10,0,0,0,,7.00,7.00,0.00,1,,IN,India,10,0,0
a type ii error is defined as,10,0,0,0,,10.00,7.00,-3.00,1,,US,United States,10,0,0
steps involved in software development,10,0,0,0,,1.00,1.00,0.00,1,,IN,India,10,0,0
sdlc database,10,0,0,0,,6.00,7.00,1.00,1,,US,United States,10,0,0
feature flags gitlab,10,0,0,0,,11.00,7.00,-4.00,1,,US,United States,10,0,0
which comes first alpha or beta,10,0,0,0,,9.00,9.00,0.00,1,,US,United States,10,0,0
based flags,10,0,,,,8.00,,,0,-1,US,United States,10,0,
helm chart values.yaml,10,0,0,0,,11.00,8.00,-3.00,1,,US,United States,10,0,0
full sdlc,10,0,0,0,,4.50,8.00,3.50,1,-1,GB,United Kingdom,10,0,0
requirement analysis phase in sdlc,10,0,0,0,,9.00,9.00,0.00,1,,IN,India,10,0,0
phase of system development life cycle,10,0,0,0,,1.00,1.00,0.00,1,,IN,India,10,0,0
crud operations javascript,10,0,,,,9.00,,,0,-1,IN,India,10,0,
staging in testing,10,0,0,0,,9.00,9.00,0.00,1,,IN,India,10,0,0
beta stages,10,1,0,0,,6.00,8.00,2.00,1,,US,United States,10,0,0
update notification pipeline,10,0,0,0,,8.00,8.00,0.00,1,,US,United States,10,0,0
split box,10,0,,,,10.00,,,0,-1,IN,India,10,0,
data beat,150,,0,,,,20.00,,1,1,IN,India,150,0,
what does slo mean,250,0,0,0,,70.00,18.00,-52.00,1,,US,United States,250,0,0
cicd process,200,0,0,0,,22.00,21.00,-1.00,1,,US,United States,200,0,0
continuous integration tool,30,0,0,0,,10.00,10.00,0.00,1,,IN,India,30,0,0
platform engineering,7100,0,0,0,,60.43,58.22,-2.21,9,2,US,United States,7100,0,0
harness s,10,0,0,0,,6.00,6.00,0.00,1,,US,United States,10,0,0
kustomize patches,90,0,0,0,,18.00,18.00,0.00,1,,US,United States,90,0,0
devsecops toolchain,200,0,,,,22.00,,,0,-1,US,United States,200,0,
how to calculate false positive rate from sensitivity and specificity,20,0,0,0,,11.00,11.00,0.00,1,,US,United States,20,0,0
sdlc in computer,20,0,,,,12.00,,,0,-1,IN,India,20,0,
kubernetes pull image from private registry,10,0,0,0,,8.00,9.00,1.00,1,,US,United States,10,0,0
kubecon 2024,100,0,0,0,,19.00,19.00,0.00,1,,US,United States,100,0,0
force destroy terraform,10,0,0,0,,11.00,10.00,-1.00,1,,US,United States,10,0,0
sam pipeline,10,0,0,0,,9.00,9.00,0.00,1,,US,United States,10,0,0
red green deployment,10,0,0,0,,21.00,9.00,-12.00,1,,CA,Canada,10,0,0
life cycle expectations in software project management,10,1,0,0,,7.00,10.00,3.00,1,,IN,India,10,0,0
kubernetes rollback to previous version,20,0,0,0,,10.00,10.00,0.00,1,,US,United States,20,0,0
what is a type ii error?,60,1,0,0,,1.00,9.00,8.00,1,,US,United States,60,0,0
who doesn't need continuous deployment,0,0,0,0,,3.00,1.00,-2.00,1,,IN,India,0,0,0
feature flag management,300,0,0,0,,1.00,1.00,0.00,1,,US,United States,300,0,0
developers threshold,20,0,,,,11.00,,,0,-1,US,United States,20,0,
saml sso,2250,0,0,0,,28.00,27.33,-0.67,3,2,US,United States,2250,0,0
the basic building block in any phase of sdlc,10,1,0,0,,3.00,6.00,3.00,1,,IN,India,10,0,0
which of the following is an artifact repository?,10,0,0,0,,5.00,6.00,1.00,1,,IN,India,10,0,0
dns spoofing tool,10,0,0,0,,6.00,6.00,0.00,1,,US,United States,10,0,0
slos meaning,60,0,,,,17.00,,,0,-1,US,United States,60,0,
what is a pull request,2100,0,0,0,,16.00,24.67,8.67,3,2,US,United States,2100,0,0
nexus ci cd,10,0,0,0,,9.00,8.00,-1.00,1,,US,United States,10,0,0
ci build,100,0,0,0,,13.00,13.00,0.00,1,,US,United States,100,0,0
what are segments,200,,0,,,,15.00,,1,1,US,United States,200,0,
software metrics,750,1,0,-1,,13.00,23.50,10.50,2,-2,BR,Brazil,750,0,-1
steps in development of a program,20,,0,,,,12.00,,1,1,IN,India,20,0,
common exceptions in java,20,0,,,,11.00,,,0,-1,US,United States,20,0,
kubernetes restart node,20,,0,,,,11.00,,1,1,US,United States,20,0,
configmap not found,20,0,0,0,,12.00,12.00,0.00,1,,US,United States,20,0,0
cloudformation capabilities,10,0,,,,10.00,,,0,-1,US,United States,10,0,
what is git flow,10,0,,,,10.00,,,0,-1,CA,Canada,10,0,
the main branch,20,0,0,0,,11.00,11.00,0.00,1,,US,United States,20,0,0
end-to-end testing,200,0,0,0,,19.00,19.00,0.00,1,,US,United States,200,0,0
jyoti bansal analysis,40,0,,,,14.00,,,0,-1,IN,India,40,0,
what are the steps in the sdlc methodology?,0,0,0,0,,1.00,1.00,0.00,1,,US,United States,0,0,0
kubernetes pull from private registry,10,0,0,0,,10.00,7.00,-3.00,1,,US,United States,10,0,0
designing phase in sdlc,10,0,0,0,,10.00,9.00,-1.00,1,,US,United States,10,0,0
system development life cycle steps,10,0,,,,8.00,,,0,-1,IN,India,10,0,
helm template multiple values files,10,0,0,0,,10.00,8.00,-2.00,1,,US,United States,10,0,0
how to solve null pointer exception in java,10,,0,,,,8.00,,1,1,IN,India,10,0,
new scanners have built in,10,0,0,0,,8.00,8.00,0.00,1,,LK,Sri Lanka,10,0,0
aws ecs run-task example,10,0,0,0,,8.00,8.00,0.00,1,,US,United States,10,0,0
cloud deployment model in cloud computing,200,0,0,0,,2.00,23.00,21.00,1,,IN,India,200,0,0
what is interaction,600,2,0,-2,,34.67,41.67,7.00,3,,IN,India,600,0,-2
kubernetes rolling update maxsurge,20,0,0,0,,10.00,10.00,0.00,1,,US,United States,20,0,0
savings plans pricing,10,,0,,,,10.00,,1,1,US,United States,10,0,
vercel unblocker,10,0,,,,10.00,,,0,-1,US,United States,10,0,
helm chart release name,10,0,0,0,,12.00,10.00,-2.00,1,,US,United States,10,0,0
what is a changeset,10,0,0,0,,1.00,11.00,10.00,1,,US,United States,10,0,0
internal dev,10,0,,,,10.00,,,0,-1,US,United States,10,0,
false positive rate specificity,10,1,0,-1,,5.00,11.00,6.00,1,,US,United States,10,0,-1
black box test,200,0,0,0,,38.00,18.00,-20.00,1,,US,United States,200,0,0
continuous delivery cloud,90,0,,,,19.00,,,0,-1,US,United States,90,0,
monolithic and microservices,200,0,0,0,,1.00,23.00,22.00,1,,IN,India,200,0,0
terraform scripts,100,0,,,,20.00,,,0,-1,US,United States,100,0,
microservices vs,10,0,0,0,,11.00,10.00,-1.00,1,,US,United States,10,0,0
trunk development,10,0,0,0,,13.50,9.00,-4.50,1,-1,AU,Australia,10,0,0
terraform destroy options,10,0,0,0,,9.00,9.00,0.00,1,,US,United States,10,0,0
nodejs ci,10,,0,,,,9.00,,1,1,US,United States,10,0,
linux jvm,10,0,0,0,,9.00,9.00,0.00,1,,US,United States,10,0,0
github remove secrets from history,10,0,0,0,,9.00,9.00,0.00,1,,US,United States,10,0,0
powershell output variable,10,0,0,0,,10.00,9.00,-1.00,1,,DE,Germany,10,0,0
split io status,10,0,0,0,,9.00,9.00,0.00,1,,US,United States,10,0,0
software deployment techniques,200,,0,,,,23.00,,1,1,US,United States,200,0,
software delivery pipeline,200,0,0,0,,23.00,23.00,0.00,1,,US,United States,200,0,0
kubernetes kustomize,150,0,0,0,,25.00,21.00,-4.00,1,,US,United States,150,0,0
september harness,0,0,0,0,,5.00,4.00,-1.00,1,,US,United States,0,0,0
split.io documentation,10,0,0,0,,8.00,7.00,-1.00,1,,US,United States,10,0,0
drone docker plugin,10,0,0,0,,8.00,7.00,-1.00,1,,US,United States,10,0,0
what are the features of software,10,0,0,0,,10.00,8.00,-2.00,1,,IN,India,10,0,0
false discovery proportion,10,,0,,,,8.00,,1,1,US,United States,10,0,
a?b testing,20,0,,,,12.00,,,0,-1,US,United States,20,0,
static application security testing can be used to uncover,20,,0,,,,11.00,,1,1,IN,India,20,0,
harness.io crunchbase,10,0,0,0,,9.00,9.00,0.00,1,,US,United States,10,0,0
artifacts software,10,0,0,0,,10.00,10.00,0.00,1,,IN,India,10,0,0
dast,16550,9,0,-9,,63.22,51.33,-11.89,15,6,IN,India,16550,0,-9
ci software,250,0,0,0,,52.00,22.00,-30.00,1,,US,United States,250,0,0
resilience testing,250,1,0,0,,19.00,24.00,5.00,1,,US,United States,250,0,0
continuous integration software,250,0,0,0,,47.00,23.00,-24.00,1,,US,United States,250,0,0
rag full form in ai,2200,,0,,,,34.00,,1,1,IN,India,2200,0,
harnais,1510,,0,,,,61.00,,3,3,AU,Australia,1510,0,
continuous deployment,3950,0,0,0,,39.00,45.00,6.00,5,3,US,United States,3950,0,0
ai for everything,600,,0,,,,27.00,,1,1,IN,India,600,0,
argo intuit,10,0,0,0,,7.00,8.00,1.00,1,,US,United States,10,0,0
unit test vs integration test,350,0,0,0,,12.50,24.00,11.50,1,-1,US,United States,350,0,0
whats ci,10,0,0,0,,11.00,11.00,0.00,1,,CA,Canada,10,0,0
which is an open source software,10,,0,,,,11.00,,1,1,IN,India,10,0,
blackduck hub,10,0,0,0,,9.00,10.00,1.00,1,,US,United States,10,0,0
the continuous deployment must be followed to practice continuous delivery,10,0,,,,10.00,,,0,-1,IN,India,10,0,
open source development,150,1,0,-1,,16.00,21.00,5.00,1,,US,United States,150,0,-1
it testing phases,10,0,,,,9.00,,,0,-1,US,United States,10,0,
backstage cost insights,20,0,0,0,,11.00,11.00,0.00,1,,US,United States,20,0,0
burp c4s,20,,0,,,,11.00,,1,1,US,United States,20,0,
what is a software repository,250,1,0,0,,21.00,24.00,3.00,1,,US,United States,250,0,0
what does sast stand for,500,0,0,0,,37.00,49.50,12.50,2,1,US,United States,500,0,0
delivery pipeline in devops,450,,0,,,,1.00,,1,1,IN,India,450,0,
how to minimize type 2 error,10,,0,,,,9.00,,1,1,US,United States,10,0,
a type ii error occurs when we,10,0,0,0,,9.00,10.00,1.00,1,,US,United States,10,0,0
split boxes,10,0,,,,9.00,,,0,-1,AU,Australia,10,0,
release name,10,0,0,0,,9.00,9.00,0.00,1,,US,United States,10,0,0
red/black deployment,10,0,0,0,,10.00,9.00,-1.00,1,,US,United States,10,0,0
service development life cycle,10,,0,,,,8.00,,1,1,US,United States,10,0,
an argument definition must end with a newline,10,0,,,,8.00,,,0,-1,US,United States,10,0,
crud in nodejs,10,0,,,,9.00,,,0,-1,IN,India,10,0,
what enables continuous value delivery,10,0,0,0,,9.00,9.00,0.00,1,,IN,India,10,0,0
multivarianz-tests,10,1,0,0,,6.00,9.00,3.00,1,,US,United States,10,0,0
vp of software,10,0,0,0,,8.00,8.00,0.00,1,,US,United States,10,0,0
fields dashboard,10,0,,,,8.00,,,0,-1,IN,India,10,0,
meaning of artifacts in software,10,0,0,0,,1.00,9.00,8.00,1,,IN,India,10,0,0
what is software compliance,350,,0,,,,27.00,,1,1,US,United States,350,0,
design phase is followed by,10,0,0,0,,11.00,11.00,0.00,1,,IN,India,10,0,0
codeowners github,350,0,0,0,,31.00,26.00,-5.00,1,,US,United States,350,0,0
devsecops pipeline,500,1,0,0,,25.00,1.00,-24.00,1,,US,United States,500,0,0
agile sdlc phases,90,0,0,0,,20.00,20.00,0.00,1,,US,United States,90,0,0
end to end testing automation,350,,0,,,,26.00,,1,1,US,United States,350,0,
public cloud migration,450,0,0,0,,28.00,27.00,-1.00,1,,US,United States,450,0,0
software entwicklung phasen,0,0,0,0,,5.00,5.00,0.00,1,,US,United States,0,0,0
continuous integration microservices,0,0,0,0,,4.00,5.00,1.00,1,,US,United States,0,0,0
artifactory sbom,0,0,,,,5.00,,,0,-1,US,United States,0,0,
phases of the systems development life cycle,0,0,0,0,,5.00,5.00,0.00,1,,US,United States,0,0,0
harness giving,300,,0,,,,24.00,,1,1,US,United States,300,0,
checkov scan,20,0,0,0,,13.00,13.00,0.00,1,,US,United States,20,0,0
smoke tests,300,0,0,0,,31.00,22.00,-9.00,1,,US,United States,300,0,0
what are open source technologies,20,0,,,,12.00,,,0,-1,US,United States,20,0,
which of the following best describes the threat modelling process,20,,0,,,,11.00,,1,1,IN,India,20,0,
what is software release,10,0,0,0,,9.00,9.00,0.00,1,,US,United States,10,0,0
false positive rate 1-specificity,10,,0,,,,10.00,,1,1,US,United States,10,0,
cloud cost management solution,10,0,0,0,,10.00,10.00,0.00,1,,US,United States,10,0,0
what are the features of software code?,10,0,,,,11.00,,,0,-1,IN,India,10,0,
staging cybersecurity,10,,0,,,,11.00,,1,1,US,United States,10,0,
awua scans,10,0,0,0,,10.00,10.00,0.00,1,,US,United States,10,0,0
fargate memory,10,0,0,0,,10.00,10.00,0.00,1,,US,United States,10,0,0
how to deploy helm chart in kubernetes,10,0,0,0,,11.00,10.00,-1.00,1,,IN,India,10,0,0
redis event,10,0,,,,10.00,,,0,-1,US,United States,10,0,
software development processes,50,2,0,-1,,3.00,1.00,-2.00,2,-2,GB,United Kingdom,50,0,-1
helm deploy chart,10,0,0,0,,9.00,10.00,1.00,1,,US,United States,10,0,0
ai testing automation,150,0,,,,22.00,,,0,-1,US,United States,150,0,
finops software,150,0,0,0,,21.00,22.00,1.00,1,,US,United States,150,0,0
best json library java,0,0,,,,2.00,,,0,-1,US,United States,0,0,
phase of software project,0,0,0,0,,1.00,1.00,0.00,1,,IN,India,0,0,0
what is null pointer exception in java,150,0,0,0,,2.00,23.00,21.00,1,,IN,India,150,0,0
development environment,400,0,,,,23.00,,,0,-1,US,United States,400,0,
continuous deployment best practices,80,,0,,,,1.00,,1,1,US,United States,80,0,
container scanner,150,,0,,,,22.00,,1,1,US,United States,150,0,
what is a production based environment,10,0,0,0,,9.00,7.00,-2.00,1,,US,United States,10,0,0
nexus artifacts,10,0,,,,7.00,,,0,-1,ES,Spain,10,0,
life cycle process in software engineering,10,0,0,0,,8.00,8.00,0.00,1,,IN,India,10,0,0
system development phase,10,0,0,0,,6.00,7.00,1.00,1,,US,United States,10,0,0
which label selectors select all the objects in a collection,10,0,0,0,,7.00,7.00,0.00,1,,IN,India,10,0,0
split careers,10,0,0,0,,7.00,7.00,0.00,1,,US,United States,10,0,0
fuzzing harness,10,0,0,0,,9.00,9.00,0.00,1,,US,United States,10,0,0
system lifecycle phases,10,1,0,0,,6.00,10.00,4.00,1,,US,United States,10,0,0
private cloud deployment model,550,0,0,0,,27.50,28.00,0.50,2,,US,United States,550,0,0
rag,30300,,0,,,,36.50,,4,4,CH,Switzerland,30300,0,
platform engineering team,100,0,,,,21.00,,,0,-1,US,United States,100,0,
sox software,150,,0,,,,19.00,,1,1,US,United States,150,0,
a/b teating,20,0,,,,13.00,,,0,-1,US,United States,20,0,
github enterprise server,400,,0,,,,26.00,,1,1,US,United States,400,0,
ci/cd devops,350,0,0,0,,94.00,26.00,-68.00,1,,US,United States,350,0,0
systems development life cycle,2110,3,0,-2,,6.25,9.17,2.92,6,2,IN,India,2110,0,-2
false negative definition,60,0,,,,11.00,,,0,-1,US,United States,60,0,
shift-left security,300,0,0,0,,51.00,26.00,-25.00,1,,US,United States,300,0,0
define open source software,40,0,,,,10.00,,,0,-1,US,United States,40,0,
in sast during which phase,10,,0,,,,9.00,,1,1,IN,India,10,0,
software development lifecycle models,10,2,0,-2,,7.00,4.00,-3.00,1,-1,US,United States,10,0,-2
ci/cd images,10,,0,,,,9.00,,1,1,US,United States,10,0,
cloudformation create-stack,10,0,,,,9.00,,,0,-1,US,United States,10,0,
production enviroment,10,0,0,0,,10.00,10.00,0.00,1,,US,United States,10,0,0
kubectl rollout,10,0,,,,11.00,,,0,-1,NL,Netherlands,10,0,
artefactos de software,10,0,0,0,,12.00,12.00,0.00,1,,CO,Colombia,10,0,0
define release management,10,0,0,0,,10.00,10.00,0.00,1,,US,United States,10,0,0
harness.io reviews,10,0,0,0,,11.00,11.00,0.00,1,,US,United States,10,0,0
ci cd automation,250,0,0,0,,26.00,25.00,-1.00,1,,US,United States,250,0,0
git branching strategy,1450,1,0,0,,26.50,20.00,-6.50,3,1,IN,India,1450,0,0
page load,500,1,0,0,,24.50,23.00,-1.50,1,-1,US,United States,500,0,0
prisma cloud scan,10,0,0,0,,9.00,10.00,1.00,1,,US,United States,10,0,0
kubectl patch example,10,0,,,,10.00,,,0,-1,US,United States,10,0,
signalfx documentation,10,0,,,,10.00,,,0,-1,US,United States,10,0,
software development life cycle design phase,10,0,,,,11.00,,,0,-1,US,United States,10,0,
terraform destroy example,10,0,0,0,,8.00,8.00,0.00,1,,US,United States,10,0,0
cluster connector,10,0,0,0,,8.00,8.00,0.00,1,,US,United States,10,0,0
ci cd tools open source,10,0,0,0,,8.00,8.00,0.00,1,,US,United States,10,0,0
rds proxy pricing,150,,0,,,,23.00,,1,1,US,United States,150,0,
devsecops practices,400,0,0,0,,46.00,1.00,-45.00,1,,US,United States,400,0,0
type i error false positive,50,0,,,,9.00,,,0,-1,US,United States,50,0,
cloud checkr,20,0,0,0,,10.00,10.00,0.00,1,,US,United States,20,0,0
define false negative,60,0,0,0,,10.00,10.00,0.00,1,,US,United States,60,0,0
java ee vs se,10,0,0,0,,10.00,10.00,0.00,1,,US,United States,10,0,0
jfrog rt upload,30,0,0,0,,12.00,12.00,0.00,1,,US,United States,30,0,0
engineering metrics,250,1,0,-1,,1.00,1.00,0.00,1,,US,United States,250,0,-1
what is a software bill of materials,300,0,0,0,,59.00,1.00,-58.00,1,,US,United States,300,0,0
slo.dev.pages,10,0,0,0,,2.50,3.00,0.50,2,,GB,United Kingdom,10,0,0
mlops vs devops,400,0,0,0,,22.00,28.00,6.00,2,1,IN,India,400,0,0
gcp oidc,10,0,,,,11.00,,,0,-1,US,United States,10,0,
sprint retrospective meeting,500,2,0,-1,,17.00,25.50,8.50,2,,IN,India,500,0,-1
sdlc method,100,0,0,0,,23.00,21.00,-2.00,1,,ID,Indonesia,100,0,0
google secrets manager,250,0,0,0,,25.00,25.00,0.00,1,,US,United States,250,0,0
a good infrastructure tool should support,10,,0,,,,7.00,,1,1,IN,India,10,0,
code deployment tools,60,0,,,,19.00,,,0,-1,US,United States,60,0,
sidecar container,400,0,0,0,,27.00,27.50,0.50,2,1,US,United States,400,0,0
static application security,100,0,,,,22.00,,,0,-1,US,United States,100,0,
github keywords,300,0,0,0,,22.00,25.00,3.00,1,,US,United States,300,0,0
observability,15650,0,0,0,,67.40,72.53,5.13,15,5,TW,Taiwan,15650,0,0
types of exception in java,1300,0,0,0,,48.00,33.00,-15.00,1,,IN,India,1300,0,0
multi armed bandit testing,300,0,0,0,,5.00,5.00,0.00,1,,US,United States,300,0,0
devops technologies,410,0,0,0,,76.00,53.00,-23.00,2,,US,United States,410,0,0
gcp functions,60,0,0,0,,18.00,18.00,0.00,1,,IN,India,60,0,0
gitops principles,200,,0,,,,1.00,,1,1,US,United States,200,0,
ab testing meaning,1200,3,0,-2,,21.00,61.00,40.00,3,1,US,United States,1200,0,-2
artifactory tool,10,0,0,0,,10.00,10.00,0.00,1,,IN,India,10,0,0
kubernetes labelselector,10,0,0,0,,9.00,9.00,0.00,1,,US,United States,10,0,0
terraform init backend-config example,10,0,0,0,,9.00,9.00,0.00,1,,US,United States,10,0,0
segment log in,10,0,0,0,,9.00,9.00,0.00,1,,US,United States,10,0,0
software feature list,10,0,,,,9.00,,,0,-1,US,United States,10,0,
terraform provisioning,10,0,0,0,,11.00,10.00,-1.00,1,,IN,India,10,0,0
features of software,10,0,,,,9.00,,,0,-1,PH,Philippines,10,0,
mock control,10,0,0,0,,9.00,9.00,0.00,1,,US,United States,10,0,0
argocd helm charts,10,0,0,0,,10.00,9.00,-1.00,1,,IN,India,10,0,0
adil aijaz,10,0,0,0,,8.00,9.00,1.00,1,,US,United States,10,0,0
.ci,70,0,0,0,,11.00,10.00,-1.00,1,,US,United States,70,0,0
null pointer exception error,10,0,0,0,,10.00,10.00,0.00,1,,US,United States,10,0,0
aggregate awareness looker,10,0,0,0,,10.00,10.00,0.00,1,,US,United States,10,0,0
java string methods,10,,0,,,,10.00,,1,1,ES,Spain,10,0,
service level indicators,50,,0,,,,4.33,,3,3,CA,Canada,50,0,
ci and cd,550,0,0,0,,31.00,12.50,-18.50,2,1,IN,India,550,0,0
multi stage docker build,200,,0,,,,24.00,,1,1,IN,India,200,0,
environmental staging,20,0,,,,8.00,,,0,-1,US,United States,20,0,
cloud optimization software,200,,0,,,,24.00,,1,1,US,United States,200,0,
artifacts in computer science,10,0,0,0,,8.00,9.00,1.00,1,,US,United States,10,0,0
slack notification,250,0,0,0,,26.00,26.00,0.00,1,,IN,India,250,0,0
search_keywords,2700,,0,,,,37.00,,1,1,US,United States,2700,0,
a type ii error is committed when _____.,10,0,0,0,,7.00,7.00,0.00,1,,US,United States,10,0,0
tujuan penggunaan eksekusi bersyarat adalah,0,0,0,0,,5.00,6.00,1.00,1,,ID,Indonesia,0,0,0
crud operations in nodejs,0,0,0,0,,6.00,6.00,0.00,1,,IN,India,0,0,0
k8s crd example,10,,0,,,,11.00,,1,1,US,United States,10,0,
continuous integration vs continuous delivery,350,0,,,,27.00,,,0,-1,US,United States,350,0,
what is containerisation,300,0,0,0,,27.00,25.00,-2.00,1,,ZW,Zimbabwe,300,0,0
netapp spot,150,0,0,0,,22.00,22.00,0.00,1,,US,United States,150,0,0
github actions vs,10,,0,,,,11.00,,1,1,US,United States,10,0,
fullstory js,10,0,0,0,,11.00,11.00,0.00,1,,US,United States,10,0,0
bitbucket pipelines parallel steps,20,0,,,,12.00,,,0,-1,US,United States,20,0,
sast scanner,200,,0,,,,25.00,,1,1,US,United States,200,0,
correct order of sdlc,0,0,0,0,,4.00,3.00,-1.00,1,,IN,India,0,0,0
infrastructure as code definition,150,0,0,0,,22.00,4.00,-18.00,1,,US,United States,150,0,0
software supply chain security companies,500,0,0,0,,29.00,29.00,0.00,1,,US,United States,500,0,0
github actions pricing,1400,1,0,-1,,19.00,36.67,17.67,3,2,IN,India,1400,0,-1
system development life cycle project management,40,0,,,,4.00,,,0,-1,US,United States,40,0,
run docker in docker,10,,0,,,,8.00,,1,1,CA,Canada,10,0,
update helm version,10,0,,,,8.00,,,0,-1,US,United States,10,0,
terraform opentofu,10,0,0,0,,8.00,9.00,1.00,1,,IN,India,10,0,0
spinnaker kubernetes,10,0,,,,8.00,,,0,-1,RU,Russian Federation,10,0,
spinnaker canary,10,0,0,0,,8.00,8.00,0.00,1,,US,United States,10,0,0
docker build and push to registry,10,0,0,0,,9.00,8.00,-1.00,1,,US,United States,10,0,0
phases of system analysis,10,0,0,0,,8.00,8.00,0.00,1,,US,United States,10,0,0
what is ci in jenkins,10,0,0,0,,8.00,8.00,0.00,1,,IN,India,10,0,0
what is the process of software development,10,0,,,,1.00,,,0,-1,IN,India,10,0,
define type 2 error,20,0,0,0,,5.00,5.00,0.00,1,,US,United States,20,0,0
mocks,670,0,0,0,,40.50,7.67,-32.83,3,1,PK,Pakistan,670,0,0
type i and type ii error,350,,0,,,,26.00,,1,1,IN,India,350,0,
mend login,300,,0,,,,26.00,,1,1,US,United States,300,0,
devops automated testing,500,,0,,,,29.00,,1,1,US,United States,500,0,
sli definition,80,0,,,,1.00,,,0,-1,US,United States,80,0,
harness meaning,23010,0,0,0,,52.60,44.88,-7.73,8,3,US,United States,23010,0,0
software delivery,400,0,0,0,,1.00,3.00,2.00,1,,US,United States,400,0,0
kustomize overlay,30,0,0,0,,15.00,15.00,0.00,1,,US,United States,30,0,0
what is an open source software,150,1,0,-1,,14.00,19.00,5.00,1,,US,United States,150,0,-1
api approval process,0,0,0,0,,7.00,5.00,-2.00,1,,US,United States,0,0,0
what is a rollback plan,0,0,0,0,,5.00,5.00,0.00,1,,AU,Australia,0,0,0
what is a type i error,200,0,0,0,,45.00,1.00,-44.00,1,,US,United States,200,0,0
integration test vs unit test,200,0,0,0,,1.00,1.00,0.00,2,1,US,United States,200,0,0
rego programming language,50,,0,,,,19.00,,1,1,US,United States,50,0,
what are ci/cd pipelines,250,,0,,,,1.00,,1,1,US,United States,250,0,
redis stream,650,0,0,0,,65.00,43.50,-21.50,2,1,KR,South Korea,650,0,0
aws lambda status,10,,0,,,,9.00,,1,1,CA,Canada,10,0,
define type 1 error,30,0,0,0,,11.00,11.00,0.00,1,,US,United States,30,0,0
kubernetes delete service,10,0,0,0,,11.00,10.00,-1.00,1,,US,United States,10,0,0
root module,10,,0,,,,10.00,,1,1,US,United States,10,0,
off cycle release,10,0,,,,11.00,,,0,-1,US,United States,10,0,
java aws lambda example,10,0,,,,11.00,,,0,-1,IN,India,10,0,
publish to artifactory,10,0,,,,10.00,,,0,-1,US,United States,10,0,
terraform destroy plan,10,0,0,0,,10.00,10.00,0.00,1,,CA,Canada,10,0,0
slo performance,10,0,0,0,,10.00,10.00,0.00,1,,US,United States,10,0,0
sdlc concept,10,0,,,,11.00,,,0,-1,IN,India,10,0,
cloud cost optimization benefits,10,,0,,,,13.00,,1,1,US,United States,10,0,
ai based test automation tools,300,0,,,,27.00,,,0,-1,US,United States,300,0,
hearness,20,0,0,0,,10.00,7.00,-3.00,1,,BR,Brazil,20,0,0
what is chaos engineering,300,0,0,0,,1.00,1.00,0.00,1,,US,United States,300,0,0
google cloud run,300,17,0,-17,,16.50,26.00,9.50,1,-1,IN,India,300,0,-17
apa itu keandalan,80,0,,,,21.00,,,0,-1,ID,Indonesia,80,0,
what is alpha version,10,,0,,,,12.00,,1,1,US,United States,10,0,
github code spaces,250,,0,,,,25.00,,1,1,US,United States,250,0,
jetbrains rider,250,0,0,0,,25.00,25.00,0.00,1,,DK,Denmark,250,0,0
express typescript types,10,,0,,,,9.00,,1,1,US,United States,10,0,
process of software development life cycle,10,0,0,0,,9.00,1.00,-8.00,1,,IN,India,10,0,0
flutter sdk developer,10,,0,,,,9.00,,1,1,US,United States,10,0,
what is sanity check,150,0,0,0,,1.00,1.00,0.00,1,-1,IN,India,150,0,0
deployment pipeline enables collaboration.,20,0,0,0,,11.00,9.00,-2.00,1,,IN,India,20,0,0
green canary,150,0,0,0,,19.00,18.00,-1.00,1,,US,United States,150,0,0
what is dast scanning,200,,0,,,,25.00,,1,1,US,United States,200,0,
slo software meaning,10,0,0,0,,9.00,9.00,0.00,1,,US,United States,10,0,0
what is a canary,1500,0,,,,24.00,,,0,-1,US,United States,1500,0,
#test #test-in-prod,10,,0,,,,10.00,,1,1,US,United States,10,0,
what is enabled by the key components of the cdp,0,,0,,,,5.00,,1,1,US,United States,0,0,
devsecops principles,450,,0,,,,29.00,,1,1,US,United States,450,0,
about:version,20,,0,,,,10.00,,1,1,US,United States,20,0,
what is rag in ai,5300,,0,,,,40.00,,1,1,US,United States,5300,0,
what is mocking,450,,0,,,,24.00,,1,1,US,United States,450,0,
continuous integration and continuous deployment,300,0,0,0,,60.00,27.00,-33.00,1,-1,US,United States,300,0,0
dynamic application security testing dast,250,0,0,0,,26.00,26.00,0.00,1,,US,United States,250,0,0
what is a pull request?,50,0,,,,19.00,,,0,-1,US,United States,50,0,
gcp cloud functions,150,,0,,,,24.00,,1,1,US,United States,150,0,
spinnaker ui,20,0,0,0,,16.00,16.00,0.00,1,,US,United States,20,0,0
agile sprint metrics,10,0,,,,11.00,,,0,-1,US,United States,10,0,
terraform provision,10,0,0,0,,12.00,12.00,0.00,1,,US,United States,10,0,0
ci in jenkins,10,,0,,,,11.00,,1,1,IN,India,10,0,
jenkins vs,10,0,0,0,,11.00,11.00,0.00,1,,CA,Canada,10,0,0
cloudcheckr netapp,10,0,,,,11.00,,,0,-1,US,United States,10,0,
software features list,10,0,0,0,,9.00,10.00,1.00,1,,US,United States,10,0,0
sanity test,280,1,0,-1,,16.75,17.67,0.92,3,-1,US,United States,280,0,-1
release management tool,250,0,0,0,,36.00,27.00,-9.00,1,,US,United States,250,0,0
what is repository,1300,0,0,0,,31.00,31.00,0.00,2,,IN,India,1300,0,0
devops service,300,,0,,,,26.00,,1,1,US,United States,300,0,
runbook,3250,0,0,0,,48.00,37.67,-10.33,3,2,IN,India,3250,0,0
wat is ab testing,0,0,0,0,,9.00,7.00,-2.00,1,,US,United States,0,0,0
stage software developer,0,0,,,,7.00,,,0,-1,US,United States,0,0,
helm delete chart,0,,0,,,,7.00,,1,1,FR,France,0,0,
multi cloud dashboard,10,0,,,,8.00,,,0,-1,RU,Russian Federation,10,0,
automated implementation of an application's build,10,,0,,,,8.00,,1,1,IN,India,10,0,
segment python sdk,10,0,0,0,,7.00,8.00,1.00,1,,US,United States,10,0,0
diff between black box and white box,10,,0,,,,8.00,,1,1,IN,India,10,0,
agile product delivery,10,0,,,,8.00,,,0,-1,CA,Canada,10,0,
dast scanning,450,0,0,0,,47.00,29.00,-18.00,1,,US,United States,450,0,0
kubernetes cost management,300,0,0,0,,26.00,26.00,0.00,1,,US,United States,300,0,0
cdk bootstrap,200,1,0,-1,,20.00,26.00,6.00,1,,US,United States,200,0,-1
nullpointerexception java,260,0,0,0,,20.00,7.33,-12.67,3,1,GB,United Kingdom,260,0,0
k8s service,200,4,0,-4,,3.00,3.00,0.00,1,,US,United States,200,0,-4
ci cd pipelines,200,0,0,0,,1.00,1.00,0.00,1,,US,United States,200,0,0
what is policy as code,350,0,0,0,,26.00,1.00,-25.00,1,,US,United States,350,0,0
python write parquet to s3,0,0,0,0,,4.00,4.00,0.00,1,,US,United States,0,0,0
staging meaning software,0,0,0,0,,1.00,1.00,0.00,1,,IN,India,0,0,0
flow metrics,200,,0,,,,26.00,,1,1,US,United States,200,0,
helm upgrade failed,10,,0,,,,9.00,,1,1,US,United States,10,0,
sonar configuration,10,0,0,0,,10.00,9.00,-1.00,1,,US,United States,10,0,0
ecs fargate cpu,10,0,,,,9.00,,,0,-1,US,United States,10,0,
oss,600,,0,,,,31.00,,1,1,RU,Russian Federation,600,0,
sdlc in testing,30,,0,,,,3.00,,1,1,US,United States,30,0,
continuous monitoring devops,150,0,,,,25.00,,,0,-1,US,United States,150,0,
nexus 3 supports docker format.,0,0,,,,6.00,,,0,-1,IN,India,0,0,
static code analysis,2450,0,0,0,,36.00,36.33,0.33,3,1,IN,India,2450,0,0
docker multistage build,500,0,0,0,,36.00,29.50,-6.50,2,,US,United States,500,0,0
#test-in-prod,10,,0,,,,8.00,,1,1,US,United States,10,0,
ci deployment,80,0,,,,22.00,,,0,-1,US,United States,80,0,
stages in system development life cycle,10,0,0,0,,1.00,1.00,0.00,1,,NG,Nigeria,10,0,0
what is blackduck scan,10,0,,,,11.00,,,0,-1,US,United States,10,0,
signal fx,10,,0,,,,11.00,,1,1,CA,Canada,10,0,
nodejs crud operation,10,0,,,,12.00,,,0,-1,IN,India,10,0,
asg to,10,0,0,0,,10.00,10.00,0.00,1,,TH,Thailand,10,0,0
what is sanity testing,1700,0,0,0,,27.00,27.00,0.00,2,1,IN,India,1700,0,0
blue green deployment model,100,,0,,,,23.00,,1,1,US,United States,100,0,
repository software,200,,0,,,,1.00,,1,1,US,United States,200,0,
mkdocs plugins,10,0,0,0,,12.00,12.00,0.00,1,,US,United States,10,0,0
what is release management,540,0,0,0,,14.50,12.25,-2.25,4,,RU,Russian Federation,540,0,0
a/b website testing,10,,0,,,,11.00,,1,1,US,United States,10,0,
k8s deployment rolling update,10,0,,,,10.00,,,0,-1,US,United States,10,0,
label selector kubernetes,10,0,0,0,,10.00,10.00,0.00,1,,US,United States,10,0,0
steps in system development life cycle,10,0,0,0,,10.00,10.00,0.00,1,,IN,India,10,0,0
google tag manager async,10,0,,,,10.00,,,0,-1,US,United States,10,0,
code management best practices,10,0,,,,10.00,,,0,-1,US,United States,10,0,
e2e test,150,,0,,,,25.00,,1,1,US,United States,150,0,
dast scanner,200,0,0,0,,33.00,27.00,-6.00,1,,US,United States,200,0,0
terraform variables,150,,0,,,,24.00,,1,1,GB,United Kingdom,150,0,
git flow diagram,350,,0,,,,28.50,,2,2,IN,India,350,0,
unit tests vs integration tests,200,0,0,0,,11.00,11.00,0.00,1,,US,United States,200,0,0
usability testing methods,350,,0,,,,29.00,,1,1,US,United States,350,0,
iac security scanning,80,0,,,,22.00,,,0,-1,US,United States,80,0,
what is a segment,3050,0,0,0,,61.50,58.00,-3.50,3,1,US,United States,3050,0,0
software development life cycle testing,200,,0,,,,5.00,,1,1,US,United States,200,0,
devops means,600,0,0,0,,42.00,28.00,-14.00,1,,IN,India,600,0,0
fixed input,30,,0,,,,9.00,,1,1,US,United States,30,0,
devsecops encourages creativity and experimentation.,10,,0,,,,9.00,,1,1,IN,India,10,0,
google cloud functions,1150,0,0,0,,16.00,21.50,5.50,2,1,IN,India,1150,0,0
prisma scans,10,0,0,0,,13.50,13.50,0.00,2,,GB,United Kingdom,10,0,0
deployment models in cloud computing,600,0,0,0,,30.00,32.00,2.00,1,,IN,India,600,0,0
developer productivity metrics,200,0,0,0,,26.00,26.00,0.00,1,,US,United States,200,0,0
devsecops full form,250,7,0,-7,,10.00,27.00,17.00,1,,IN,India,250,0,-7
looker dashboards,100,,0,,,,24.00,,1,1,US,United States,100,0,
k6 load testing example,20,,0,,,,16.00,,1,1,US,United States,20,0,
slack notifications,60,0,,,,20.00,,,0,-1,IN,India,60,0,
flow github,40,0,,,,18.00,,,0,-1,US,United States,40,0,
delivery software,800,,0,,,,32.00,,1,1,US,United States,800,0,
dashboarding,1200,0,0,0,,32.50,31.00,-1.50,2,,IN,India,1200,0,0
the following is a fair statement about devops,10,,0,,,,11.00,,1,1,IN,India,10,0,
selector kubernetes,10,,0,,,,11.00,,1,1,US,United States,10,0,
sast in security testing,10,0,,,,12.00,,,0,-1,IN,India,10,0,
checkmarx github,40,0,,,,18.00,,,0,-1,US,United States,40,0,
enable disable artinya,450,,0,,,,29.00,,1,1,ID,Indonesia,450,0,
observability software,500,1,0,-1,,24.00,1.00,-23.00,1,,US,United States,500,0,-1
sanity check,5800,0,0,0,,39.14,52.10,12.96,10,3,IN,India,5800,0,0
what is devsecops methodology,200,0,0,0,,22.00,26.00,4.00,1,,US,United States,200,0,0
horney,8800,,0,,,,37.00,,1,1,IN,India,8800,0,
github pr template,350,0,0,0,,40.00,29.00,-11.00,1,,US,United States,350,0,0
snyk iac,10,9,0,-9,,7.50,9.00,1.50,1,-1,US,United States,10,0,-9
cannary deployment,10,0,0,0,,11.00,10.00,-1.00,1,,IN,India,10,0,0
serverless deploy,10,,0,,,,9.00,,1,1,RU,Russian Federation,10,0,
delete kubernetes deployment,10,0,0,0,,11.00,10.00,-1.00,1,-1,US,United States,10,0,0
split testing is also known as,0,0,0,0,,8.00,8.00,0.00,1,,IN,India,0,0,0
aqua scnas,0,0,,,,8.00,,,0,-1,US,United States,0,0,
what is the first step of the sdlc?,0,0,0,0,,9.00,9.00,0.00,1,,US,United States,0,0,0
development lifecycle,200,0,0,0,,1.33,1.00,-0.33,1,-2,US,United States,200,0,0
trunk based development vs gitflow,250,0,0,0,,28.00,28.00,0.00,1,,US,United States,250,0,0
kustomization.yaml example,20,0,0,0,,15.00,15.00,0.00,1,,US,United States,20,0,0
cloud deployment,1150,0,0,0,,28.00,31.50,3.50,2,,IN,India,1150,0,0
igor jenkins,0,0,0,0,,6.00,5.00,-1.00,1,,US,United States,0,0,0
open source platform,150,0,0,0,,20.00,20.00,0.00,1,,US,United States,150,0,0
monolith to microservices,250,0,,,,27.00,,,0,-1,US,United States,250,0,
which of the following is the first step of sdlc,10,,0,,,,10.00,,1,1,IN,India,10,0,
continuous deployment must be followed to practice continuous delivery.,10,0,,,,10.00,,,0,-1,IN,India,10,0,
what does slo stand for,300,0,0,0,,44.00,21.00,-23.00,1,,US,United States,300,0,0
branching strategy,800,0,0,0,,30.67,31.50,0.83,2,-1,DK,Denmark,800,0,0
datadog integrations,350,0,,,,28.00,,,0,-1,US,United States,350,0,
open academy offers oss,0,0,0,0,,7.00,7.00,0.00,1,,US,United States,0,0,0
artifacts definition in software,0,0,0,0,,7.00,8.00,1.00,1,,US,United States,0,0,0
when is a type ii error committed,0,0,0,0,,9.00,8.00,-1.00,1,,PH,Philippines,0,0,0
software development approach aims to enhance the collaboration,0,,0,,,,7.00,,1,1,IN,India,0,0,
a type ii error occurs when one,0,1,0,-1,,1.00,8.00,7.00,1,,US,United States,0,0,-1
how to find keywords in source code,400,,0,,,,30.00,,1,1,US,United States,400,0,
cd service,17000,,0,,,,4.00,,1,1,IN,India,17000,0,
what is canary,950,1,0,-1,,34.50,16.00,-18.50,2,,IN,India,950,0,-1
value stream management,500,0,,,,29.00,,,0,-1,US,United States,500,0,
sbom security,500,0,0,0,,28.00,31.00,3.00,1,,US,United States,500,0,0
supply chain level,0,0,0,0,,9.00,9.00,0.00,1,,US,United States,0,0,0
iac scanning,200,,0,,,,27.00,,1,1,US,United States,200,0,
what are artifacts,1600,,0,,,,29.00,,1,1,US,United States,1600,0,
active users meaning,10,0,0,0,,10.00,12.00,2.00,1,,US,United States,10,0,0
serverless lambda,10,,0,,,,11.00,,1,1,RU,Russian Federation,10,0,
life cycle methodologies,10,0,0,0,,10.00,11.00,1.00,1,,US,United States,10,0,0
which model uses a sequential design process?,10,,0,,,,11.00,,1,1,US,United States,10,0,
test driven development vs agile,10,0,,,,10.00,,,0,-1,US,United States,10,0,
devops source code management,10,0,0,0,,8.00,10.00,2.00,1,,US,United States,10,0,0
git workflow diagram,450,0,0,0,,35.00,20.00,-15.00,2,,IN,India,450,0,0
software service level agreement,900,,0,,,,34.00,,1,1,US,United States,900,0,
multivariate testing tool,100,0,,,,23.00,,,0,-1,US,United States,100,0,
space framework,390,0,0,0,,87.00,58.50,-28.50,2,1,AU,Australia,390,0,0
ci/cd automation,300,0,0,0,,29.00,29.00,0.00,1,,US,United States,300,0,0
microservices spring boot,250,,0,,,,29.00,,1,1,IN,India,250,0,
gcp logging pricing,30,0,0,0,,18.00,18.00,0.00,1,,US,United States,30,0,0
npm ci,5350,0,0,0,,40.00,43.38,3.38,8,,IN,India,5350,0,0
what is false positive,350,0,0,0,,32.00,24.00,-8.00,1,,SG,Singapore,350,0,0
deployment models of cloud computing,1300,0,0,0,,32.00,35.00,3.00,1,,IN,India,1300,0,0
what is sast and dast,200,,0,,,,27.00,,1,1,US,United States,200,0,
static application security test,60,0,,,,22.00,,,0,-1,US,United States,60,0,
just in time provisioning,300,0,0,0,,32.00,29.00,-3.00,1,,US,United States,300,0,0
the most straightforward approach to implement iac is,10,0,0,0,,9.00,12.00,3.00,1,,IN,India,10,0,0
ci/cd definition,150,1,0,-1,,1.00,26.00,25.00,1,,US,United States,150,0,-1
vim yaml indent,0,0,0,0,,7.00,9.00,2.00,1,,US,United States,0,0,0
what should be configured to create a continuous delivery pipeline,0,,0,,,,9.00,,1,1,IN,India,0,0,
hashicorp gpg key,10,,0,,,,10.00,,1,1,US,United States,10,0,
feature flag gitlab,10,0,0,0,0,11.00,10.00,-1.00,1,,FR,France,10,0,0
activities of fdd,10,,0,,,,11.00,,1,1,IN,India,10,0,
aws cloud cost optimization,500,0,0,0,,46.00,32.00,-14.00,1,,US,United States,500,0,0
github delete branch after merge,250,0,0,0,,29.00,29.00,0.00,1,-1,US,United States,250,0,0
testing in production,200,0,0,0,,27.00,27.00,0.00,1,,US,United States,200,0,0
a type ii error occurs when we...,0,0,0,0,,9.00,7.00,-2.00,1,,US,United States,0,0,0
difference between smoke and sanity testing with real time example,0,0,0,0,,6.00,6.00,0.00,1,,IN,India,0,0,0
in sast software artifacts are analyzed to uncover vulnerabilities during,0,0,0,0,,10.00,7.00,-3.00,1,,IN,India,0,0,0
aws redis,800,,0,,,,32.67,,3,3,GB,United Kingdom,800,0,
armory inc,10,0,0,0,,11.00,11.00,0.00,1,,US,United States,10,0,0
saas alerts,500,,0,,,,31.00,,1,1,US,United States,500,0,
service in kubernetes,150,,0,,,,27.00,,1,1,IN,India,150,0,
what is a harness,400,0,0,0,,31.00,22.00,-9.00,1,,US,United States,400,0,0
define open source,200,,0,,,,21.00,,1,1,US,United States,200,0,
which phase of sdlc begins the process?,0,0,0,0,,3.00,4.00,1.00,1,,US,United States,0,0,0
source code management tool in devops,0,0,0,0,,4.00,3.00,-1.00,1,,IN,India,0,0,0
secure software,950,0,,,,47.50,,,0,-2,US,United States,950,0,
courtside raleigh,20,0,0,0,,16.00,16.00,0.00,1,,US,United States,20,0,0
browser stack,9050,,0,,,,29.57,,7,7,DE,Germany,9050,0,
helm build chart locally,0,0,0,0,,8.00,8.00,0.00,1,,US,United States,0,0,0
devops wall of confusion,0,0,0,0,,10.00,8.00,-2.00,1,,US,United States,0,0,0
gcp committed use discount,70,,0,,,,23.00,,1,1,US,United States,70,0,
what is feature toggle in devops,10,,0,,,,10.00,,1,1,US,United States,10,0,
harness women,2900,,0,,,,32.00,,1,1,DE,Germany,2900,0,
rollback,2610,1,0,-1,,34.83,45.50,10.67,8,2,IN,India,2610,0,-1
multi cloud deployment,500,0,0,0,,34.00,32.00,-2.00,1,,US,United States,500,0,0
ai for testing,250,,0,,,,29.00,,1,1,US,United States,250,0,
event stream,200,0,0,0,,43.50,26.00,-17.50,1,-1,US,United States,200,0,0
seismic lessonly,50,0,0,0,,21.00,21.00,0.00,1,,US,United States,50,0,0
what is a repository,2300,0,0,0,,31.00,31.50,0.50,2,1,US,United States,2300,0,0
what is argo,500,0,0,0,,30.00,26.00,-4.00,1,,US,United States,500,0,0
what is cloud cost management,80,,0,,,,24.00,,1,1,US,United States,80,0,
k8s job,200,,0,,,,28.00,,1,1,US,United States,200,0,
what does arm an abbreviation for in azure?,10,0,0,0,,12.00,12.00,0.00,1,,IN,India,10,0,0
ci-,400,0,0,0,,16.00,19.00,3.00,1,,US,United States,400,0,0
smoke testing,1000,3,0,-3,,57.60,63.67,6.07,3,-2,US,United States,1000,0,-3
iac scanner,200,,0,,,,29.00,,1,1,US,United States,200,0,
a type ii error occurs when:,0,0,0,0,,10.00,6.00,-4.00,1,,US,United States,0,0,0
keandalan adalah,400,,0,,,,27.00,,1,1,ID,Indonesia,400,0,
white and black box testing,200,0,0,0,,1.00,28.00,27.00,1,,US,United States,200,0,0
sre devops,400,0,0,0,,44.00,58.00,14.00,2,1,US,United States,400,0,0
dotnet blog,220,0,,,,32.00,,,0,-2,US,United States,220,0,
black box testing is also called as,10,,0,,,,12.00,,1,1,IN,India,10,0,
change target branch of pull request,10,0,0,0,,11.00,11.00,0.00,1,,US,United States,10,0,0
red black deployment can be implemented on,10,0,,,,12.00,,,0,-1,IN,India,10,0,
agency hub harnes,0,,0,,,,10.00,,1,1,ES,Spain,0,0,
open terraform,0,0,0,0,,10.25,10.00,-0.25,1,-3,GB,United Kingdom,0,0,0
what is the first step in sdlc,0,0,0,0,,12.00,11.00,-1.00,1,,IN,India,0,0,0
devops solutions and services,1300,,0,,,,37.00,,1,1,US,United States,1300,0,
the traditional label,500,,0,,,,32.00,,1,1,IN,India,500,0,
sci cloud services,150,,0,,,,26.00,,1,1,US,United States,150,0,
changelog,5450,0,0,0,,40.00,58.89,18.89,9,5,IN,India,5450,0,0
google cloud console login,500,,0,,,,32.00,,1,1,IN,India,500,0,
pull requests,300,0,0,0,,35.00,28.00,-7.00,1,,US,United States,300,0,0
a phase in where design is laid down for implementation,0,,0,,,,7.00,,1,1,PH,Philippines,0,0,
seismic acquires lessonly,0,0,,,,7.00,,,0,-1,US,United States,0,0,
sdlc models,7680,0,0,0,,20.17,17.71,-2.45,7,1,US,United States,7680,0,0
define harness,300,0,0,0,,28.00,20.00,-8.00,1,,US,United States,300,0,0
lightspeed l series login,430,,0,,,,32.50,,2,2,CA,Canada,430,0,
null pointer exception java,750,0,0,0,,9.00,14.67,5.67,3,2,GB,United Kingdom,750,0,0
kyverno policies,0,,0,,,,9.00,,1,1,NL,Netherlands,0,0,
black box testing sometimes called,0,0,0,0,,10.00,10.00,0.00,1,,IN,India,0,0,0
branching strategy in git,350,0,0,0,,32.00,32.00,0.00,1,,IN,India,350,0,0
what is sanity test,70,0,,,,24.00,,,0,-1,IN,India,70,0,
gitlab ci,5140,0,0,0,,33.00,30.10,-2.90,10,2,CH,Switzerland,5140,0,0
terraform detailed-exitcode,10,0,0,0,,17.00,17.00,0.00,1,,US,United States,10,0,0
cicd pipelines,200,,0,,,,29.00,,1,1,US,United States,200,0,
rollbacks,300,0,0,0,,26.00,26.00,0.00,1,,US,United States,300,0,0
spring boot microservices,1900,0,0,0,,31.00,33.00,2.00,2,,IN,India,1900,0,0
kubernetes crd,250,0,0,0,,30.00,30.00,0.00,1,,US,United States,250,0,0
prune hup,0,0,0,0,,9.00,10.00,1.00,1,,US,United States,0,0,0
how to fix null pointer exception,0,0,0,0,,8.00,7.00,-1.00,1,,US,United States,0,0,0
developerhub,30,0,0,0,,4.00,3.00,-1.00,1,,US,United States,30,0,0
continuous delivery in microservices,0,0,0,0,,10.00,9.00,-1.00,1,,US,United States,0,0,0
dast testing,650,0,0,0,,29.00,34.00,5.00,2,1,US,United States,650,0,0
scm tools,650,0,0,0,,43.50,35.00,-8.50,2,,US,United States,650,0,0
ab testing definition,450,0,0,0,,33.00,33.00,0.00,1,,US,United States,450,0,0
code branching strategy,200,,0,,,,29.00,,1,1,US,United States,200,0,
redis system requirements,20,0,0,0,,18.00,18.00,0.00,1,,US,United States,20,0,0
fortify static code analyzer,100,0,0,0,,27.00,27.00,0.00,1,,US,United States,100,0,0
what is infrastructure as a code,90,0,,,,26.00,,,0,-1,US,United States,90,0,
when is a type ii error committed?,0,0,0,0,,12.00,12.00,0.00,1,,PH,Philippines,0,0,0
in which phase of threat model,0,0,,,,11.00,,,0,-1,IN,India,0,0,
what is power analysis,200,1,0,-1,,17.00,27.00,10.00,1,,US,United States,200,0,-1
elastic cache,200,,0,,,,27.00,,1,1,IN,India,200,0,
first step in the software development life cycle,0,0,0,0,,11.00,9.00,-2.00,1,,IN,India,0,0,0
harness statement example,0,,0,,,,8.00,,1,1,CA,Canada,0,0,
spinnaker armory,0,0,0,0,,8.00,8.00,0.00,1,,US,United States,0,0,0
supply chain security,1000,0,,,,39.50,,,0,-2,IN,India,1000,0,
continuous integration security,60,,0,,,,1.00,,1,1,US,United States,60,0,
public cloud cost management,10,0,,,,13.00,,,0,-1,US,United States,10,0,
sdlc means,310,0,0,0,,1.00,1.00,0.00,3,2,IN,India,310,0,0
what is the process of continuous deployment,0,0,0,0,,6.00,5.00,-1.00,1,,IN,India,0,0,0
release branching strategy git,0,0,0,0,,6.00,6.00,0.00,1,,US,United States,0,0,0
an artifact repository is,0,0,0,0,,5.00,6.00,1.00,1,,IN,India,0,0,0
single sign on ldap active directory,0,0,0,0,,5.00,5.00,0.00,1,,RU,Russian Federation,0,0,0
open source software defined,0,,0,,,,10.00,,1,1,US,United States,0,0,
selector k8s,0,0,0,0,,10.00,10.00,0.00,1,,RU,Russian Federation,0,0,0
managing aws costs,0,0,,,,11.00,,,0,-1,US,United States,0,0,
first step in sdlc framework,0,,0,,,,1.00,,1,1,IN,India,0,0,
the first step in software development life cycle is,0,0,0,0,,10.00,1.00,-9.00,1,,IN,India,0,0,0
bazel ci,0,,0,,,,11.00,,1,1,US,United States,0,0,
helm hooks,150,,0,,,,28.00,,1,1,US,United States,150,0,
feature toggle,850,5,0,-5,,26.50,37.67,11.17,3,1,IN,India,850,0,-5
helm release namespace,10,0,0,0,,18.00,18.00,0.00,1,,US,United States,10,0,0
segment login,150,0,,,,27.00,,,0,-1,IL,Israel,150,0,
what is sdlc in software testing,150,0,0,0,,3.00,29.00,26.00,1,,IN,India,150,0,0
resource constraints,150,0,0,0,,25.00,25.00,0.00,1,,IN,India,150,0,0
define features,800,0,,,,27.00,,,0,-2,IN,India,800,0,
feature flag tools,200,,0,,,,30.00,,1,1,US,United States,200,0,
ai based software development,200,,0,,,,30.00,,1,1,US,United States,200,0,
delivery dot com,200,,0,,,,29.00,,1,1,IN,India,200,0,
ai testing software,200,,0,,,,30.00,,1,1,US,United States,200,0,
define type 1 and type 2 error,150,0,,,,29.00,,,0,-1,IN,India,150,0,
system development cycle,100,0,0,0,,6.00,2.00,-4.00,1,,NG,Nigeria,100,0,0
value stream mapping software,500,0,0,0,,34.00,35.00,1.00,1,,US,United States,500,0,0
automation tools in devops,50,,0,,,,1.00,,1,1,US,United States,50,0,
fallback,2520,0,0,0,,40.50,44.14,3.64,7,5,US,United States,2520,0,0
enables continuous value delivery,30,0,0,0,,8.00,11.00,3.00,1,,IN,India,30,0,0
deployment strategy kubernetes,200,,0,,,,30.00,,1,1,US,United States,200,0,
devops definition,1250,0,0,0,,43.33,28.50,-14.83,2,-1,IN,India,1250,0,0
github code owners,250,0,0,0,,38.00,30.00,-8.00,1,,US,United States,250,0,0
who owns sprint commitments,200,0,,,,31.00,,,0,-1,IN,India,200,0,
discovery hub,900,,0,,,,36.00,,1,1,US,United States,900,0,
what is automation testing,250,,0,,,,29.00,,1,1,US,United States,250,0,
what is white box testing,300,0,0,0,,24.00,30.00,6.00,1,,US,United States,300,0,0
dev io,200,0,,,,29.00,,,0,-1,IN,India,200,0,
shift left security testing,350,1,0,-1,,22.00,34.00,12.00,1,,US,United States,350,0,-1
amazon cost management,60,0,0,0,,25.00,25.00,0.00,1,,US,United States,60,0,0
web app deployment,200,0,,,,30.00,,,0,-1,US,United States,200,0,
system development life cycle,7160,1,0,-1,,9.85,7.81,-2.04,16,-4,ZW,Zimbabwe,7160,0,-1
overops,50,0,,,,3.50,,,0,-2,US,United States,50,0,
infrastructure as a code,800,0,0,0,,23.00,34.00,11.00,2,,US,United States,800,0,0
sonar scan,1200,,0,,,,30.00,,1,1,ZA,South Africa,1200,0,
ml ai,300,0,,,,32.00,,,0,-1,IN,India,300,0,
regression tests,450,0,,,,31.00,,,0,-1,US,United States,450,0,
cicd full form,2700,7,0,-7,,18.00,1.00,-17.00,1,,IN,India,2700,0,-7
jira flag ticket,0,0,0,0,,9.00,9.00,0.00,1,,US,United States,0,0,0
what are the 5 stages of sdlc?,0,0,0,0,,10.00,10.00,0.00,1,,US,United States,0,0,0
which is the first phase of system development life cycle,0,0,0,0,,1.00,10.00,9.00,1,,IN,India,0,0,0
continuous delivery encourages configuration as code.,0,,0,,,,9.00,,1,1,US,United States,0,0,
infrastructure as code scanning,70,0,,,,26.00,,,0,-1,US,United States,70,0,
sso integration,350,,0,,,,30.00,,1,1,US,United States,350,0,
mttr definition,470,0,0,0,,36.33,13.00,-23.33,2,-1,US,United States,470,0,0
principle of open source software,0,0,0,0,,1.00,7.00,6.00,1,,IN,India,0,0,0
write parquet to s3,0,0,0,0,,6.00,6.00,0.00,1,,US,United States,0,0,0
techdocs backstage,20,,0,,,,19.00,,1,1,US,United States,20,0,
sast static application security testing,40,,0,,,,23.00,,1,1,US,United States,40,0,
maintenance is the final phase in waterfall model.,0,0,0,0,,11.00,11.00,0.00,1,,IN,India,0,0,0
harnessing statement example,0,0,,,,11.00,,,0,-1,CA,Canada,0,0,
developer portal is mainly designed for,0,0,0,0,,10.00,10.00,0.00,1,,IN,India,0,0,0
node mongodb crud,800,0,0,0,,36.00,36.00,0.00,1,-1,BD,Bangladesh,800,0,0
phases of devops,90,0,0,0,,27.00,27.00,0.00,1,,IN,India,90,0,0
rego language,200,,0,,,,31.00,,1,1,US,United States,200,0,
what is chaos testing,150,,0,,,,29.00,,1,1,US,United States,150,0,
ternary,450,0,0,0,,30.00,29.00,-1.00,2,,TW,Taiwan,450,0,0
false negative and false positive,80,0,,,,27.00,,,0,-1,IN,India,80,0,
cloud development,1070,0,0,0,,40.00,41.50,1.50,2,,US,United States,1070,0,0
requirement gathering in sdlc,20,0,,,,4.00,,,0,-1,IN,India,20,0,
deployment models,300,0,0,0,,29.00,29.00,0.00,1,,IN,India,300,0,0
aws elasticache redis,200,0,0,0,,30.00,31.00,1.00,1,,US,United States,200,0,0
how many story points per sprint,200,0,0,0,,31.00,31.00,0.00,1,,US,United States,200,0,0
kubecon 2023,0,0,0,0,,17.00,13.50,-3.50,2,1,NO,Norway,0,0,0
policy as code,700,0,0,0,,40.00,37.00,-3.00,1,,US,United States,700,0,0
devsecops jobs,250,0,0,0,,31.00,31.00,0.00,1,,US,United States,250,0,0
microservices with spring boot,350,0,0,0,,36.00,34.00,-2.00,1,,IN,India,350,0,0
aws what's new,1400,,0,,,,39.00,,1,1,US,United States,1400,0,
sla adalah,9700,0,0,0,,46.00,46.00,0.00,1,,ID,Indonesia,9700,0,0
what is software supply chain security,350,0,0,0,,31.00,34.00,3.00,1,,US,United States,350,0,0
github pull request template,350,0,0,0,,33.00,34.00,1.00,1,,US,United States,350,0,0
azure web apps,150,,0,,,,30.00,,1,1,IN,India,150,0,
harness',20,21,0,-21,,1.00,3.00,2.00,1,,US,United States,20,0,-21
continuous integration vs continuous deployment,250,0,0,0,,27.00,32.00,5.00,1,,US,United States,250,0,0
helm repo add,200,0,,,,31.00,,,0,-1,US,United States,200,0,
sdlc types,200,0,0,0,,3.00,30.00,27.00,1,,IN,India,200,0,0
cloud expense management,250,1,0,-1,,10.00,33.00,23.00,1,,US,United States,250,0,-1
which stage of project solutioning confirms,0,0,,,,10.00,,,0,-1,IN,India,0,0,
steps within the development of a new project,0,0,0,0,,11.00,11.00,0.00,1,,US,United States,0,0,0
which two statements best describe elements of continuous delivery,0,0,0,0,,10.00,10.00,0.00,1,,IN,India,0,0,0
how is open source code used by developers?,0,,0,,,,10.00,,1,1,US,United States,0,0,
pre release software version,0,,0,,,,10.00,,1,1,US,United States,0,0,
observability meaning,1000,0,,,,47.00,,,0,-2,US,United States,1000,0,
application delivery management,350,,0,,,,34.00,,1,1,US,United States,350,0,
github codespace,1800,0,0,0,,31.00,41.00,10.00,2,1,IN,India,1800,0,0
system life cycle,200,0,0,0,,3.00,4.00,1.00,1,,US,United States,200,0,0
sdlc case study,10,0,,,,15.00,,,0,-1,IN,India,10,0,
what is a type 2 error?,0,,0,,,,8.00,,1,1,IN,India,0,0,
ai in software testing,850,0,0,0,,45.00,38.33,-6.67,3,2,IN,India,850,0,0
trivy scan,250,,0,,,,33.00,,1,1,IN,India,250,0,
powershell assign output to variable,0,0,0,0,,9.00,13.00,4.00,1,,US,United States,0,0,0
test automation,1700,0,0,0,,54.00,49.67,-4.33,6,3,KR,South Korea,1700,0,0
bitbucket port,10,0,0,0,,17.00,17.00,0.00,1,,US,United States,10,0,0
git branching strategies,200,0,0,0,,35.00,33.00,-2.00,1,,US,United States,200,0,0
feature engineering,10200,0,0,0,,60.00,66.40,6.40,10,2,AU,Australia,10200,0,0
b**** n******,500,0,,,,35.00,,,0,-1,ID,Indonesia,500,0,
what is static code analysis,250,0,0,0,,30.00,33.00,3.00,1,,US,United States,250,0,0
types of error in java,300,,0,,,,34.00,,1,1,IN,India,300,0,
data staging adalah,20,0,,,,22.00,,,0,-1,ID,Indonesia,20,0,
mock artinya,600,0,0,0,,43.00,36.00,-7.00,1,,ID,Indonesia,600,0,0
ci adalah,1000,0,0,0,,38.00,34.00,-4.00,1,,ID,Indonesia,1000,0,0
deployment architecture diagram,100,0,,,,28.00,,,0,-1,IN,India,100,0,
jenkins alternatives,300,,0,,,,34.00,,1,1,US,United States,300,0,
git branching strategy for multiple environments,50,0,0,0,,26.00,26.00,0.00,1,,IN,India,50,0,0
what is cto,10,0,,,,19.00,,,0,-1,RU,Russian Federation,10,0,
devops security,950,0,0,0,,85.00,45.25,-39.75,4,3,US,United States,950,0,0
dora devops,150,0,0,0,,30.00,30.00,0.00,1,,US,United States,150,0,0
spring boot microservices tutorial,400,0,0,0,,37.00,37.00,0.00,1,,IN,India,400,0,0
git actions,250,,0,,,,33.00,,1,1,US,United States,250,0,
dast security,300,0,0,0,,34.00,34.00,0.00,1,,US,United States,300,0,0
devsecops methodology,450,,0,,,,36.00,,1,1,US,United States,450,0,
false positives,200,,0,,,,26.00,,1,1,US,United States,200,0,
circleci,11560,0,0,0,,6.73,7.54,0.81,39,6,FI,Finland,11560,0,0
which of the following is not a function of technical management,800,,0,,,,39.00,,1,1,IN,India,800,0,
sei engineering,100,0,0,0,,29.00,29.00,0.00,1,,US,United States,100,0,0
github api rate limit,300,0,,,,35.00,,,0,-1,US,United States,300,0,
git remove history,20,0,,,,20.00,,,0,-1,FR,France,20,0,
application vulnerability testing,500,0,,,,37.00,,,0,-1,US,United States,500,0,
enable adalah,1000,,0,,,,36.00,,1,1,ID,Indonesia,1000,0,
what is system development life cycle,150,0,0,0,,11.00,3.00,-8.00,1,-1,CM,Cameroon,150,0,0
the safe definition of devops includes which concept,0,0,0,0,,8.00,8.00,0.00,2,,US,United States,0,0,0
external secrets kubernetes,0,,0,,,,8.00,,1,1,IN,India,0,0,
observability in software,60,,0,,,,27.00,,1,1,US,United States,60,0,
devops testing,200,,0,,,,32.00,,1,1,IN,India,200,0,
policy as a code,80,,0,,,,29.00,,1,1,US,United States,80,0,
ecsruntask,10,0,0,0,,3.00,3.00,0.00,1,,US,United States,10,0,0
gitflow vs trunk based development,30,,0,,,,24.00,,1,1,US,United States,30,0,
what's a ci,200,0,0,0,,1.00,24.00,23.00,1,,US,United States,200,0,0
checkmarx tool,300,,0,,,,35.00,,1,1,IN,India,300,0,
full cycle software development,200,,0,,,,1.00,,1,1,US,United States,200,0,
push container to ecr,0,0,0,0,,8.00,8.00,0.00,1,,US,United States,0,0,0
console.google cloud,250,,0,,,,33.00,,1,1,US,United States,250,0,
mttr full form in maintenance,250,0,0,0,,69.00,34.00,-35.00,1,,IN,India,250,0,0
scrum retrospective,20,0,,,,22.00,,,0,-1,SG,Singapore,20,0,
sanity check definition,40,0,,,,25.00,,,0,-1,US,United States,40,0,
sast test,250,0,0,0,,22.00,32.00,10.00,1,,US,United States,250,0,0
gcp secrets manager,200,,0,,,,33.00,,1,1,US,United States,200,0,
linear api,700,,0,,,,39.00,,1,1,US,United States,700,0,
sanity testing,800,0,0,0,,29.00,43.50,14.50,4,2,CA,Canada,800,0,0
what is the design phase in the sdlc,10,0,,,,11.00,,,0,-1,US,United States,10,0,
devsecops process,600,0,0,0,,43.00,38.00,-5.00,1,,US,United States,600,0,0
define devops,600,0,0,0,,42.00,36.00,-6.00,1,-1,US,United States,600,0,0
what is beta version,350,0,0,0,,29.00,29.00,0.00,1,,IN,India,350,0,0
ab testing platform,300,0,0,0,,35.00,35.00,0.00,1,,US,United States,300,0,0
regression test,400,0,0,0,,45.00,33.00,-12.00,1,,US,United States,400,0,0
what is a technology stack,250,,0,,,,33.00,,1,1,US,United States,250,0,
sdlc methodology,1030,1,0,-1,,14.33,22.40,8.07,5,2,IN,India,1030,0,-1
ops meaning,21750,0,0,0,,85.00,73.43,-11.57,7,5,US,United States,21750,0,0
vault agent login,350,,0,,,,35.00,,1,1,US,United States,350,0,
jav agent,30,0,0,0,,24.00,24.00,0.00,1,,US,United States,30,0,0
unusual ventures,1000,,0,,,,39.00,,1,1,US,United States,1000,0,
continuous delivery pipeline,350,0,,,,34.00,,,0,-1,US,United States,350,0,
apa itu signifikansi,250,0,0,0,,34.00,34.00,0.00,1,,ID,Indonesia,250,0,0
crud operation in javascript,0,,0,,,,10.00,,1,1,IN,India,0,0,
a/b testing is also known as,0,,0,,,,9.00,,1,1,US,United States,0,0,
who is responsible for tracking and monitoring an incident,0,,0,,,,9.00,,1,1,IN,India,0,0,
ci/cd compliance,250,,0,,,,35.00,,1,1,US,United States,250,0,
sbom management,400,0,0,0,,65.00,37.00,-28.00,1,,US,United States,400,0,0
cloud application migration tools,200,,0,,,,35.00,,1,1,US,United States,200,0,
install prometheus,10,0,,,,21.00,,,0,-1,IT,Italy,10,0,
platform engineering definition,100,0,,,,31.00,,,0,-1,US,United States,100,0,
what is incident response,500,0,,,,37.00,,,0,-1,US,United States,500,0,
looker dashboard,600,,0,,,,37.00,,1,1,US,United States,600,0,
how to revert pr,20,0,0,0,,23.00,23.00,0.00,1,,US,United States,20,0,0
devops automation,2750,0,0,0,,41.00,25.00,-16.00,3,2,US,United States,2750,0,0
versions,5080,0,0,0,,58.50,63.57,5.07,7,1,US,United States,5080,0,0
software engineer jobs dallas,300,0,0,0,,48.00,35.00,-13.00,1,,US,United States,300,0,0
software engineer jobs boston,400,0,0,0,,44.00,36.00,-8.00,1,,US,United States,400,0,0
devops as a service,1050,,0,,,,44.00,,2,2,US,United States,1050,0,
what is devops tools,250,0,0,0,,77.00,55.50,-21.50,2,,US,United States,250,0,0
open policy agent,450,0,,,,37.00,,,0,-1,IN,India,450,0,
version,21000,0,0,0,,55.20,70.00,14.80,6,1,IN,India,21000,0,0
sast,71650,0,0,0,,54.80,53.90,-0.90,20,10,HK,Hong Kong,71650,0,0
jenkins alternative,250,,0,,,,35.00,,1,1,US,United States,250,0,
devops tools,15400,0,0,0,,51.00,34.60,-16.40,5,2,BR,Brazil,15400,0,0
unleash feature flags,200,,0,,,,33.00,,1,1,US,United States,200,0,
sox compliance tools,200,0,0,0,,35.00,35.00,0.00,1,,US,United States,200,0,0
devops companies,200,,0,,,,35.00,,1,1,US,United States,200,0,
github actions free tier,200,0,0,0,,23.00,35.00,12.00,1,,US,United States,200,0,0
iac infrastructure as code,450,0,0,0,,39.00,38.00,-1.00,1,,US,United States,450,0,0
sbom software,350,0,0,0,,80.00,37.00,-43.00,1,,US,United States,350,0,0
kubectl scale deployment,250,0,0,0,,28.00,36.00,8.00,1,,US,United States,250,0,0
scim,13150,0,0,0,,43.00,46.86,3.86,7,3,US,United States,13150,0,0
anonyme cloud hubu,0,,0,,,,10.00,,1,1,VN,Vietnam,0,0,
artifact management is done using,0,0,0,0,,10.00,10.00,0.00,1,,IN,India,0,0,0
manage cloud cost,100,0,,,,32.00,,,0,-1,US,United States,100,0,
google cloud console,1800,,0,,,,35.00,,2,2,NZ,New Zealand,1800,0,
trivy image scan,20,0,0,0,,23.00,23.00,0.00,1,,US,United States,20,0,0
white box testing,3400,0,0,0,,38.60,34.00,-4.60,4,-1,PH,Philippines,3400,0,0
marketplace software,500,,0,,,,37.00,,1,1,US,United States,500,0,
which of the following is also known as split testing,0,0,,,,11.00,,,0,-1,IN,India,0,0,
secrets manager,1100,,0,,,,41.50,,2,2,US,United States,1100,0,
compliance manager default alert policy,10,0,0,0,,23.00,23.00,0.00,1,,US,United States,10,0,0
mlops pipeline,300,0,0,0,,37.00,37.00,0.00,1,,US,United States,300,0,0
elastigroup,10,0,0,0,,3.00,3.00,0.00,1,,US,United States,10,0,0
null vs undefined,150,0,0,0,,31.00,31.00,0.00,1,,US,United States,150,0,0
types of exception,250,0,0,0,,31.00,34.00,3.00,1,,IN,India,250,0,0
automated pipelines,500,,0,,,,39.00,,1,1,US,United States,500,0,
type ii,250,,0,,,,28.00,,1,1,US,United States,250,0,
aws ecs task definition,200,0,0,0,,39.00,34.00,-5.00,1,,US,United States,200,0,0
oidc sso,80,0,,,,31.00,,,0,-1,US,United States,80,0,
what is rag,200,,0,,,,35.00,,1,1,FR,France,200,0,
mock,13050,0,0,0,,48.80,64.73,15.93,11,6,IQ,Iraq,13050,0,0
paper io teams,100,,0,,,,32.00,,1,1,IN,India,100,0,
mttr formula,2080,0,0,0,,56.67,51.67,-5.00,3,,IN,India,2080,0,0
ci and cd pipeline,350,1,0,-1,,1.00,38.00,37.00,1,,IN,India,350,0,-1
managing cloud costs,90,0,0,0,,32.00,32.00,0.00,1,,US,United States,90,0,0
smoke testing in software engineering,300,,0,,,,37.00,,1,1,IN,India,300,0,
modern native,1100,,0,,,,42.00,,1,1,NL,Netherlands,1100,0,
devsecops best practices,800,0,0,0,,41.00,42.00,1.00,1,,US,United States,800,0,0
ai dashboard,700,,0,,,,41.00,,1,1,US,United States,700,0,
experimentation,2800,,0,,,,39.00,,2,2,US,United States,2800,0,
dinesh garg,1100,,0,,,,36.00,,1,1,IN,India,1100,0,
dlf forum,150,,0,,,,32.00,,1,1,US,United States,150,0,
the first step in sdlc is,0,0,0,0,,12.00,12.00,0.00,1,,IN,India,0,0,0
which of the following is the first step of sdlc?,0,,0,,,,11.00,,1,1,IN,India,0,0,
mlflow log artifact,30,0,0,0,,26.00,26.00,0.00,1,,US,United States,30,0,0
null pointer exception,2100,0,0,0,,30.00,20.00,-10.00,2,1,IN,India,2100,0,0
vm sprawl,350,0,,,,35.00,,,0,-1,US,United States,350,0,
blackbox testing in software engineering,200,,0,,,,36.00,,1,1,IN,India,200,0,
platform engineer,1100,0,0,0,,71.00,53.33,-17.67,3,1,US,United States,1100,0,0
meaning of harness,700,0,0,0,,64.00,33.00,-31.00,1,,IN,India,700,0,0
applications monitoring software,150,0,0,0,,52.00,36.00,-16.00,1,,US,United States,150,0,0
kubernetes image pull secret,30,0,,,,28.00,,,0,-1,US,United States,30,0,
automation devops,450,,0,,,,40.00,,1,1,US,United States,450,0,
enterprise software development process,200,0,,,,36.00,,,0,-1,US,United States,200,0,
regression testing vs sanity testing,250,0,0,0,,47.00,37.00,-10.00,1,,IN,India,250,0,0
killswitch,150,,0,,,,28.00,,1,1,IN,India,150,0,
deployment models in cloud,300,1,0,-1,,21.00,36.00,15.00,1,,IN,India,300,0,-1
helm dry run,30,0,0,0,,27.50,27.50,0.00,2,,IT,Italy,30,0,0
devops infrastructure automation,300,0,0,0,,39.00,39.00,0.00,1,,US,United States,300,0,0
compute savings plan,150,0,0,0,,25.00,35.00,10.00,1,,US,United States,150,0,0
release management process,800,0,0,0,,20.00,41.50,21.50,2,,US,United States,800,0,0
ai automation tools,2400,,0,,,,50.50,,2,2,IN,India,2400,0,
elasticache for redis,100,,0,,,,34.00,,1,1,US,United States,100,0,
yaml structure,40,0,,,,28.00,,,0,-1,GB,United Kingdom,40,0,
what is jenkins used for,1300,0,0,0,,46.00,46.00,0.00,2,,IN,India,1300,0,0
what does dora stand for devops,20,0,,,,27.00,,,0,-1,US,United States,20,0,
hotel harness,10,0,,,,21.00,,,0,-1,US,United States,10,0,
what does roll back mean,200,0,0,0,,36.00,36.00,0.00,1,,US,United States,200,0,0
tag metadata,400,0,0,0,,40.00,40.00,0.00,1,,US,United States,400,0,0
sla service level agreement,900,0,0,0,,93.00,75.67,-17.33,3,2,US,United States,900,0,0
canary testing,1150,0,0,0,,67.00,44.50,-22.50,2,1,US,United States,1150,0,0
elasticache redis,300,,0,,,,38.00,,1,1,US,United States,300,0,
azure arm,200,,0,,,,34.00,,1,1,US,United States,200,0,
seo agency old street,450,,0,,,,41.00,,1,1,US,United States,450,0,
lifeat io,3500,,0,,,,54.00,,2,2,BR,Brazil,3500,0,
what is static analysis of code,300,0,0,0,,32.00,40.00,8.00,1,,US,United States,300,0,0
mean time to resolve,250,,0,,,,38.00,,1,1,US,United States,250,0,
compliance as code,250,0,0,0,,29.00,38.00,9.00,1,,US,United States,250,0,0
ci/cd security news,4100,,0,,,,50.00,,1,1,US,United States,4100,0,
kubernetes deployment strategy,300,0,0,0,,42.00,39.00,-3.00,1,,US,United States,300,0,0
infrastructure as code (iac),300,0,0,0,,39.00,39.00,0.00,1,,US,United States,300,0,0
devops stands for,200,,0,,,,37.00,,1,1,US,United States,200,0,
chaosnative,10,0,0,0,,3.00,3.00,0.00,1,,IN,India,10,0,0
ca cds,200,0,0,0,,68.00,37.00,-31.00,1,,IN,India,200,0,0
deploy to eks,10,0,,,,23.00,,,0,-1,US,United States,10,0,
digital platform engineering,100,,0,,,,36.00,,1,1,US,United States,100,0,
leg harness,700,,0,,,,39.00,,1,1,US,United States,700,0,
minio server,30,0,,,,28.00,,,0,-1,FR,France,30,0,
ci/cd best practices,200,0,0,0,,39.00,1.00,-38.00,1,,US,United States,200,0,0
hypothesis template,800,,0,,,,37.00,,1,1,US,United States,800,0,
continuous delivery benefits,90,0,,,,3.00,,,0,-1,US,United States,90,0,
saml single sign on,350,,0,,,,38.00,,1,1,US,United States,350,0,
what is a data pipeline,2900,,0,,,,56.00,,2,2,GB,United Kingdom,2900,0,
variasi adalah,1300,,0,,,,44.00,,1,1,ID,Indonesia,1300,0,
ccm adalah,400,0,,,,36.00,,,0,-1,ID,Indonesia,400,0,
black box and white box testing,2950,0,0,0,,25.00,24.00,-1.00,2,,PH,Philippines,2950,0,0
fortify source code analyzer,20,0,0,0,,27.00,27.00,0.00,1,,US,United States,20,0,0
what is dora metrics,20,0,,,,28.00,,,0,-1,AU,Australia,20,0,
slack dashboard,200,,0,,,,37.00,,1,1,US,United States,200,0,
continuous integration pipeline,250,0,0,0,,54.00,39.00,-15.00,1,,US,United States,250,0,0
devsecops platform,900,0,0,0,,55.00,45.00,-10.00,1,,US,United States,900,0,0
cloud models,350,0,0,0,,39.00,39.00,0.00,1,,US,United States,350,0,0
branching,1500,0,0,0,,60.00,68.00,8.00,3,1,IN,India,1500,0,0
saml integration,250,0,0,0,,20.00,38.00,18.00,1,,US,United States,250,0,0
what is container in kubernetes,150,0,0,0,,55.00,37.00,-18.00,1,,IN,India,150,0,0
sdlc controls,200,0,0,0,,3.00,3.00,0.00,1,,US,United States,200,0,0
observability definition,450,0,,,,42.00,,,0,-1,US,United States,450,0,
product designer jobs,700,,0,,,,40.00,,1,1,IN,India,700,0,
does developer expire,1100,,0,,,,46.00,,1,1,US,United States,1100,0,
ci/cd pipeline full form,390,0,0,0,,41.00,21.00,-20.00,2,1,IN,India,390,0,0
codeowners github example,20,0,0,0,,27.00,27.00,0.00,1,,US,United States,20,0,0
grafana port,150,0,,,,38.00,,,0,-1,US,United States,150,0,
migration to cloud,350,,0,,,,41.00,,1,1,US,United States,350,0,
what is a release,200,0,,,,32.00,,,0,-1,US,United States,200,0,
alternatives to jenkins,70,,0,,,,34.00,,1,1,US,United States,70,0,
knowledge graph optimization,400,,0,,,,42.00,,1,1,US,United States,400,0,
developer portals,300,0,0,0,,22.00,40.00,18.00,1,,US,United States,300,0,0
null and undefined in javascript,350,,0,,,,41.00,,1,1,IN,India,350,0,
error: upgrade failed: has no deployed releases,10,,0,,,,26.00,,1,1,US,United States,10,0,
cicd pipeline meaning,400,0,0,0,,1.00,1.00,0.00,1,,US,United States,400,0,0
devops solutions and service provider company,100,0,,,,36.00,,,0,-1,US,United States,100,0,
what is an a/b test,450,0,0,0,,36.00,38.00,2.00,1,,US,United States,450,0,0
security jobs nyc immediate hire,900,,0,,,,45.00,,1,1,US,United States,900,0,
dynamic application security testing,1410,0,0,0,,48.00,47.60,-0.40,5,1,US,United States,1410,0,0
automation test,300,0,0,0,,97.00,41.00,-56.00,1,,US,United States,300,0,0
what is the meaning of mock test,250,0,,,,39.00,,,0,-1,IN,India,250,0,
spinnaker vs argocd,200,0,0,0,,42.00,39.00,-3.00,1,,US,United States,200,0,0
containerized,850,0,0,0,,67.00,47.50,-19.50,2,1,IN,India,850,0,0
anaplan logo,950,,0,,,,55.50,,2,2,IN,India,950,0,
release orchestration,90,,0,,,,36.00,,1,1,US,United States,90,0,
a/a test,20,0,,,,29.00,,,0,-1,GB,United Kingdom,20,0,
sbom generation tools,200,0,,,,39.00,,,0,-1,US,United States,200,0,
enterprise spend platform,500,,0,,,,43.00,,1,1,US,United States,500,0,
visibility tools,50,0,0,0,,34.00,34.00,0.00,1,,US,United States,50,0,0
migration tools for cloud,200,,0,,,,40.00,,1,1,US,United States,200,0,
devops icon,500,0,0,0,,70.00,37.00,-33.00,2,,IN,India,500,0,0
ci/cd meaning,1000,0,0,0,,40.75,35.33,-5.42,3,-1,US,United States,1000,0,0
ml basics,200,,0,,,,40.00,,1,1,IN,India,200,0,
what is ingress in kubernetes,300,0,0,0,,41.00,41.00,0.00,1,,IN,India,300,0,0
improve developer experience,20,,0,,,,30.00,,1,1,US,United States,20,0,
fortify code analyzer,10,0,0,0,,28.00,28.00,0.00,1,,US,United States,10,0,0
android sdk,9780,0,0,0,,12.18,18.29,6.11,14,-3,IN,India,9780,0,0
owasp api top 10,500,0,,,,44.00,,,0,-1,US,United States,500,0,
pyspark write parquet to s3,10,0,0,0,,27.00,27.00,0.00,1,,US,United States,10,0,0
what is an application programming interface,200,0,0,0,,66.00,40.00,-26.00,1,,US,United States,200,0,0
blue green,1000,0,0,0,,42.50,45.50,3.00,4,2,TH,Thailand,1000,0,0
shared costs,30,0,,,,32.00,,,0,-1,US,United States,30,0,
whats a canary,200,0,0,0,,40.00,41.00,1.00,1,,US,United States,200,0,0
attribute based access control,1450,0,,,,63.00,,,0,-2,IN,India,1450,0,
hub cloud,900,,0,,,,46.00,,1,1,IN,India,900,0,
cloud model,200,0,0,0,,33.00,33.00,0.00,1,,IN,India,200,0,0
deployment tool,3850,0,0,0,,57.00,73.67,16.67,3,2,US,United States,3850,0,0
argocd vs spinnaker,80,,0,,,,36.00,,1,1,US,United States,80,0,
flags api,200,0,0,0,,39.00,39.00,0.00,1,,IN,India,200,0,0
jira create ticket,10,0,,,,25.00,,,0,-1,DE,Germany,10,0,
ingress kubernetes,350,0,0,0,,77.00,42.00,-35.00,1,,SG,Singapore,350,0,0
alloy personal training,4600,,0,,,,54.00,,1,1,US,United States,4600,0,
what is a mock test,150,1,0,-1,,20.00,39.00,19.00,1,,IN,India,150,0,-1
difference between sanity and regression testing,150,0,0,0,,40.00,40.00,0.00,1,,IN,India,150,0,0
secure devops,200,0,0,0,,37.00,41.00,4.00,1,,US,United States,200,0,0
ai automation companies,350,,0,,,,44.00,,1,1,US,United States,350,0,
mlflow log params,20,0,0,0,,29.00,29.00,0.00,1,,US,United States,20,0,0
devops observability,150,0,0,0,,40.00,40.00,0.00,1,,US,United States,150,0,0
continuous integration continuous deployment,400,0,0,0,,60.00,42.00,-18.00,1,,US,United States,400,0,0
ci cd meaning,700,0,0,0,,45.00,46.00,1.00,1,,US,United States,700,0,0
ancestry sign in,800,,0,,,,46.00,,1,1,IE,Ireland,800,0,
terraform deploy,10,0,,,,26.00,,,0,-1,IN,India,10,0,
security engineer jobs,1500,,0,,,,47.00,,1,1,US,United States,1500,0,
agent of chaos meaning,300,0,0,0,,43.00,43.00,0.00,1,,US,United States,300,0,0
a/b tests,250,0,0,0,,37.00,39.00,2.00,1,,US,United States,250,0,0
iac meaning,800,0,0,0,,39.00,39.00,0.00,1,,US,United States,800,0,0
custom use,900,,0,,,,47.00,,1,1,IN,India,900,0,
source code management software,60,,0,,,,36.00,,1,1,US,United States,60,0,
impersonation,700,0,0,0,,45.67,49.75,4.08,4,1,NG,Nigeria,700,0,0
devsecops as a service,600,0,0,0,,55.00,46.00,-9.00,1,,US,United States,600,0,0
cloud cost optimization strategies,1400,0,0,0,,70.00,50.00,-20.00,1,,US,United States,1400,0,0
infrastructure as code iac,350,0,0,0,,42.00,44.00,2.00,1,,US,United States,350,0,0
git flow vs trunk,250,,0,,,,42.00,,1,1,US,United States,250,0,
kubernetes deployment strategies,200,0,,,,41.00,,,0,-1,IN,India,200,0,
gitflow vs trunk,250,0,0,0,,42.00,42.00,0.00,1,,US,United States,250,0,0
aqua container,200,0,,,,40.00,,,0,-1,US,United States,200,0,
configuration drift,350,0,0,0,,45.00,44.00,-1.00,1,,US,United States,350,0,0
ai in software,200,0,,,,41.00,,,0,-1,US,United States,200,0,
ecommerce shopping cart,500,0,,,,44.00,,,0,-1,US,United States,500,0,
stripe data pipeline,500,,0,,,,45.00,,1,1,US,United States,500,0,
gitflow alternatives,10,,0,,,,25.00,,1,1,US,United States,10,0,
download terragrunt,20,0,0,0,,30.00,30.00,0.00,1,,US,United States,20,0,0
rollback meaning,2200,0,0,0,,41.00,16.50,-24.50,2,,IN,India,2200,0,0
what is shift left security,350,,0,,,,44.00,,1,1,US,United States,350,0,
infrastructure as code tools,950,0,0,0,,24.50,51.00,26.50,2,,US,United States,950,0,0
cortex vs backstage,100,0,0,0,,39.00,39.00,0.00,1,,US,United States,100,0,0
harness for women,1400,,0,,,,50.00,,1,1,US,United States,1400,0,
policy engine,250,,0,,,,42.00,,1,1,US,United States,250,0,
kustomization patchesstrategicmerge,0,0,0,0,,20.00,20.00,0.00,1,,US,United States,0,0,0
what is ingress,1350,0,0,0,,55.33,46.67,-8.67,3,,IN,India,1350,0,0
sast vs dast vs iast,200,,0,,,,42.00,,1,1,US,United States,200,0,
net blog,20,0,,,,30.00,,,0,-1,CZ,Czech Republic,20,0,
continuous development,200,0,0,0,,38.00,39.00,1.00,1,,US,United States,200,0,0
devops security tools,4700,,0,,,,56.00,,1,1,US,United States,4700,0,
what is usability testing,400,,0,,,,42.00,,1,1,US,United States,400,0,
finops framework,300,0,0,0,,40.00,43.00,3.00,1,,US,United States,300,0,0
github actions vs azure devops,150,0,,,,40.00,,,0,-1,US,United States,150,0,
azure web applications,200,,0,,,,41.00,,1,1,US,United States,200,0,
ai wikipedia,350,,0,,,,43.00,,1,1,US,United States,350,0,
harmony labs,200,,0,,,,41.00,,1,1,US,United States,200,0,
automation anywhere valuation,200,,0,,,,42.00,,1,1,US,United States,200,0,
operational maturity model,200,,0,,,,43.00,,1,1,US,United States,200,0,
devsecops model,300,0,,,,44.00,,,0,-1,US,United States,300,0,
devops consulting,2000,,0,,,,53.00,,1,1,US,United States,2000,0,
harnesses,3200,0,0,0,,62.00,59.00,-3.00,2,-1,CO,Colombia,3200,0,0
ai software for business,350,,0,,,,45.00,,1,1,US,United States,350,0,
what is dast,700,0,0,0,,48.00,23.50,-24.50,2,1,IN,India,700,0,0
pull request meaning,150,0,0,0,,51.00,40.00,-11.00,1,-1,US,United States,150,0,0
double down promotions,450,,0,,,,45.00,,1,1,US,United States,450,0,
ng khai development corporation,500,0,0,0,,45.00,45.00,0.00,1,,PH,Philippines,500,0,0
kubernetes container,700,0,0,0,,56.00,50.50,-5.50,2,,IN,India,700,0,0
devops services,800,0,0,0,,47.00,49.00,2.00,1,,US,United States,800,0,0
hybrid cloud deployment,500,0,0,0,,46.00,47.00,1.00,1,,US,United States,500,0,0
zeroflucs,80,0,0,0,,4.00,5.50,1.50,2,1,US,United States,80,0,0
type i error and type ii error,600,0,0,0,,27.00,45.00,18.00,1,,US,United States,600,0,0
business application monitoring,100,0,0,0,,41.00,41.00,0.00,1,,US,United States,100,0,0
what is a artifact,250,0,,,,33.00,,,0,-1,US,United States,250,0,
office deployment tools,600,0,0,0,,57.00,47.00,-10.00,1,,IN,India,600,0,0
devops logo,1250,,0,,,,66.50,,2,2,IN,India,1250,0,
what does ci/cd mean,250,2,0,-2,,17.00,44.00,27.00,1,,US,United States,250,0,-2
remote devops jobs,500,,0,,,,47.00,,1,1,US,United States,500,0,
sdlc corp,700,0,,,,49.00,,,0,-1,IN,India,700,0,
a/b test,1400,0,0,0,,40.25,54.80,14.55,5,1,IN,India,1400,0,0
k8s crd,200,0,,,,43.00,,,0,-1,US,United States,200,0,
cloud computing deployment models,450,0,0,0,,46.00,47.00,1.00,1,,IN,India,450,0,0
cost icon,500,,0,,,,41.00,,1,1,IN,India,500,0,
devops framework,450,0,0,0,,100.00,47.00,-53.00,1,,US,United States,450,0,0
honohr agile,350,,0,,,,45.00,,1,1,IN,India,350,0,
devops software development,300,0,0,0,,94.00,45.00,-49.00,1,,US,United States,300,0,0
kubernetes integration,250,0,0,0,,43.00,45.00,2.00,1,,US,United States,250,0,0
mtta full form,60,0,,,,39.00,,,0,-1,IN,India,60,0,
enable artinya,3200,0,,,,49.00,,,0,-1,ID,Indonesia,3200,0,
arnes,22200,,0,,,,70.00,,5,5,FR,France,22200,0,
jenkins platform,20,0,,,,32.00,,,0,-1,US,United States,20,0,
white box testing in software engineering,2600,0,0,0,,46.00,56.00,10.00,1,,IN,India,2600,0,0
what is retrospective meeting,300,,0,,,,46.00,,1,1,IN,India,300,0,
allowlist,200,,0,,,,44.00,,1,1,BR,Brazil,200,0,
dynamic application security testing tools,500,0,0,0,,47.00,47.00,0.00,1,,US,United States,500,0,0
ai for software testing,100,,0,,,,42.00,,1,1,US,United States,100,0,
ci cd pipeline full form,250,0,0,0,,45.00,45.00,0.00,1,,IN,India,250,0,0
apa itu argo,200,0,0,0,,34.00,44.00,10.00,1,,ID,Indonesia,200,0,0
azure cloud cost optimization,150,0,,,,43.00,,,0,-1,US,United States,150,0,
cloud optimization tool,150,0,,,,43.00,,,0,-1,US,United States,150,0,
finops tools,200,,0,,,,44.00,,1,1,IN,India,200,0,
pengertian devops,20,0,0,0,,33.00,33.00,0.00,1,,ID,Indonesia,20,0,0
automated software deployment,250,0,0,0,,45.00,45.00,0.00,1,,US,United States,250,0,0
kubecost vs opencost,60,0,0,0,,39.00,39.00,0.00,1,,US,United States,60,0,0
flag python,10,0,,,,29.00,,,0,-1,IT,Italy,10,0,
terragrunt required_providers,10,0,0,0,,31.00,31.00,0.00,1,,US,United States,10,0,0
cve-2024-3094,700,0,0,0,,64.00,49.00,-15.00,1,,US,United States,700,0,0
ci cd kubernetes,30,,0,,,,36.00,,1,1,US,United States,30,0,
devops and security,350,0,0,0,,70.00,47.00,-23.00,1,,US,United States,350,0,0
helm upgrade debug,0,0,,,,26.00,,,0,-1,US,United States,0,0,
o11y,2450,0,0,0,,19.60,19.00,-0.60,7,2,US,United States,2450,0,0
smoke testing meaning,1150,0,0,0,,55.00,53.50,-1.50,2,1,IN,India,1150,0,0
infrastructure as code,14610,0,0,0,,61.62,63.33,1.71,15,7,IN,India,14610,0,0
whats a bandit,70,,0,,,,39.00,,1,1,US,United States,70,0,
what is devsecops,2700,0,0,0,,67.00,58.50,-8.50,2,,US,United States,2700,0,0
orchestration software,250,,0,,,,42.00,,1,1,US,United States,250,0,
devops deployment tools,200,0,0,0,,26.00,1.00,-25.00,1,,US,United States,200,0,0
application security testing,2000,4,0,-4,,35.33,54.67,19.33,3,,US,United States,2000,0,-4
sops encrypt,30,0,0,0,,36.00,36.00,0.00,1,,US,United States,30,0,0
devops software,1000,,0,,,,51.00,,1,1,US,United States,1000,0,
git branching strategy diagram,100,0,,,,42.00,,,0,-1,US,United States,100,0,
aws cost optimization strategies,250,0,0,0,,46.00,46.00,0.00,1,,US,United States,250,0,0
ai software development services,4400,,0,,,,59.00,,1,1,US,United States,4400,0,
pipeline stages,200,,0,,,,42.00,,1,1,US,United States,200,0,
maturity,1100,,0,,,,54.00,,2,2,AU,Australia,1100,0,
factory io,500,0,0,0,,57.00,47.00,-10.00,1,,MX,Mexico,500,0,0
aws irsa,200,0,0,0,,27.00,44.00,17.00,1,,US,United States,200,0,0
code freeze,1300,0,0,0,,56.00,49.50,-6.50,2,1,US,United States,1300,0,0
sdlc tool,250,,0,,,,3.00,,1,1,US,United States,250,0,
yaml editor,500,,0,,,,49.00,,1,1,US,United States,500,0,
k8s deployment strategy types,10,0,,,,32.00,,,0,-1,US,United States,10,0,
dora full form,450,0,0,0,,35.00,46.00,11.00,1,,IN,India,450,0,0
what does dora stand for,350,0,0,0,,48.00,48.00,0.00,1,,US,United States,350,0,0
ci cd security,600,0,0,0,,41.00,50.00,9.00,1,,US,United States,600,0,0
what is rbac,2050,0,0,0,,54.00,78.00,24.00,3,2,US,United States,2050,0,0
dora metrics tools,200,,0,,,,45.00,,1,1,US,United States,200,0,
syft sbom,300,0,0,0,,37.00,46.00,9.00,1,,US,United States,300,0,0
vsm,4650,0,0,0,,79.00,81.25,2.25,4,-1,US,United States,4650,0,0
techdocs-cli,20,0,0,0,,3.00,4.00,1.00,1,,US,United States,20,0,0
what is devops,19130,0,0,0,,58.46,69.69,11.23,16,3,US,United States,19130,0,0
difference between ci and cd,150,0,0,0,,45.00,45.00,0.00,1,,US,United States,150,0,0
git ops,30,0,,,,37.00,,,0,-1,CA,Canada,30,0,
mock test means,200,0,0,0,,40.00,40.00,0.00,1,,IN,India,200,0,0
delete all resources in a namespace,20,0,0,0,,36.00,36.00,0.00,1,,US,United States,20,0,0
lightspeed login,45600,0,0,0,,50.50,63.20,12.70,5,3,SG,Singapore,45600,0,0
opa rego,200,,0,,,,46.00,,1,1,US,United States,200,0,
konsol admin,250,0,0,0,,53.00,46.00,-7.00,1,,ID,Indonesia,250,0,0
application monitoring system,100,0,0,0,,44.00,44.00,0.00,1,,US,United States,100,0,0
45 min from now,500,,0,,,,50.00,,1,1,US,United States,500,0,
scim integration,250,0,,,,48.00,,,0,-1,US,United States,250,0,
go native hsr,5400,,0,,,,60.00,,1,1,IN,India,5400,0,
application monitoring services,250,0,0,0,,48.00,48.00,0.00,1,,US,United States,250,0,0
sales engineer hiring,200,,0,,,,45.00,,1,1,PH,Philippines,200,0,
spring boot microservices architecture,150,,0,,,,45.00,,1,1,IN,India,150,0,
hsr code,12600,0,0,0,,63.00,67.00,4.00,2,1,US,United States,12600,0,0
gitops logo,20,0,,,,37.00,,,0,-1,US,United States,20,0,
api application,250,,0,,,,41.00,,1,1,US,United States,250,0,
bottleneck tester,350,,0,,,,48.00,,1,1,DE,Germany,350,0,
how many phases are there in the service lifecycle,150,,0,,,,45.00,,1,1,IN,India,150,0,
generative ai testing,450,0,0,0,,44.00,50.00,6.00,1,,US,United States,450,0,0
rag definition,700,,0,,,,45.00,,1,1,US,United States,700,0,
alloy enterprises,200,,0,,,,46.00,,1,1,US,United States,200,0,
delivery logo,1400,0,0,0,,80.00,49.00,-31.00,1,-1,IN,India,1400,0,0
low code test automation tools,90,,0,,,,43.00,,1,1,US,United States,90,0,
.sql file,200,0,0,0,,30.00,46.00,16.00,1,,US,United States,200,0,0
blue-green,900,,0,,,,43.00,,1,1,IN,India,900,0,
static and dynamic,600,0,0,0,,48.00,44.00,-4.00,1,-1,US,United States,600,0,0
pipeline in devops,200,0,0,0,,26.00,47.00,21.00,1,,IN,India,200,0,0
dev ops tools,200,0,0,0,,74.00,44.00,-30.00,1,,US,United States,200,0,0
.io,9900,0,0,0,,72.00,46.50,-25.50,2,1,US,United States,9900,0,0
benefits of ci cd,80,0,,,,43.00,,,0,-1,US,United States,80,0,
crud meaning programming,90,0,,,,38.00,,,0,-1,PH,Philippines,90,0,
microservices in spring boot,400,0,0,0,,34.00,49.00,15.00,1,,IN,India,400,0,0
sla kepanjangan dari,500,,0,,,,51.00,,1,1,ID,Indonesia,500,0,
audit trails,400,0,0,0,,56.00,44.00,-12.00,1,-1,US,United States,400,0,0
devops continuous integration,500,,0,,,,51.00,,1,1,US,United States,500,0,
rego policy,100,0,,,,44.00,,,0,-1,US,United States,100,0,
devops integration,300,0,0,0,,49.00,49.00,0.00,1,,US,United States,300,0,0
24/7 service,300,0,,,,43.00,,,0,-1,IN,India,300,0,
t harness,400,,0,,,,46.00,,1,1,US,United States,400,0,
ci nedir,450,0,0,0,,44.00,44.00,0.00,1,,TR,Turkey,450,0,0
cloud marketplace,450,,0,,,,51.00,,1,1,US,United States,450,0,
github rate limit,200,0,,,,47.00,,,0,-1,US,United States,200,0,
cloud spend,300,0,,,,49.00,,,0,-1,US,United States,300,0,
overrides,20,0,,,,33.00,,,0,-1,AR,Argentina,20,0,
holdback,350,0,,,,44.00,,,0,-1,US,United States,350,0,
home depot citibank login,500,,0,,,,51.00,,1,1,US,United States,500,0,
developer productivity tools,700,0,0,0,,44.00,53.00,9.00,1,,US,United States,700,0,0
terraform string split,40,,0,,,,39.00,,1,1,US,United States,40,0,
best cloud cost optimization tools,350,0,0,0,,35.00,50.00,15.00,1,,US,United States,350,0,0
security dashboard,100,0,0,0,,37.00,45.00,8.00,1,,US,United States,100,0,0
manager lightspeed,400,,0,,,,50.00,,1,1,DE,Germany,400,0,
devops remote jobs,700,,0,,,,62.50,,2,2,IN,India,700,0,
e2e testing,600,,0,,,,49.00,,1,1,US,United States,600,0,
java null pointer exception,350,0,0,0,,7.50,24.00,16.50,1,-1,AU,Australia,350,0,0
audit trail,500,0,0,0,,62.67,48.00,-14.67,2,-4,AU,Australia,500,0,0
redshift port,100,0,0,0,,45.00,45.00,0.00,1,,US,United States,100,0,0
ci cd pipeline security,200,0,,,,48.00,,,0,-1,US,United States,200,0,
devops services providers,200,,0,,,,49.00,,1,1,US,United States,200,0,
automated kubernetes cost optimization,200,,0,,,,48.00,,1,1,US,United States,200,0,
trunk vs gitflow,40,0,0,0,,41.00,41.00,0.00,1,,US,United States,40,0,0
sbom tool,250,,0,,,,49.00,,1,1,US,United States,250,0,
what is infrastructure as code,1550,0,0,0,,50.00,57.33,7.33,3,2,US,United States,1550,0,0
end to end testing,2920,0,0,0,,52.50,52.75,0.25,4,,GB,United Kingdom,2920,0,0
ai software companies,1400,,0,,,,57.00,,1,1,US,United States,1400,0,
observability devops,200,,0,,,,48.00,,1,1,US,United States,200,0,
software composition analysis,1600,0,0,0,,60.00,66.33,6.33,3,2,US,United States,1600,0,0
what does sdlc stand for,500,0,0,0,,3.00,3.00,0.00,1,,US,United States,500,0,0
website a/b testing tools,200,,0,,,,48.00,,1,1,US,United States,200,0,
devops platform as a service,200,,0,,,,49.00,,1,1,US,United States,200,0,
benefits of continuous delivery,150,0,0,0,,47.00,47.00,0.00,1,,US,United States,150,0,0
what does ops mean,4100,,0,,,,66.00,,3,3,US,United States,4100,0,
api hub,350,,0,,,,50.00,,1,1,US,United States,350,0,
beacons.ai scam,40,,0,,,,40.00,,1,1,US,United States,40,0,
devops explained,300,0,0,0,,60.00,47.00,-13.00,1,,US,United States,300,0,0
do on clouds run small,1500,,0,,,,58.00,,1,1,US,United States,1500,0,
what is integration testing,800,0,0,0,,32.00,55.50,23.50,2,1,US,United States,800,0,0
segment source functions,10,0,,,,35.00,,,0,-1,US,United States,10,0,
type 1 error example,300,,0,,,,50.00,,1,1,US,United States,300,0,
find v1 v2 v3,500,,0,,,,53.00,,1,1,IN,India,500,0,
saas testing,200,,0,,,,49.00,,1,1,US,United States,200,0,
sql file,350,0,0,0,,38.00,49.00,11.00,1,,US,United States,350,0,0
kepanjangan sla,600,0,0,0,,46.00,47.00,1.00,1,,ID,Indonesia,600,0,0
singkatan sla,250,,0,,,,46.00,,1,1,ID,Indonesia,250,0,
software release management,400,,0,,,,1.00,,1,1,US,United States,400,0,
attribute-based access control,250,0,,,,51.00,,,0,-1,US,United States,250,0,
ci continuous integration,50,,0,,,,43.00,,1,1,US,United States,50,0,
api latency test,50,0,,,,42.00,,,0,-1,US,United States,50,0,
difference between monolithic and microservices,300,0,0,0,,33.00,51.00,18.00,1,,IN,India,300,0,0
sla itu apa,500,0,0,0,,40.00,54.00,14.00,1,,ID,Indonesia,500,0,0
end to end meaning,200,,0,,,,45.00,,1,1,US,United States,200,0,
k8s annotation,20,0,,,,37.00,,,0,-1,US,United States,20,0,
test io,1800,0,0,0,,68.00,69.33,1.33,3,2,EG,Egypt,1800,0,0
what is sequential,450,,0,,,,40.00,,1,1,US,United States,450,0,
backstage vs port,30,0,0,0,,41.00,41.00,0.00,1,,US,United States,30,0,0
black box testing in software testing,450,0,0,0,,54.00,4.00,-50.00,1,,IN,India,450,0,0
devops services and solutions,1600,,0,,,,59.00,,1,1,US,United States,1600,0,
sbom meaning,1000,0,0,0,,87.00,57.00,-30.00,1,,US,United States,1000,0,0
ci billing,350,,0,,,,51.00,,1,1,US,United States,350,0,
kubernetes best practices,400,0,0,0,,48.00,53.00,5.00,1,,US,United States,400,0,0
phase software,40,0,,,,42.00,,,0,-1,US,United States,40,0,
lines of code,700,,0,,,,53.00,,1,1,US,United States,700,0,
sdk ejemplos,10,0,0,0,,36.00,36.00,0.00,1,,MX,Mexico,10,0,0
software build,200,,0,,,,49.00,,1,1,US,United States,200,0,
mixpanel api,250,,0,,,,50.00,,1,1,US,United States,250,0,
what is cloud deployment,60,0,0,0,,45.00,45.00,0.00,1,,US,United States,60,0,0
api specifications,200,,0,,,,47.00,,1,1,US,United States,200,0,
what is black box testing,490,0,0,0,,44.00,50.00,6.00,2,,US,United States,490,0,0
slo[,20,0,,,,39.00,,,0,-1,CA,Canada,20,0,
cloud optimization platform,200,0,0,0,,25.00,49.00,24.00,1,,US,United States,200,0,0
deployment adalah,1800,0,,,,59.00,,,0,-1,ID,Indonesia,1800,0,
cloud application testing,200,,0,,,,50.00,,1,1,US,United States,200,0,
kubernetes orchestration,19200,0,0,0,,70.00,71.67,1.67,3,2,US,United States,19200,0,0
harnes hub,700,0,0,0,,50.00,56.00,6.00,1,,FR,France,700,0,0
what is smoke testing,1020,0,0,0,,43.00,59.00,16.00,2,,AU,Australia,1020,0,0
ci/cd security,450,0,0,0,,44.00,54.00,10.00,1,,US,United States,450,0,0
types of errors in java,500,0,0,0,,55.00,55.00,0.00,1,,IN,India,500,0,0
theauditstream,10,0,0,0,,4.00,4.00,0.00,1,,US,United States,10,0,0
gitlab flow,150,,0,,,,49.00,,1,1,US,United States,150,0,
what is open source software,600,0,0,0,,20.50,52.00,31.50,1,-1,US,United States,600,0,0
tekton vs jenkins,90,0,0,0,,47.00,47.00,0.00,1,,US,United States,90,0,0
devsecops security,40,0,0,0,,43.00,43.00,0.00,1,,BR,Brazil,40,0,0
applicationset,150,0,0,0,,6.67,5.50,-1.17,4,1,US,United States,150,0,0
feature flags deutsch,30,0,,,,41.00,,,0,-1,DE,Germany,30,0,
what is retrospective,40,0,0,0,,43.00,43.00,0.00,1,,SG,Singapore,40,0,0
give v1 v2 v3,500,,0,,,,55.00,,1,1,IN,India,500,0,
generative ai test,200,,0,,,,50.00,,1,1,JP,Japan,200,0,
slack api,200,,0,,,,50.00,,1,1,TR,Turkey,200,0,
what is software version,40,0,0,0,,44.00,44.00,0.00,1,,IN,India,40,0,0
ci and cd devops,200,,0,,,,51.00,,1,1,US,United States,200,0,
gitlab ci/cd,20,0,0,0,,44.50,41.00,-3.50,1,-1,US,United States,20,0,0
ab tests,80,,0,,,,44.00,,1,1,US,United States,80,0,
deploy icon,350,,0,,,,66.50,,2,2,IN,India,350,0,
tbd,7600,,0,,,,29.50,,2,2,RU,Russian Federation,7600,0,
ecs meaning,200,,0,,,,40.00,,1,1,US,United States,200,0,
pipeliners cloud,1700,,0,,,,60.00,,1,1,US,United States,1700,0,
what is devops?,200,0,0,0,,44.00,51.00,7.00,1,,US,United States,200,0,0
test environment,550,0,0,0,,50.00,24.50,-25.50,2,1,IN,India,550,0,0
best test automation software,30,,0,,,,43.00,,1,1,US,United States,30,0,
subscription lifecycle management,200,,0,,,,52.00,,1,1,US,United States,200,0,
process framework in software engineering,400,,0,,,,54.00,,1,1,IN,India,400,0,
bottleneck test,3150,0,0,0,,70.00,62.14,-7.86,7,3,TR,Turkey,3150,0,0
define observability,150,0,0,0,,51.00,51.00,0.00,1,,US,United States,150,0,0
gcloud console,700,,0,,,,40.50,,2,2,GB,United Kingdom,700,0,
software development tools news today,4800,,0,,,,65.00,,1,1,US,United States,4800,0,
devops workflow,150,0,0,0,,48.00,51.00,3.00,1,,IN,India,150,0,0
ab test definition,90,0,0,0,,49.00,49.00,0.00,1,,US,United States,90,0,0
sla artinya,900,0,0,0,,51.00,55.00,4.00,1,,ID,Indonesia,900,0,0
io,57500,0,0,0,,92.50,66.33,-26.17,6,2,BD,Bangladesh,57500,0,0
ai development platform,250,,0,,,,54.00,,1,1,US,United States,250,0,
backstage developer portal,300,,0,,,,53.00,,1,1,US,United States,300,0,
jira ticket,900,,0,,,,54.00,,1,1,IN,India,900,0,
what ci,20,0,0,0,,29.00,41.00,12.00,1,-1,US,United States,20,0,0
sca scan,600,0,0,0,,26.00,30.50,4.50,2,,US,United States,600,0,0
devops lifecycle diagram,450,0,0,0,,59.00,54.00,-5.00,1,,IN,India,450,0,0
sprint points,250,0,0,0,,3.00,53.00,50.00,1,,US,United States,250,0,0
sast tool,650,0,,,,58.00,,,0,-2,IN,India,650,0,
devops tutorial,2400,,0,,,,64.00,,1,1,IN,India,2400,0,
devops software testing,80,0,,,,49.00,,,0,-1,US,United States,80,0,
go native hsr reviews,700,0,0,0,,56.00,58.00,2.00,1,,IN,India,700,0,0
volumeclaimtemplate,50,0,,,,45.00,,,0,-1,US,United States,50,0,
supply doc,350,,0,,,,54.00,,1,1,US,United States,350,0,
deployed company,250,0,0,0,,51.00,53.00,2.00,1,,IN,India,250,0,0
false positive and false negative,400,1,0,-1,,23.00,54.00,31.00,1,,IN,India,400,0,-1
sast tools,1700,0,,,,62.00,,,0,-1,US,United States,1700,0,
code as infrastructure,200,,0,,,,52.00,,1,1,US,United States,200,0,
source code management tools,150,0,0,0,,24.00,3.00,-21.00,1,,IN,India,150,0,0
ci/cd integration,200,,0,,,,53.00,,1,1,US,United States,200,0,
threat model example,150,0,0,0,,51.00,51.00,0.00,1,,US,United States,150,0,0
service kubernetes,10,0,0,0,,36.00,36.00,0.00,1,,MX,Mexico,10,0,0
after everything,3900,,0,,,,70.00,,4,4,AT,Austria,3900,0,
is ancestry legit,150,0,0,0,,51.00,51.00,0.00,1,,US,United States,150,0,0
kustomize images,30,,0,,,,43.00,,1,1,US,United States,30,0,
what is a conversion,700,,0,,,,52.00,,1,1,US,United States,700,0,
what does devops mean,300,0,0,0,,50.00,50.00,0.00,1,,US,United States,300,0,0
slsa3,70,0,0,0,,5.00,5.00,0.00,1,,US,United States,70,0,0
usability testing in software testing,350,0,0,0,,57.00,55.00,-2.00,1,,IN,India,350,0,0
microservices architecture in java,200,0,,,,53.00,,,0,-1,IN,India,200,0,
what is end to end testing,450,0,0,0,,46.00,54.50,8.50,2,1,US,United States,450,0,0
is remotejobs.io legit,800,0,,,,58.00,,,0,-1,US,United States,800,0,
commit,450,,0,,,,47.00,,1,1,SA,Saudi Arabia,450,0,
lightspeed automation,40,0,,,,45.00,,,0,-1,IN,India,40,0,
what is google cloud,2000,,0,,,,16.00,,1,1,US,United States,2000,0,
delivery optimization software,150,,0,,,,52.00,,1,1,US,United States,150,0,
mean time to respond,200,,0,,,,53.00,,1,1,US,United States,200,0,
sca software,450,0,0,0,,57.00,57.00,0.00,1,,US,United States,450,0,0
time sync,90,0,,,,49.00,,,0,-1,DE,Germany,90,0,
regression testing in software engineering,600,0,,,,59.00,,,0,-1,IN,India,600,0,
slo sli,200,0,,,,53.00,,,0,-1,US,United States,200,0,
what are features,800,0,,,,50.00,,,0,-1,US,United States,800,0,
software supply chain security tools,700,0,0,0,,62.00,59.00,-3.00,1,,US,United States,700,0,0
devops support services,450,,0,,,,57.00,,1,1,US,United States,450,0,
customer experience metrics,780,0,0,0,,55.50,61.50,6.00,2,,US,United States,780,0,0
chain harness,250,0,0,0,,60.00,51.00,-9.00,1,,US,United States,250,0,0
hsr codes,18500,,0,,,,78.14,,7,7,US,United States,18500,0,
code coverage tools,650,0,0,0,,45.50,56.50,11.00,2,,IN,India,650,0,0
cost control nedir,200,,0,,,,51.00,,1,1,TR,Turkey,200,0,
apa itu split,600,0,,,,57.00,,,0,-1,ID,Indonesia,600,0,
software meaning,1500,,0,,,,54.00,,1,1,US,United States,1500,0,
devops tools list,1500,0,0,0,,97.00,67.00,-30.00,2,1,US,United States,1500,0,0
what is bayesian statistics,200,0,0,0,,52.00,53.00,1.00,1,,US,United States,200,0,0
sbom example,400,,0,,,,57.00,,1,1,US,United States,400,0,
code hsr,8400,,0,,,,71.67,,3,3,VN,Vietnam,8400,0,
what is sla,10950,0,0,0,,69.88,69.50,-0.38,8,,NG,Nigeria,10950,0,0
statuses,600,0,,,,53.00,,,0,-1,JP,Japan,600,0,
devsecops platforms,10,,0,,,,42.00,,1,1,US,United States,10,0,
corp dev,250,0,0,0,,75.00,55.00,-20.00,1,,US,United States,250,0,0
flux gitops logo,30,,0,,,,41.00,,2,2,IN,India,30,0,
role based access control,250,0,0,0,,55.50,53.00,-2.50,1,-1,CA,Canada,250,0,0
ai & ml full form,450,0,0,0,,63.00,58.00,-5.00,1,,IN,India,450,0,0
cloud automation tools,450,,0,,,,58.00,,1,1,US,United States,450,0,
devops deployment,200,0,0,0,,28.00,55.00,27.00,1,,US,United States,200,0,0
data center cloud migration,350,,0,,,,57.00,,1,1,US,United States,350,0,
okta impersonate user,0,0,,,,33.00,,,0,-1,US,United States,0,0,
mttd and mttr,500,,0,,,,59.00,,2,2,IN,India,500,0,
software supply chain security,1150,0,0,0,,29.00,31.50,2.50,2,1,US,United States,1150,0,0
rendered manifests contain a resource that already exists.,20,0,0,0,,12.00,12.00,0.00,1,,US,United States,20,0,0
sdlc devops,50,,0,,,,1.00,,1,1,US,United States,50,0,
appsec solutions,300,,0,,,,57.00,,1,1,US,United States,300,0,
what is a sanity,10,0,0,0,,72.00,43.00,-29.00,1,,US,United States,10,0,0
customer.io careers,250,0,,,,55.00,,,0,-1,US,United States,250,0,
trunk based git flow,40,0,0,0,,48.00,48.00,0.00,1,,US,United States,40,0,0
what is series d funding,200,,0,,,,55.00,,1,1,US,United States,200,0,
cost management,1700,0,0,0,,60.00,61.00,1.00,1,,FR,France,1700,0,0
chaos cloud,200,0,0,0,,49.00,54.00,5.00,1,,CO,Colombia,200,0,0
shift left security,700,0,0,0,,52.00,61.00,9.00,1,,US,United States,700,0,0
devsecops definition,600,0,0,0,,74.00,60.00,-14.00,1,,US,United States,600,0,0
sast security testing,250,,0,,,,57.00,,1,1,US,United States,250,0,
nutanix investor relations,200,,0,,,,54.00,,1,1,US,United States,200,0,
iac tools,1300,0,0,0,,63.50,64.00,0.50,2,,IN,India,1300,0,0
mixpanel integration,60,,0,,,,49.00,,1,1,US,United States,60,0,
what is type 1 error,850,0,0,0,,53.50,37.00,-16.50,2,,US,United States,850,0,0
static and dynamic application security testing,100,0,0,0,,53.00,53.00,0.00,1,,US,United States,100,0,0
select the correct statement,1300,,0,,,,64.00,,1,1,IN,India,1300,0,
secure cloud deployment,150,,0,,,,54.00,,1,1,US,United States,150,0,
difference between smoke testing and sanity testing,150,2,0,-2,,12.50,13.00,0.50,1,-1,US,United States,150,0,-2
black box testing in software engineering,2600,0,0,0,,52.00,50.00,-2.00,1,,IN,India,2600,0,0
site reliability engineer jobs,800,,0,,,,65.00,,2,2,IN,India,800,0,
platform tools,950,,0,,,,62.00,,2,2,ID,Indonesia,950,0,
shipping automation software,300,0,0,0,,46.00,57.00,11.00,1,,US,United States,300,0,0
tech debt meaning,250,0,0,0,,89.00,57.00,-32.00,1,,US,United States,250,0,0
lightspeed app,600,0,0,0,,75.00,57.00,-18.00,1,,US,United States,600,0,0
ai automation platform,250,0,0,0,,66.00,56.00,-10.00,1,,US,United States,250,0,0
hire remote devops developers,500,,0,,,,59.00,,1,1,US,United States,500,0,
static code analysis is performed in the,20,0,,,,38.00,,,0,-1,IN,India,20,0,
white box testing in software testing,350,0,0,0,,40.00,59.00,19.00,1,,IN,India,350,0,0
what is artifacts,70,0,0,0,,45.00,45.00,0.00,1,,PH,Philippines,70,0,0
test ab,20,,0,,,,46.00,,1,1,US,United States,20,0,
software bill of materials,2550,0,0,0,,61.00,66.00,5.00,3,1,BR,Brazil,2550,0,0
take v1 v2 v3,600,,0,,,,61.00,,1,1,IN,India,600,0,
apa itu sla,2300,0,0,0,,49.00,64.00,15.00,1,,ID,Indonesia,2300,0,0
application monitoring,4400,0,0,0,,96.50,75.50,-21.00,2,,IN,India,4400,0,0
v1 v2 v3 v4,900,,0,,,,58.00,,1,1,IN,India,900,0,
why is my memory usage so high,700,,0,,,,63.00,,1,1,US,United States,700,0,
aws cost management best practices,40,,0,,,,49.00,,1,1,US,United States,40,0,
why use infrastructure as code,40,0,0,0,,1.00,1.00,0.00,1,,US,United States,40,0,0
what is a machine learning model,350,0,,,,59.00,,,0,-1,US,United States,350,0,
devops ci cd,250,0,0,0,,57.00,57.00,0.00,1,,US,United States,250,0,0
software developer productivity tools,200,,0,,,,56.00,,1,1,US,United States,200,0,
harnessed meaning,700,,0,,,,52.00,,1,1,IN,India,700,0,
workflow management systems,350,0,,,,59.00,,,0,-1,US,United States,350,0,
feature engineering tools,200,0,,,,55.00,,,0,-1,US,United States,200,0,
event streaming,450,0,0,0,,60.00,60.00,0.00,1,,US,United States,450,0,0
what is devops in simple words,350,0,0,0,,60.00,59.00,-1.00,1,,IN,India,350,0,0
application security engineer jobs,250,,0,,,,57.00,,1,1,US,United States,250,0,
testing icon,600,,0,,,,54.00,,1,1,IN,India,600,0,
devex hub,70,0,0,0,,51.00,51.00,0.00,1,,IN,India,70,0,0
what is a runbook,600,0,,,,60.00,,,0,-1,US,United States,600,0,
jira cloud rest api,200,,0,,,,57.00,,1,1,US,United States,200,0,
integration test,1500,0,0,0,,53.00,67.00,14.00,4,2,JP,Japan,1500,0,0
site hub harnes,300,,0,,,,58.00,,1,1,FR,France,300,0,
branching strategies,200,,0,,,,57.00,,1,1,US,United States,200,0,
sbom standards,450,0,0,0,,45.00,61.00,16.00,1,,US,United States,450,0,0
custom dashboard,800,0,0,0,,76.00,59.00,-17.00,1,,US,United States,800,0,0
define canary,1300,0,,,,56.00,,,0,-1,US,United States,1300,0,
git branch diagram,200,,0,,,,56.00,,1,1,US,United States,200,0,
integration tests,650,,0,,,,72.50,,2,2,US,United States,650,0,
software testing management,200,,0,,,,58.00,,1,1,US,United States,200,0,
exception types in java,300,,0,,,,58.00,,1,1,IN,India,300,0,
cloud migration consultant,2100,,0,,,,68.00,,1,1,US,United States,2100,0,
devops professional services,900,,0,,,,64.00,,1,1,US,United States,900,0,
deployment resources,250,0,,,,57.00,,,0,-1,US,United States,250,0,
usability testing,9550,0,0,0,,65.00,83.78,18.78,9,8,MU,Mauritius,9550,0,0
devops continuous delivery,200,,0,,,,57.00,,1,1,US,United States,200,0,
what is a sla,1200,,0,,,,30.50,,2,2,US,United States,1200,0,
zero ai,500,,0,,,,61.00,,1,1,DE,Germany,500,0,
load page,200,,0,,,,57.00,,1,1,IN,India,200,0,
mkdocs-techdocs-core,20,0,0,0,,5.00,5.00,0.00,1,,US,United States,20,0,0
database migrations,350,0,0,0,,59.00,59.00,0.00,1,,US,United States,350,0,0
delivery management software,400,,0,,,,60.00,,1,1,IN,India,400,0,
slos,250,0,0,0,,28.00,59.00,31.00,1,,CL,Chile,250,0,0
verzion,250,,0,,,,55.00,,1,1,IN,India,250,0,
what is power in statistics,900,,0,,,,62.00,,1,1,US,United States,900,0,
cloud devops,1000,,0,,,,65.00,,1,1,US,United States,1000,0,
engineering management software,100,,0,,,,54.00,,1,1,US,United States,100,0,
testing environment,200,0,0,0,,1.00,1.00,0.00,1,,US,United States,200,0,0
concourse cicd,10,0,0,0,,44.00,44.00,0.00,1,,US,United States,10,0,0
terraform license,150,0,0,0,,56.00,56.00,0.00,1,,US,United States,150,0,0
devop,800,,0,,,,61.00,,1,1,US,United States,800,0,
subscription management service,300,,0,,,,59.00,,1,1,US,United States,300,0,
argo code,10,0,0,0,,46.00,46.00,0.00,1,,US,United States,10,0,0
sca scans,250,,0,,,,59.00,,1,1,US,United States,250,0,
ci cd software,250,0,0,0,,59.00,59.00,0.00,1,,US,United States,250,0,0
office deploment tool,250,,0,,,,58.00,,1,1,IN,India,250,0,
type 1 errors,250,,0,,,,56.00,,1,1,US,United States,250,0,
ai based testing,60,,0,,,,53.00,,1,1,US,United States,60,0,
cloud cost optimization news,10000,,0,,,,75.00,,1,1,US,United States,10000,0,
sdk.split.io,20,0,0,0,,5.00,5.00,0.00,1,,US,United States,20,0,0
database automation,200,,0,,,,59.00,,1,1,US,United States,200,0,
cloud spend optimization,700,0,0,0,,82.00,64.00,-18.00,1,,US,United States,700,0,0
what is software composition analysis,450,0,0,0,,51.00,62.00,11.00,1,,US,United States,450,0,0
rbac,20250,0,0,0,,77.50,77.18,-0.32,11,7,IL,Israel,20250,0,0
sast vulnerabilities,200,0,,,,59.00,,,0,-1,US,United States,200,0,
release management tools,300,0,0,0,,59.00,59.00,0.00,1,,US,United States,300,0,0
github pull request webhook,10,0,,,,45.00,,,0,-1,US,United States,10,0,
system testing vs integration testing,10,0,0,0,,46.00,46.00,0.00,1,,AU,Australia,10,0,0
ldap opensource,10,0,,,,45.00,,,0,-1,RU,Russian Federation,10,0,
cloud deployment models diagram,350,0,0,0,,50.00,60.00,10.00,1,,IN,India,350,0,0
grype scanner,70,0,0,0,,54.00,54.00,0.00,1,,US,United States,70,0,0
sequential,20,0,,,,48.00,,,0,-1,NA,Namibia,20,0,
sla meaning,5780,0,0,0,,83.29,83.55,0.26,11,4,VN,Vietnam,5780,0,0
optimization icon,650,,0,,,,69.50,,2,2,IN,India,650,0,
black box in software engineering,100,0,,,,56.00,,,0,-1,IN,India,100,0,
which of the following is not considered pii,600,,0,,,,64.00,,1,1,IN,India,600,0,
a/b testing meaning,1900,0,0,0,,42.00,70.00,28.00,2,1,IN,India,1900,0,0
network optimization tool,200,,0,,,,58.00,,1,1,US,United States,200,0,
software bill of materials example,250,0,0,0,,66.00,60.00,-6.00,1,,US,United States,250,0,0
software observability,250,,0,,,,1.00,,1,1,US,United States,250,0,
cisco hyderabad,200,,0,,,,57.00,,1,1,IN,India,200,0,
application modernization,2900,0,0,0,,76.50,77.25,0.75,4,2,US,United States,2900,0,0
flagsmith vs launchdarkly,80,,0,,,,55.00,,1,1,US,United States,80,0,
google sre book,300,,0,,,,60.00,,1,1,IN,India,300,0,
sdk meaning,250,,0,,,,53.00,,1,1,SE,Sweden,250,0,
dast tool,300,0,0,0,,61.00,61.00,0.00,1,,US,United States,300,0,0
under subscription,200,,0,,,,60.00,,1,1,IN,India,200,0,
container scanning,450,0,0,0,,49.00,63.00,14.00,1,,US,United States,450,0,0
finops meaning,300,,0,,,,62.00,,1,1,US,United States,300,0,
security shift left,200,0,0,0,,55.00,60.00,5.00,1,,US,United States,200,0,0
ci cd security tools,300,0,0,0,,48.00,62.00,14.00,1,,US,United States,300,0,0
cloud automation,1550,,0,,,,68.00,,2,2,BR,Brazil,1550,0,
automation best practices,200,0,0,0,,60.00,60.00,0.00,1,,US,United States,200,0,0
operational database,200,,0,,,,56.00,,1,1,US,United States,200,0,
cloud devops services,250,,0,,,,61.00,,1,1,US,United States,250,0,
ecs sidecar container,10,0,0,0,,47.00,47.00,0.00,1,,US,United States,10,0,0
cloud tec,300,,0,,,,63.00,,1,1,US,United States,300,0,
software deployment,2200,0,0,0,,2.50,45.00,42.50,3,1,US,United States,2200,0,0
security engineers,350,,0,,,,59.00,,1,1,US,United States,350,0,
security sca,150,0,,,,59.00,,,0,-1,US,United States,150,0,
pipeline in software,300,0,0,0,,63.00,62.00,-1.00,1,,IN,India,300,0,0
office deployment tool download,300,,0,,,,61.00,,1,1,US,United States,300,0,
value stream mapping tools,300,0,0,0,,62.00,62.00,0.00,1,,US,United States,300,0,0
difference between null and undefined in javascript,450,0,0,0,,67.00,62.00,-5.00,1,,IN,India,450,0,0
scim bridge,20,0,0,0,,48.00,48.00,0.00,1,,US,United States,20,0,0
application delivery solutions,250,0,,,,63.00,,,0,-1,US,United States,250,0,
automation testing company,800,0,0,0,,77.00,68.00,-9.00,1,,US,United States,800,0,0
iac tool,70,,0,,,,57.00,,1,1,US,United States,70,0,
iac cloud,200,,0,,,,61.00,,1,1,US,United States,200,0,
state io,500,0,0,0,,97.00,68.50,-28.50,2,1,GB,United Kingdom,500,0,0
dev environment,250,0,0,0,,59.00,59.00,0.00,1,,US,United States,250,0,0
azure migrate service,200,,0,,,,60.00,,1,1,US,United States,200,0,
aiops tools,450,,0,,,,65.00,,1,1,IN,India,450,0,
feature,3950,0,0,0,,11.50,32.67,21.17,3,1,AZ,Azerbaijan,3950,0,0
continuous integration and continuous delivery,450,,0,,,,64.00,,1,1,US,United States,450,0,
continuous compliance,450,0,0,0,,46.00,65.00,19.00,1,,US,United States,450,0,0
tech debt,1050,0,0,0,,77.00,80.67,3.67,3,,IN,India,1050,0,0
containerisation,1850,0,0,0,,83.00,77.33,-5.67,3,1,IN,India,1850,0,0
service level agreement,7250,0,0,0,,91.83,78.67,-13.17,9,3,TH,Thailand,7250,0,0
automation testing companies,350,,0,,,,64.00,,1,1,US,United States,350,0,
cloud cost savings,800,,0,,,,68.00,,1,1,US,United States,800,0,
aws cost optimization,300,0,,,,64.00,,,0,-1,IN,India,300,0,
which elastic load balancing option supports lambda as a target,30,0,0,0,,53.00,53.00,0.00,1,,US,United States,30,0,0
sbom automation,600,0,0,0,,46.00,67.00,21.00,1,,US,United States,600,0,0
aws cloud,250,,0,,,,60.00,,1,1,HK,Hong Kong,250,0,
continuous meaning,2200,,0,,,,63.00,,2,2,US,United States,2200,0,
dast tools,1700,0,,,,71.50,,,0,-2,IN,India,1700,0,
sf meaning in delivery,250,0,0,0,,56.00,62.00,6.00,1,,PH,Philippines,250,0,0
types of sdlc,250,1,0,-1,,10.00,3.00,-7.00,1,,GB,United Kingdom,250,0,-1
yaml file example,350,,0,,,,67.50,,2,2,IN,India,350,0,
what is artifactory,200,0,0,0,,58.00,61.00,3.00,1,,US,United States,200,0,0
build ops,2000,,0,,,,73.00,,1,1,US,United States,2000,0,
delivery icon,3000,0,0,0,,71.20,72.57,1.37,7,2,MX,Mexico,3000,0,0
what is a threat model,250,0,0,0,,59.00,64.00,5.00,1,,US,United States,250,0,0
api programming,400,0,,,,63.00,,,0,-1,US,United States,400,0,
software application testing,200,,0,,,,63.00,,1,1,US,United States,200,0,
automated deployment tools,500,,0,,,,66.00,,1,1,US,United States,500,0,
stealth ai,12100,,0,,,,86.00,,2,2,IN,India,12100,0,
dast software,400,0,,,,66.00,,,0,-1,US,United States,400,0,
sca scanning,450,4,0,-4,,16.00,67.00,51.00,1,,US,United States,450,0,-4
goldman sachs ai software engineer,0,,0,,,,39.00,,1,1,IN,India,0,0,
anchore,650,0,0,0,,9.00,7.50,-1.50,2,1,IN,India,650,0,0
api application programming interface,370,0,,,,66.00,,,0,-2,AU,Australia,370,0,
what is ops,2600,,0,,,,54.00,,1,1,US,United States,2600,0,
process optimization tools,350,,0,,,,65.00,,1,1,US,United States,350,0,
golang migrate,250,,0,,,,63.00,,1,1,ID,Indonesia,250,0,
maturity model,600,,0,,,,14.00,,1,1,US,United States,600,0,
threat modelling,1500,0,,,,70.00,,,0,-1,IN,India,1500,0,
pipeline icon,550,0,0,0,,69.00,69.00,0.00,2,,IN,India,550,0,0
run book,250,0,0,0,,61.00,58.00,-3.00,1,,IN,India,250,0,0
ux usability testing methods,30,0,,,,55.00,,,0,-1,US,United States,30,0,
security testing,5350,0,0,0,,73.50,63.20,-10.30,5,3,IN,India,5350,0,0
find all my subscriptions,450,,0,,,,67.00,,1,1,US,United States,450,0,
types of knowledge in ai,450,,0,,,,67.00,,1,1,IN,India,450,0,
java parsing string,200,,0,,,,63.00,,1,1,US,United States,200,0,
what is dev ops,250,0,0,0,,53.00,62.00,9.00,1,,IN,India,250,0,0
slo adalah,1400,0,0,0,,65.00,68.00,3.00,1,,ID,Indonesia,1400,0,0
rest api design,400,0,0,0,,65.50,69.00,3.50,2,,IN,India,400,0,0
application security test,300,0,0,0,,61.00,66.00,5.00,1,,US,United States,300,0,0
guardrail,4600,0,0,0,,42.00,51.33,9.33,3,,IN,India,4600,0,0
database migration to cloud,150,,0,,,,63.00,,1,1,US,United States,150,0,
sdlc methodologies,1400,0,,,,2.50,,,0,-2,IN,India,1400,0,
qwiet,100,0,0,0,,6.00,6.00,0.00,1,,US,United States,100,0,0
azure devops pipeline,1300,,0,,,,75.00,,2,2,US,United States,1300,0,
devops and automation,150,0,,,,63.00,,,0,-1,US,United States,150,0,
agile software development life cycle,1700,0,0,0,,3.00,37.00,34.00,2,,IN,India,1700,0,0
busybox helm chart,10,0,0,0,,50.00,50.00,0.00,1,,US,United States,10,0,0
devops images,500,,0,,,,63.00,,1,1,IN,India,500,0,
ado source control,10,0,,,,50.00,,,0,-1,US,United States,10,0,
dora ai website builder,300,,0,,,,65.00,,1,1,IN,India,300,0,
a/b testing definition,1100,,0,,,,67.00,,1,1,US,United States,1100,0,
https//backstagepage.com,1500,,0,,,,72.00,,1,1,US,United States,1500,0,
infra as code,400,,0,,,,67.00,,1,1,US,United States,400,0,
enterprise software testing,250,0,0,0,,67.00,65.00,-2.00,1,,US,United States,250,0,0
google cloud platform,2150,,0,,,,66.33,,3,3,RU,Russian Federation,2150,0,
cloud migration services companies,450,,0,,,,68.00,,1,1,US,United States,450,0,
continuous integration continuous delivery,200,,0,,,,65.00,,1,1,US,United States,200,0,
devops management,350,,0,,,,67.00,,1,1,US,United States,350,0,
hashicorp aws version,20,0,0,0,,52.00,52.00,0.00,1,,US,United States,20,0,0
fargate pricing,600,,0,,,,69.00,,1,1,US,United States,600,0,
migrating legacy applications to the cloud,600,,0,,,,69.00,,1,1,US,United States,600,0,
database migration,1700,0,0,0,,61.50,45.50,-16.00,2,,IN,India,1700,0,0
workflow management,3620,0,0,0,,74.00,79.50,5.50,6,3,US,United States,3620,0,0
software security testing,500,0,0,0,,61.00,1.00,-60.00,1,,US,United States,500,0,0
what is static analysis,200,0,0,0,,24.00,63.00,39.00,1,,US,United States,200,0,0
cost optimization cloud,150,,0,,,,63.00,,1,1,US,United States,150,0,
trellis software,150,0,0,0,,40.00,61.00,21.00,1,,US,United States,150,0,0
secret management,200,0,0,0,,65.00,65.00,0.00,1,,US,United States,200,0,0
continuous testing,450,0,,,,67.00,,,0,-1,US,United States,450,0,
choice hotels new york city,200,,0,,,,62.00,,1,1,US,United States,200,0,
integration testing,3000,0,0,0,,74.00,77.33,3.33,6,5,EG,Egypt,3000,0,0
dora metriken,150,,0,,,,63.00,,1,1,DE,Germany,150,0,
cloud center of excellence,250,0,0,0,,70.00,66.00,-4.00,1,-2,US,United States,250,0,0
developer platform,430,0,0,0,,63.00,66.50,3.50,2,,US,United States,430,0,0
ecs agent version,10,0,0,0,,49.00,49.00,0.00,1,,US,United States,10,0,0
what is a type one error,200,,0,,,,59.00,,1,1,US,United States,200,0,
ci/cd stands for,200,0,0,0,,18.00,58.00,40.00,1,,CA,Canada,200,0,0
google cloud billing,600,,0,,,,55.00,,1,1,US,United States,600,0,
sast report,150,,0,,,,65.00,,1,1,US,United States,150,0,
aws cost monitoring,250,,0,,,,65.00,,1,1,US,United States,250,0,
devops service and solutions,300,,0,,,,67.00,,1,1,US,United States,300,0,
ai software,200,,0,,,,65.00,,1,1,KR,South Korea,200,0,
ai automation software,700,0,0,0,,48.00,70.00,22.00,1,,US,United States,700,0,0
ai software testing,100,0,0,0,,34.00,62.00,28.00,1,,US,United States,100,0,0
false negative vs false positive,350,0,0,0,,65.00,65.00,0.00,1,,US,United States,350,0,0
terraform apply auto approve,150,0,,,,64.00,,,0,-1,US,United States,150,0,
ops web series,700,,0,,,,71.00,,1,1,IN,India,700,0,
apa itu slo,400,0,0,0,,69.00,67.00,-2.00,1,,ID,Indonesia,400,0,0
dashboard ai,950,0,,,,73.50,,,0,-2,IN,India,950,0,
lightspeed training login,90,,0,,,,61.00,,1,1,US,United States,90,0,
type i error,10500,0,0,0,,53.33,62.67,9.33,3,,PH,Philippines,10500,0,0
software product modernization,700,,0,,,,70.00,,1,1,US,United States,700,0,
sdlc tools,300,,0,,,,3.00,,1,1,US,United States,300,0,
devops automation consulting,500,0,0,0,,75.00,70.00,-5.00,1,,US,United States,500,0,0
git mirror repository sync,0,,0,,,,48.00,,1,1,US,United States,0,0,
pipeline cloud,450,,0,,,,68.00,,1,1,US,United States,450,0,
docker:dind,320,0,0,0,,11.12,9.17,-1.96,6,-2,BR,Brazil,320,0,0
kubectl deployment log,20,0,,,,54.00,,,0,-1,US,United States,20,0,
choice hotels log in,700,,0,,,,69.00,,1,1,US,United States,700,0,
download office deployment tool,350,,0,,,,67.00,,1,1,US,United States,350,0,
iac security,400,,0,,,,69.00,,1,1,US,United States,400,0,
yml editor,60,,0,,,,59.00,,1,1,US,United States,60,0,
containerization definition,400,,0,,,,62.00,,1,1,US,United States,400,0,
enterprise application testing,200,0,,,,66.00,,,0,-1,US,United States,200,0,
threat model,1050,,0,,,,71.00,,2,2,IN,India,1050,0,
identify the correct statement,800,,0,,,,72.00,,1,1,IN,India,800,0,
chaos lab,1900,,0,,,,75.00,,1,1,IT,Italy,1900,0,
data pipeline,500,0,0,0,,56.33,75.50,19.17,2,-1,AU,Australia,500,0,0
eks anywhere,500,,0,,,,69.00,,1,1,US,United States,500,0,
change impact analysis,150,0,,,,64.00,,,0,-1,US,United States,150,0,
apa itu oss,1500,,0,,,,74.00,,1,1,ID,Indonesia,1500,0,
application programming interface,1150,0,0,0,,75.00,81.67,6.67,3,-2,CA,Canada,1150,0,0
reliability in software engineering,200,,0,,,,66.00,,1,1,IN,India,200,0,
software automation tools,200,,0,,,,66.00,,1,1,US,United States,200,0,
how many it companies in bangalore,700,,0,,,,72.00,,1,1,IN,India,700,0,
what does ci/cd stand for,450,0,0,0,,66.00,70.00,4.00,1,,US,United States,450,0,0
calculate mttr,200,,0,,,,66.00,,1,1,US,United States,200,0,
containerization technologies,10000,0,0,0,,71.00,1.00,-70.00,1,,US,United States,10000,0,0
best ab testing software,300,0,,,,68.00,,,0,-1,US,United States,300,0,
devsecops meaning,900,0,0,0,,82.50,73.00,-9.50,1,-1,IN,India,900,0,0
door metrics,40,0,0,0,,59.00,59.00,0.00,1,,US,United States,40,0,0
java.lang.nullpointerexception,3700,0,0,0,,19.75,16.67,-3.08,6,2,US,United States,3700,0,0
pagerduty trial,60,0,,,,60.00,,,0,-1,US,United States,60,0,
what is technical debt,2350,,0,,,,76.00,,2,2,IN,India,2350,0,
data pipeline management,200,0,,,,67.00,,,0,-1,US,United States,200,0,
enterprise workload automation software,200,,0,,,,67.00,,1,1,US,United States,200,0,
hsr logo,350,0,0,0,,89.00,69.00,-20.00,1,,ID,Indonesia,350,0,0
usability test,600,,0,,,,69.00,,1,1,US,United States,600,0,
define:observability,20,0,0,0,,57.00,57.00,0.00,1,,US,United States,20,0,0
jenkins checkmarx plugin,10,0,0,0,,52.00,52.00,0.00,1,,US,United States,10,0,0
technical debt,7230,0,0,0,,70.67,83.83,13.17,6,3,JP,Japan,7230,0,0
devops managed services,600,0,0,0,,71.00,72.00,1.00,1,,US,United States,600,0,0
resilience code,150,,0,,,,64.00,,1,1,US,United States,150,0,
io share price,150,0,,,,65.00,,,0,-1,IN,India,150,0,
what does terraform mean,250,0,,,,62.00,,,0,-1,US,United States,250,0,
ancestry pro tools,600,,0,,,,72.00,,1,1,US,United States,600,0,
terragrunt,10650,0,0,0,,20.89,17.77,-3.12,13,4,IN,India,10650,0,0
what does hashicorp do,100,0,0,0,,65.00,65.00,0.00,1,,US,United States,100,0,0
stealth ai remover,200,,0,,,,67.00,,1,1,KE,Kenya,200,0,
what is devsecops?,250,0,0,0,,68.00,68.00,0.00,1,,US,United States,250,0,0
static analysis,2000,0,0,0,,60.75,69.00,8.25,2,-2,IN,India,2000,0,0
aws datasync,700,,0,,,,72.00,,1,1,JP,Japan,700,0,
observability as a service,250,,0,,,,70.00,,1,1,US,United States,250,0,
devops assessment,300,,0,,,,69.00,,1,1,US,United States,300,0,
end to end tests,20,0,,,,58.00,,,0,-1,PL,Poland,20,0,
logo oi,500,,0,,,,67.00,,1,1,ID,Indonesia,500,0,
cloud migration services and solutions,500,,0,,,,72.00,,1,1,US,United States,500,0,
owasp top 10 api,850,0,,,,76.00,,,0,-2,US,United States,850,0,
subscription,250,,0,,,,68.00,,1,1,RU,Russian Federation,250,0,
server costing,20,0,,,,58.00,,,0,-1,IN,India,20,0,
ai company in india,250,,0,,,,69.00,,1,1,US,United States,250,0,
devops roadmap,800,,0,,,,75.00,,1,1,US,United States,800,0,
what does add to cart mean,40,0,0,0,,61.00,61.00,0.00,1,,PH,Philippines,40,0,0
aws secrets manager alternatives,100,,0,,,,66.00,,1,1,US,United States,100,0,
ecommerce testing services,350,,0,,,,70.00,,1,1,US,United States,350,0,
github secret scanning partners,10,0,,,,56.00,,,0,-1,US,United States,10,0,
sdk android,30,0,0,0,,9.00,9.00,0.00,1,,IN,India,30,0,0
# https//backstagepage.com/,1100,,0,,,,75.00,,1,1,US,United States,1100,0,
cocd box,1000,,0,,,,73.00,,1,1,NL,Netherlands,1000,0,
slo.pages.dev,0,0,0,0,,3.00,5.00,2.00,1,,GB,United Kingdom,0,0,0
quantum metric headquarters,20,,0,,,,58.00,,1,1,US,United States,20,0,
hashicorp careers,1200,0,0,0,,69.00,83.50,14.50,2,1,IN,India,1200,0,0
data pipeline software,350,0,0,0,,70.00,70.00,0.00,1,,US,United States,350,0,0
devops model,300,,0,,,,69.00,,1,1,US,United States,300,0,
rag ai,3900,,0,,,,82.00,,1,1,IN,India,3900,0,
office deployement tool,500,,0,,,,72.00,,1,1,IN,India,500,0,
slack developer,400,,0,,,,70.00,,1,1,US,United States,400,0,
ai orchestration platform,300,0,0,0,,71.00,71.00,0.00,1,,US,United States,300,0,0
cve-2022-3602,260,0,0,0,,6.00,7.33,1.33,6,5,GB,United Kingdom,260,0,0
is bitbucket down,200,,0,,,,69.00,,1,1,US,United States,200,0,
our code,800,,0,,,,75.00,,1,1,US,United States,800,0,
what is sla in business,800,0,0,0,,103.00,75.00,-28.00,1,,US,United States,800,0,0
sre practices,100,,0,,,,66.00,,1,1,US,United States,100,0,
hashicorp stock,8600,,0,,,,86.00,,1,1,US,United States,8600,0,
smoke and sanity testing,1300,0,0,0,,8.50,15.00,6.50,1,-1,IN,India,1300,0,0
droneci,60,0,0,0,,7.50,7.50,0.00,4,,US,United States,60,0,0
abtest,40,0,0,0,,54.00,62.00,8.00,1,,US,United States,40,0,0
marketo field types,30,0,,,,61.00,,,0,-1,US,United States,30,0,
aws iac,300,0,,,,70.00,,,0,-1,US,United States,300,0,
segment logo,250,,0,,,,63.00,,1,1,US,United States,250,0,
how to see all the subscriptions i have,200,,0,,,,69.00,,1,1,US,United States,200,0,
cloud application delivery,250,0,0,0,,70.00,70.00,0.00,1,,US,United States,250,0,0
application modernization challenges,90,0,,,,66.00,,,0,-1,US,United States,90,0,
types of exceptions in java,500,0,0,0,,29.00,32.00,3.00,1,,IN,India,500,0,0
dnsspoof,30,0,0,0,,6.00,6.00,0.00,1,,US,United States,30,0,0
oss itu apa,250,,0,,,,70.00,,1,1,ID,Indonesia,250,0,
hsr new codes,350,,0,,,,71.00,,1,1,PH,Philippines,350,0,
break even graph,800,,0,,,,71.00,,1,1,GB,United Kingdom,800,0,
devsecops software,350,0,,,,72.00,,,0,-1,US,United States,350,0,
the pipeline,600,,0,,,,68.00,,1,1,US,United States,600,0,
automated security testing,800,0,0,0,,76.00,76.00,0.00,1,,US,United States,800,0,0
deployed meaning,1900,,0,,,,70.00,,1,1,US,United States,1900,0,
marketo alternatives,350,0,0,0,,82.00,72.00,-10.00,1,,US,United States,350,0,0
aws migration tools,250,,0,,,,71.00,,1,1,US,United States,250,0,
application program interface,600,0,,,,76.00,,,0,-2,US,United States,600,0,
cloud cost analysis,350,0,0,0,,72.00,72.00,0.00,1,,US,United States,350,0,0
define rollback,150,,0,,,,61.00,,1,1,US,United States,150,0,
accelerated automation,10,,0,,,,57.00,,1,1,US,United States,10,0,
chaos meaning,102600,0,0,0,,81.67,75.00,-6.67,6,3,AE,United Arab Emirates,102600,0,0
process optimization software,400,,0,,,,73.00,,1,1,US,United States,400,0,
sla slo,200,0,0,0,,65.00,70.00,5.00,1,,US,United States,200,0,0
open source code,1000,0,0,0,,71.00,83.00,12.00,2,1,US,United States,1000,0,0
make a comparison and write down,100,,0,,,,68.00,,1,1,IN,India,100,0,
what is threat modelling,200,,0,,,,70.00,,1,1,IN,India,200,0,
service discovery,150,,0,,,,68.00,,1,1,RU,Russian Federation,150,0,
release manager,200,0,0,0,,60.00,67.00,7.00,1,,IN,India,200,0,0
how long should i leave developer in my hair,40,,0,,,,63.00,,1,1,US,United States,40,0,
secure sdlc checklist,40,,0,,,,63.00,,1,1,US,United States,40,0,
optimization meaning,6000,,0,,,,87.50,,2,2,US,United States,6000,0,
continuous compliance automation,600,0,0,0,,71.00,75.00,4.00,1,,US,United States,600,0,0
cloud zero,700,,0,,,,75.00,,1,1,US,United States,700,0,
what is artifact,150,,0,,,,65.00,,1,1,IN,India,150,0,
crud api,200,0,0,0,,72.00,70.00,-2.00,1,,GB,United Kingdom,200,0,0
ai graph,200,,0,,,,69.00,,1,1,IN,India,200,0,
best ci,280,0,0,0,,75.50,69.00,-6.50,2,,IN,India,280,0,0
sdlc benefits,90,0,0,0,,67.00,67.00,0.00,1,,US,United States,90,0,0
appsec,600,,0,,,,71.00,,1,1,IN,India,600,0,
apa itu staging,700,0,0,0,,65.00,76.00,11.00,1,,ID,Indonesia,700,0,0
terraform news today,5000,,0,,,,85.00,,1,1,US,United States,5000,0,
automation testing,1550,0,0,0,,74.50,76.00,1.50,3,1,NG,Nigeria,1550,0,0
what is an sla,5250,0,0,0,,64.50,82.75,18.25,4,2,CA,Canada,5250,0,0
automated deployments,150,,0,,,,70.00,,1,1,US,United States,150,0,
what does ci cd stand for,250,,0,,,,72.00,,1,1,US,United States,250,0,
head harness,400,,0,,,,70.00,,1,1,US,United States,400,0,
continuous integration and delivery,200,0,,,,71.00,,,0,-1,US,United States,200,0,
test artifacts,150,0,,,,69.00,,,0,-1,IN,India,150,0,
apis software,250,,0,,,,72.00,,1,1,US,United States,250,0,
sla it,150,0,,,,70.00,,,0,-1,US,United States,150,0,
lightspeed company,300,,0,,,,69.00,,1,1,US,United States,300,0,
aws notes,350,,0,,,,73.00,,1,1,IN,India,350,0,
sdlc in software engineering,7080,0,0,0,,2.00,6.67,4.67,3,1,IN,India,7080,0,0
how to see who's subscribed to you on youtube,500,,0,,,,73.00,,1,1,US,United States,500,0,
software tooling,600,0,0,0,,80.00,76.00,-4.00,1,,US,United States,600,0,0
application gateway pricing,100,0,0,0,,68.00,68.00,0.00,1,,US,United States,100,0,0
.io meaning,2600,,0,,,,82.50,,2,2,IN,India,2600,0,
cluster autoscaler,350,,0,,,,73.00,,1,1,US,United States,350,0,
oi meaning,2400,,0,,,,74.00,,1,1,US,United States,2400,0,
selenium testing tool,500,,0,,,,74.00,,1,1,US,United States,500,0,
what is api in coding,60,0,0,0,,67.00,67.00,0.00,1,,US,United States,60,0,0
devops engineer jobs remote,450,,0,,,,75.00,,1,1,US,United States,450,0,
infrastructure-as-code,150,0,0,0,,72.00,71.00,-1.00,1,,US,United States,150,0,0
cloud cost optimization,150,0,0,0,,52.33,71.00,18.67,1,-2,KR,South Korea,150,0,0
ui ux designer jobs,4600,,0,,,,85.00,,1,1,IN,India,4600,0,
saml vs ldap,200,0,0,0,,72.00,72.00,0.00,1,,US,United States,200,0,0
devsecops integration,250,0,0,0,,74.00,72.00,-2.00,1,,US,United States,250,0,0
cloud development company,500,0,,,,76.00,,,0,-1,US,United States,500,0,
threat modelling in cyber security,200,,0,,,,72.00,,1,1,IN,India,200,0,
360 management group,350,,0,,,,73.00,,1,1,US,United States,350,0,
is choice hotels legit,400,,0,,,,75.00,,1,1,US,United States,400,0,
wiring harness meaning,300,,0,,,,69.00,,1,1,IN,India,300,0,
하네스,6400,0,0,0,,76.00,82.00,6.00,1,,KR,South Korea,6400,0,0
testing apps,250,,0,,,,73.00,,1,1,US,United States,250,0,
testing in software engineering,6500,,0,,,,38.00,,2,2,US,United States,6500,0,
mean time to resolution,50,0,0,0,,66.00,66.00,0.00,1,,IN,India,50,0,0
jenkins devops,300,,0,,,,72.00,,1,1,US,United States,300,0,
java rest framework,200,,0,,,,73.00,,1,1,US,United States,200,0,
software companies in chicago,400,,0,,,,77.00,,1,1,US,United States,400,0,
dora ai website,700,,0,,,,77.00,,1,1,IN,India,700,0,
npm security news,16000,,0,,,,92.00,,1,1,US,United States,16000,0,
intelligent meaning,1800,,0,,,,72.00,,1,1,US,United States,1800,0,
ci/cd คือ,300,,0,,,,74.00,,1,1,TH,Thailand,300,0,
chaos company,300,0,0,0,,92.00,73.00,-19.00,1,,US,United States,300,0,0
clock synchronization,250,0,,,,70.00,,,0,-1,US,United States,250,0,
cloud cost optimisation,100,,0,,,,70.00,,1,1,US,United States,100,0,
server cost,250,,0,,,,70.00,,1,1,US,United States,250,0,
what does ops stand for,350,,0,,,,70.00,,1,1,US,United States,350,0,
dev sec ops,1200,0,0,0,,79.00,80.00,1.00,2,1,US,United States,1200,0,0
application optimization,250,0,,,,74.00,,,0,-1,US,United States,250,0,
maturity test,250,,0,,,,73.00,,1,1,IN,India,250,0,
observibility,20,,0,,,,64.00,,1,1,US,United States,20,0,
kubectl restart deployment,20,0,0,0,,59.50,63.00,3.50,1,-1,US,United States,20,0,0
tech stack,400,,0,,,,73.00,,1,1,BR,Brazil,400,0,
slas full form,600,0,,,,72.00,,,0,-1,IN,India,600,0,
power analysis,900,0,,,,53.50,,,0,-2,PH,Philippines,900,0,
sprint review vs sprint retrospective,200,0,0,0,,77.00,72.00,-5.00,1,,IN,India,200,0,0
github actions news today,13000,,0,,,,91.00,,1,1,US,United States,13000,0,
reserved adalah,700,0,0,0,,45.00,75.00,30.00,1,,ID,Indonesia,700,0,0
software supply chain security solution,700,,0,,,,79.00,,1,1,US,United States,700,0,
false positive vs false negative,600,0,0,0,,71.00,76.00,5.00,1,,US,United States,600,0,0
sla meaning business,1700,0,0,0,,69.00,86.50,17.50,2,1,US,United States,1700,0,0
sast definition,200,,0,,,,73.00,,1,1,US,United States,200,0,
hardness,8050,0,0,0,,95.00,73.75,-21.25,4,3,VN,Vietnam,8050,0,0
usability study,300,,0,,,,72.00,,1,1,US,United States,300,0,
ai tools for software testing,200,0,0,0,,74.00,74.00,0.00,1,,US,United States,200,0,0
what is the domain of a graph,350,,0,,,,73.00,,1,1,US,United States,350,0,
software version,1100,0,0,0,,54.50,79.00,24.50,2,,US,United States,1100,0,0
ai softwares,500,0,0,0,,38.00,78.00,40.00,1,,US,United States,500,0,0
it observability,250,,0,,,,75.00,,1,1,US,United States,250,0,
choice hotels chicago,100,,0,,,,67.00,,1,1,US,United States,100,0,
deployment software,400,,0,,,,75.00,,1,1,US,United States,400,0,
cisco spaces,200,0,0,0,,56.00,73.00,17.00,1,,JP,Japan,200,0,0
undo closed tab,600,,0,,,,77.00,,1,1,US,United States,600,0,
discovery phase in software development,200,0,,,,74.00,,,0,-1,US,United States,200,0,
secure testing,250,,0,,,,75.00,,1,1,US,United States,250,0,
sci shipping company,1400,0,,,,83.00,,,0,-1,IN,India,1400,0,
deployment meaning in work,400,0,,,,77.00,,,0,-1,IN,India,400,0,
type 1 and type 2 error,800,,0,,,,77.00,,1,1,US,United States,800,0,
flaky test,450,,0,,,,81.00,,2,2,DE,Germany,450,0,
app security testing,350,0,0,0,,68.00,77.00,9.00,1,,US,United States,350,0,0
artifact registry,600,,0,,,,78.00,,1,1,JP,Japan,600,0,
dark programming,200,,0,,,,73.00,,1,1,US,United States,200,0,
security testing in software testing,450,0,0,0,,61.00,79.00,18.00,1,,IN,India,450,0,0
networking.k8s.io/v1 ingress,10,0,0,0,,59.00,59.00,0.00,1,,US,United States,10,0,0
what is a service level agreement,900,,0,,,,77.00,,1,1,US,United States,900,0,
what does cd stand for,400,,0,,,,69.00,,1,1,GB,United Kingdom,400,0,
what is sla full form,350,,0,,,,77.00,,1,1,IN,India,350,0,
application release automation,200,,0,,,,74.00,,1,1,US,United States,200,0,
type i,300,0,0,0,,67.00,68.00,1.00,1,,AU,Australia,300,0,0
on cloud cloud go,150,,0,,,,73.00,,1,1,US,United States,150,0,
what is clouds,150,,0,,,,74.00,,1,1,IN,India,150,0,
cko meaning,150,0,,,,74.00,,,0,-1,US,United States,150,0,
mttr stands for,40,0,0,0,,68.00,68.00,0.00,1,,PK,Pakistan,40,0,0
what does optimized mean,150,0,0,0,,97.00,66.00,-31.00,1,,US,United States,150,0,0
cloud resource optimization,150,0,0,0,,64.00,74.00,10.00,1,,US,United States,150,0,0
sla full form,34450,0,0,0,,79.00,84.00,5.00,4,1,AE,United Arab Emirates,34450,0,0
pipeline software,200,0,0,0,,72.00,72.00,0.00,1,,BR,Brazil,200,0,0
learn devops,600,0,0,0,,63.00,80.00,17.00,2,1,IN,India,600,0,0
choice hotels sign in,450,,0,,,,73.00,,1,1,US,United States,450,0,
remote jobs.io,250,,0,,,,75.00,,1,1,US,United States,250,0,
que es arnes,400,,0,,,,79.00,,1,1,US,United States,400,0,
devops services & solutions,400,0,0,0,,77.00,77.00,0.00,1,,US,United States,400,0,0
code coverage testing tools,20,0,,,,65.00,,,0,-1,IN,India,20,0,
sla compliance,450,,0,,,,77.00,,1,1,IN,India,450,0,
automation tool and die,100,,0,,,,69.00,,1,1,US,United States,100,0,
cloud cookie,900,,0,,,,81.00,,1,1,US,United States,900,0,
difference between static and dynamic testing,350,0,0,0,,79.00,79.00,0.00,1,,IN,India,350,0,0
sci ecommerce,200,,0,,,,75.00,,1,1,SG,Singapore,200,0,
permission usage monitor,300,,0,,,,75.00,,1,1,US,United States,300,0,
waap,900,0,,,,8.00,,,0,-1,US,United States,900,0,
infrastructure automation tools,300,0,0,0,,70.00,77.00,7.00,1,,US,United States,300,0,0
git flow cheatsheet,10,0,0,0,,61.00,61.00,0.00,1,,US,United States,10,0,0
arti enable,800,0,0,0,,65.00,77.00,12.00,1,,ID,Indonesia,800,0,0
cloud security engineer jobs,450,,0,,,,78.00,,1,1,US,United States,450,0,
cloud cost optimization companies,500,,0,,,,80.00,,1,1,US,United States,500,0,
split test,300,0,0,0,,65.00,73.00,8.00,1,,US,United States,300,0,0
iac code,200,0,0,0,,69.00,76.00,7.00,1,,US,United States,200,0,0
signalfx,1070,0,0,0,,9.40,10.00,0.60,7,2,US,United States,1070,0,0
app optimization,1200,0,0,0,,76.00,79.00,3.00,1,,US,United States,1200,0,0
website seo optimieren,200,0,,,,76.00,,,0,-1,US,United States,200,0,
software testing,16600,,0,,,,41.50,,2,2,EG,Egypt,16600,0,
what is ml,250,0,,,,69.00,,,0,-1,AU,Australia,250,0,
aws cost optimization best practices,300,0,0,0,,75.00,78.00,3.00,1,,US,United States,300,0,0
application security testing software,250,0,0,0,,75.00,77.00,2.00,1,,US,United States,250,0,0
software design process,350,0,0,0,,7.00,78.00,71.00,1,,IN,India,350,0,0
engineering efficiency,300,0,0,0,,76.50,78.00,1.50,1,-1,IN,India,300,0,0
continuous integration meaning,200,0,0,0,,66.00,76.00,10.00,1,,US,United States,200,0,0
meaning of sla,250,0,0,0,,95.00,71.00,-24.00,1,,IN,India,250,0,0
cicd meaning,200,0,0,0,,66.00,76.00,10.00,1,,US,United States,200,0,0
continuous testing tools,250,,0,,,,77.00,,1,1,US,United States,250,0,
what does .io mean,3200,0,0,0,,101.00,84.50,-16.50,2,1,US,United States,3200,0,0
subscriptions,450,,0,,,,79.50,,2,2,MX,Mexico,450,0,
optimization software,350,0,,,,77.00,,,0,-1,US,United States,350,0,
a segment,200,0,0,0,,48.00,55.00,7.00,2,,MY,Malaysia,200,0,0
java microservices,10,0,,,,63.00,,,0,-1,NL,Netherlands,10,0,
sdk for android,30,0,,,,10.00,,,0,-1,US,United States,30,0,
js cycles,700,,0,,,,81.00,,1,1,GB,United Kingdom,700,0,
sprint review vs retrospective,400,0,0,0,,71.00,80.00,9.00,1,,US,United States,400,0,0
cloud sales,450,,0,,,,81.00,,2,2,US,United States,450,0,
open source software,200,,0,,,,75.00,,1,1,TH,Thailand,200,0,
mttr mean time to repair,150,0,,,,76.00,,,0,-1,US,United States,150,0,
what is devops security,100,0,,,,75.00,,,0,-1,US,United States,100,0,
how to see my subscriptions,350,,0,,,,80.00,,1,1,US,United States,350,0,
choice hotels corporate code,200,,0,,,,79.00,,1,1,US,United States,200,0,
usability testing software,300,0,0,0,,70.00,78.00,8.00,1,,US,United States,300,0,0
bill of materials software,800,,0,,,,84.00,,1,1,US,United States,800,0,
ab testing means,200,,0,,,,77.00,,1,1,IN,India,200,0,
arti sla,600,0,,,,80.00,,,0,-1,ID,Indonesia,600,0,
.io websites,450,0,0,0,,60.00,79.00,19.00,1,,US,United States,450,0,0
cd 1,200,,0,,,,72.00,,1,1,US,United States,200,0,
software composition analysis software,450,,0,,,,81.00,,1,1,US,United States,450,0,
delivery management app,200,,0,,,,76.00,,1,1,US,United States,200,0,
lightspeed systems login,200,,0,,,,75.00,,1,1,US,United States,200,0,
011y,100,0,0,0,,8.00,8.00,0.00,1,,US,United States,100,0,0
techdocs,300,0,0,0,,9.20,8.67,-0.53,3,-2,IN,India,300,0,0
kubernetes deployment tools,200,0,,,,78.00,,,0,-1,US,United States,200,0,
upstream vs downstream,600,,0,,,,78.00,,1,1,GB,United Kingdom,600,0,
dast full form,350,,0,,,,80.00,,1,1,IN,India,350,0,
qa environment,150,0,0,0,,74.00,74.00,0.00,1,,US,United States,150,0,0
workflow management system,1500,0,,,,85.00,,,0,-2,US,United States,1500,0,
optimize icon,200,,0,,,,70.00,,1,1,IN,India,200,0,
what is slas,150,0,,,,77.00,,,0,-1,US,United States,150,0,
entitlement management,600,,0,,,,83.00,,1,1,US,United States,600,0,
lightspeed hq,950,0,0,0,,67.00,72.00,5.00,2,1,US,United States,950,0,0
stephens reduction,300,,0,,,,77.00,,1,1,IN,India,300,0,
wiring harness company,400,,0,,,,82.00,,1,1,IN,India,400,0,
chaos labs,300,,0,,,,79.00,,1,1,US,United States,300,0,
what does oss stand for,250,,0,,,,73.00,,1,1,US,United States,250,0,
devops strategy,300,,0,,,,80.00,,1,1,US,United States,300,0,
mttr cyber security,300,0,0,0,,94.00,80.00,-14.00,1,,US,United States,300,0,0
what is a type one error in statistics,200,0,0,0,,78.00,78.00,0.00,1,,US,United States,200,0,0
unit step signal,800,,0,,,,80.00,,1,1,IN,India,800,0,
what is mtta,100,,0,,,,77.00,,1,1,US,United States,100,0,
test suite,1100,0,0,0,,1.00,85.50,84.50,2,1,IN,India,1100,0,0
apm tools list,50,0,0,0,,72.00,72.00,0.00,1,,US,United States,50,0,0
test automation platform,200,0,0,0,,58.00,78.00,20.00,1,,US,United States,200,0,0
progressive force concepts,250,,0,,,,77.00,,1,1,US,United States,250,0,
app to see all subscriptions,150,,0,,,,77.00,,1,1,US,United States,150,0,
<+,160,13,0,-13,,5.00,5.50,0.50,4,-1,ES,Spain,160,0,-13
discover fraud alert,200,,0,,,,77.00,,1,1,US,United States,200,0,
know v1 v2 v3,500,,0,,,,83.00,,1,1,IN,India,500,0,
delivery company,400,,0,,,,78.00,,1,1,IN,India,400,0,
alpha and beta testing in software engineering,400,,0,,,,4.00,,1,1,IN,India,400,0,
argocd,39150,0,0,0,,23.31,27.35,4.05,34,21,HU,Hungary,39150,0,0
harness safety,600,,0,,,,76.00,,1,1,MY,Malaysia,600,0,
andriod sdk,500,0,0,0,,6.00,8.00,2.00,1,,US,United States,500,0,0
deployment pipeline,200,,0,,,,74.00,,1,1,IN,India,200,0,
enterprise vault,800,,0,,,,83.00,,1,1,US,United States,800,0,
sla fullform,300,,0,,,,81.00,,1,1,IN,India,300,0,
devops implementation,450,0,,,,83.00,,,0,-1,US,United States,450,0,
sla full form in software,300,,0,,,,81.00,,1,1,IN,India,300,0,
smoke testing in software testing,200,0,0,0,,78.00,78.00,0.00,1,,US,United States,200,0,0
software bom,250,0,0,0,,79.00,81.00,2.00,1,,US,United States,250,0,0
dynamic analysis,850,0,0,0,,83.00,82.00,-1.00,2,1,US,United States,850,0,0
security engineer jobs remote,150,0,,,,78.00,,,0,-1,US,United States,150,0,
cloud automation testing,100,0,,,,78.00,,,0,-1,US,United States,100,0,
container security scanner,300,0,0,0,,70.00,81.00,11.00,1,,US,United States,300,0,0
immediate hire security jobs,50,,0,,,,74.00,,1,1,US,United States,50,0,
software deployment tools,700,12,0,-12,,18.00,86.00,68.00,1,,US,United States,700,0,-12
lightspeed pricing,200,,0,,,,79.00,,1,1,US,United States,200,0,
jexl,80,0,0,0,,7.00,7.00,0.00,1,,US,United States,80,0,0
test a,600,0,,,,76.00,,,0,-1,US,United States,600,0,
cost optimization meaning,450,,0,,,,81.00,,1,1,IN,India,450,0,
what is software testing automation,150,,0,,,,79.00,,1,1,US,United States,150,0,
devsecops automation,900,,0,,,,87.00,,1,1,US,United States,900,0,
devops process,200,0,,,,79.00,,,0,-1,IN,India,200,0,
sla,128100,0,0,0,,73.83,76.05,2.23,19,-4,RU,Russian Federation,128100,0,0
devops concepts,200,0,0,0,,80.00,80.00,0.00,1,,US,United States,200,0,0
ulta labs promo code,200,0,,,,81.00,,,0,-1,US,United States,200,0,
observability solutions,150,,0,,,,80.00,,1,1,US,United States,150,0,
code analysis,550,,0,,,,89.50,,2,2,US,United States,550,0,
uprząż,3500,,0,,,,87.00,,1,1,PL,Poland,3500,0,
looker bi,300,,0,,,,81.00,,1,1,US,United States,300,0,
ci cd devops,400,0,0,0,,88.00,84.00,-4.00,1,,US,United States,400,0,0
service level agreement definition,700,0,0,0,,78.00,83.00,5.00,1,,US,United States,700,0,0
define remediate,450,0,0,0,,80.00,77.00,-3.00,1,,US,United States,450,0,0
flaky tests,100,0,0,0,,75.00,77.00,2.00,1,,DE,Germany,100,0,0
hashicorp products,200,0,,,,81.00,,,0,-1,US,United States,200,0,
sdlc stands for,1270,0,0,0,,63.33,27.25,-36.08,4,1,PH,Philippines,1270,0,0
it cost optimization framework,200,,0,,,,81.00,,1,1,US,United States,200,0,
velocity time graphs,200,,0,,,,79.00,,1,1,US,United States,200,0,
compassion international salaries,30,0,0,0,,73.00,73.00,0.00,1,,US,United States,30,0,0
a/b testing means,250,,0,,,,81.00,,1,1,IN,India,250,0,
continuous performance management software,350,,0,,,,84.00,,1,1,US,United States,350,0,
check box in excel,1000,,0,,,,85.00,,1,1,IN,India,1000,0,
velocity versus time graph,150,,0,,,,77.00,,1,1,US,United States,150,0,
white box and black box testing,2450,0,0,0,,5.50,10.00,4.50,2,,AU,Australia,2450,0,0
software within existing products,200,,0,,,,81.00,,1,1,US,United States,200,0,
security test,650,0,0,0,,78.00,89.00,11.00,2,1,FR,France,650,0,0
cx metrics,300,0,0,0,,53.00,83.00,30.00,1,,US,United States,300,0,0
y harness,200,,0,,,,77.00,,1,1,US,United States,200,0,
sto: bill,600,,0,,,,86.00,,1,1,SE,Sweden,600,0,
software testing company,1600,0,0,0,,85.00,91.00,6.00,1,,US,United States,1600,0,0
how to build a dashboard,200,,0,,,,81.00,,1,1,US,United States,200,0,
sli.s,40,0,0,0,,9.00,8.00,-1.00,1,,US,United States,40,0,0
infrastructure as code security,350,0,,,,85.00,,,0,-1,US,United States,350,0,
sla meaning in business,200,0,0,0,,83.00,83.00,0.00,1,,AE,United Arab Emirates,200,0,0
best business intelligence software,400,,0,,,,85.00,,1,1,US,United States,400,0,
undo key,1500,,0,,,,82.00,,1,1,IN,India,1500,0,
clound,900,,0,,,,79.00,,1,1,US,United States,900,0,
what does shipped with sf mean,70,,0,,,,77.00,,1,1,US,United States,70,0,
what are sla,100,0,0,0,,59.00,79.00,20.00,1,,US,United States,100,0,0
devops ci cd pipeline,250,0,0,0,,83.00,83.00,0.00,1,,US,United States,250,0,0
capability maturity model in software engineering,300,,0,,,,84.00,,1,1,IN,India,300,0,
v1 v2 v3,300,,0,,,,84.00,,1,1,VN,Vietnam,300,0,
ai testing tools,1700,,0,,,,92.00,,1,1,US,United States,1700,0,
devops pipelines,250,0,0,0,,40.00,84.00,44.00,1,,US,United States,250,0,0
is ai a software,150,,0,,,,82.00,,1,1,US,United States,150,0,
delivery management system,800,0,0,0,,75.00,86.00,11.00,1,,IN,India,800,0,0
software platform,500,,0,,,,84.00,,1,1,US,United States,500,0,
git clone,100,0,0,0,,32.33,15.00,-17.33,1,-2,ZA,South Africa,100,0,0
busybox deployment yaml,0,0,0,0,,64.00,64.00,0.00,1,,US,United States,0,0,0
types of cloud deployment models,200,0,0,0,,83.00,83.00,0.00,1,,IN,India,200,0,0
conformance,1900,,0,,,,86.00,,1,1,US,United States,1900,0,
azure migration tool,200,,0,,,,83.00,,1,1,US,United States,200,0,
define: sla,30,0,0,0,,74.00,74.00,0.00,1,,US,United States,30,0,0
native state meaning,250,,0,,,,78.00,,1,1,IN,India,250,0,
service level agreements,450,0,0,0,,95.50,88.50,-7.00,2,,US,United States,450,0,0
dividere,20,0,,,,71.00,,,0,-1,GL,Greenland,20,0,
devops enterprise summit,60,,0,,,,76.00,,1,1,US,United States,60,0,
sast meaning,370,0,0,0,,73.00,84.50,11.50,2,,US,United States,370,0,0
slack status,450,,0,,,,86.00,,1,1,IN,India,450,0,
cd citibank,250,,0,,,,83.00,,1,1,US,United States,250,0,
api interface,200,0,0,0,,80.00,83.00,3.00,1,,US,United States,200,0,0
grype,2350,0,0,0,,12.00,22.75,10.75,4,3,US,United States,2350,0,0
application delivery networking,300,,0,,,,85.00,,1,1,US,United States,300,0,
mlsa,600,,0,,,,88.00,,1,1,IN,India,600,0,
devops security best practices,350,0,0,0,,86.00,86.00,0.00,1,,US,United States,350,0,0
aws eks,1400,,0,,,,91.00,,1,1,IN,India,1400,0,
ci cd framework,30,0,,,,74.00,,,0,-1,IN,India,30,0,
continious integration,150,0,,,,82.00,,,0,-1,US,United States,150,0,
cisco office bangalore,200,,0,,,,74.00,,1,1,IN,India,200,0,
githubflow,50,0,0,0,,7.00,7.50,0.50,2,,DE,Germany,50,0,0
what does modern mean,300,,0,,,,76.00,,1,1,US,United States,300,0,
excel checkbox,700,,0,,,,90.67,,3,3,CA,Canada,700,0,
define hardness,700,,0,,,,85.00,,1,1,IN,India,700,0,
ci meaning,950,0,0,0,,83.00,82.00,-1.00,2,-1,IN,India,950,0,0
when was argentina founded,700,,0,,,,83.00,,1,1,US,United States,700,0,
security jobs boston,800,,0,,,,89.00,,1,1,US,United States,800,0,
devsecops solution,200,,0,,,,84.00,,1,1,US,United States,200,0,
tec test,600,,0,,,,80.00,,1,1,IN,India,600,0,
o delivery,40,0,0,0,,76.00,76.00,0.00,1,,TT,Trinidad And Tobago,40,0,0
application security testing services,250,,0,,,,86.00,,1,1,US,United States,250,0,
citibank logo,550,,0,,,,84.50,,2,2,SG,Singapore,550,0,
what is an sla?,250,,0,,,,81.00,,1,1,US,United States,250,0,
cloud reporting,250,0,0,0,,84.00,85.00,1.00,1,,US,United States,250,0,0
sql roadmap,1400,,0,,,,93.00,,1,1,IN,India,1400,0,
what does devsecops stand for,200,0,0,0,,48.00,1.00,-47.00,1,,US,United States,200,0,0
null pointer exception in java,1400,0,0,0,,6.50,32.00,25.50,1,-1,AU,Australia,1400,0,0
terraform auto approve,100,0,0,0,,82.00,82.00,0.00,1,,US,United States,100,0,0
clouddriver,30,0,0,0,,8.00,7.50,-0.50,2,1,CA,Canada,30,0,0
npm supply chain news,3200,,0,,,,97.00,,1,1,US,United States,3200,0,
mocking,610,,0,,,,40.50,,2,2,ID,Indonesia,610,0,
automation meaning,2300,,0,,,,87.00,,1,1,US,United States,2300,0,
deployment in software engineering,200,0,0,0,,94.00,82.00,-12.00,1,,IN,India,200,0,0
what is an sla in tech,90,0,,,,81.00,,,0,-1,US,United States,90,0,
orchestration tools,450,,0,,,,87.00,,1,1,IN,India,450,0,
application delivery networks,200,,0,,,,86.00,,1,1,US,United States,200,0,
statistically significant,1900,0,,,,79.00,,,0,-1,US,United States,1900,0,
ldap login,200,,0,,,,85.00,,1,1,IN,India,200,0,
slow acceleration,450,,0,,,,87.00,,1,1,US,United States,450,0,
software development templates,300,,0,,,,86.00,,1,1,US,United States,300,0,
sla abbreviation,350,0,0,0,,69.00,82.00,13.00,1,,US,United States,350,0,0
values.yaml,50,0,0,0,,9.00,8.50,-0.50,2,,IN,India,50,0,0
docker-in-docker,40,0,0,0,,7.50,7.50,0.00,2,,GB,United Kingdom,40,0,0
what does ci stand for,400,0,,,,80.00,,,0,-1,US,United States,400,0,
idp full form in software,100,0,,,,82.00,,,0,-1,IN,India,100,0,
automate meaning,1200,,0,,,,89.50,,2,2,US,United States,1200,0,
devops ci,10,0,0,0,,73.00,73.00,0.00,1,,RU,Russian Federation,10,0,0
factory ai,600,,0,,,,89.00,,1,1,IN,India,600,0,
hardness testing,300,,0,,,,85.00,,1,1,IN,India,300,0,
harnas,220,,0,,,,15.00,,2,2,IN,India,220,0,
define sla,1050,0,0,0,,77.00,86.00,9.00,2,1,US,United States,1050,0,0
js enterprises,450,,0,,,,84.00,,1,1,IN,India,450,0,
software license management,1700,,0,,,,93.00,,1,1,US,United States,1700,0,
opentofu,10410,0,0,0,,18.40,17.33,-1.07,6,1,SG,Singapore,10410,0,0
what is sla?,250,0,0,0,,83.00,87.00,4.00,1,,US,United States,250,0,0
ecs-deploy,20,0,0,0,,7.00,7.00,0.00,1,,US,United States,20,0,0
databasechangeloglock,20,0,0,0,,7.00,7.00,0.00,1,-1,US,United States,20,0,0
optimizing meaning,200,,0,,,,77.00,,1,1,US,United States,200,0,
list of connectors,10,0,,,,73.00,,,0,-1,PK,Pakistan,10,0,
simplifier ai,200,,0,,,,85.00,,1,1,US,United States,200,0,
hybrid approach,200,,0,,,,82.00,,1,1,US,United States,200,0,
which subscription offers,350,,0,,,,87.00,,1,1,GB,United Kingdom,350,0,
sla agreement,1400,0,0,0,,51.50,90.50,39.00,2,,US,United States,1400,0,0
finopps,20,0,0,0,,10.00,7.00,-3.00,1,,US,United States,20,0,0
citi cds,200,0,0,0,,82.00,85.00,3.00,1,,US,United States,200,0,0
io websites,500,,0,,,,89.00,,1,1,US,United States,500,0,
type one and type two errors,250,,0,,,,84.00,,1,1,US,United States,250,0,
nullpointerexception in java,100,,0,,,,4.00,,1,1,IN,India,100,0,
engineering sprints,10,0,,,,72.00,,,0,-1,US,United States,10,0,
ai automated testing,100,,0,,,,84.00,,1,1,US,United States,100,0,
bangalore native language,150,0,,,,85.00,,,0,-1,IN,India,150,0,
what is hardness,2000,,0,,,,93.00,,1,1,IN,India,2000,0,
sla business,200,0,0,0,,87.00,87.00,0.00,1,,US,United States,200,0,0
pricing icon,250,,0,,,,78.00,,1,1,IN,India,250,0,
cisco logo svg,100,0,,,,83.00,,,0,-1,US,United States,100,0,
icon delivery,150,,0,,,,78.00,,1,1,BR,Brazil,150,0,
enterprise change management,350,,0,,,,89.00,,1,1,US,United States,350,0,
more code,800,,0,,,,92.00,,1,1,DE,Germany,800,0,
hashicorp jobs,300,,0,,,,88.00,,1,1,US,United States,300,0,
subscribe for a cookie banner,800,,0,,,,92.00,,1,1,US,United States,800,0,
appsec tools,400,,0,,,,90.00,,1,1,US,United States,400,0,
api program,150,0,0,0,,86.00,86.00,0.00,1,,US,United States,150,0,0
meaning of chaos,600,0,0,0,,92.00,82.00,-10.00,1,,IN,India,600,0,0
how to find my subscriptions,450,,0,,,,91.00,,1,1,US,United States,450,0,
httpprobe,10,0,0,0,,8.00,7.00,-1.00,1,,US,United States,10,0,0
fake online jobs list,200,,0,,,,87.00,,1,1,US,United States,200,0,
intelligent test automation,250,,0,,,,88.00,,1,1,US,United States,250,0,
sla.,20,0,,,,77.00,,,0,-1,CA,Canada,20,0,
https//backstagepage.com/,1100,,0,,,,94.00,,1,1,US,United States,1100,0,
another name for black box testing,10,0,,,,71.00,,,0,-1,IN,India,10,0,
pesky definition,350,,0,,,,80.00,,1,1,US,United States,350,0,
software governance,90,,0,,,,84.00,,1,1,US,United States,90,0,
time synchronization,150,0,,,,83.00,,,0,-1,US,United States,150,0,
excel count unique,200,,0,,,,89.00,,1,1,CA,Canada,200,0,
ancestry price,300,,0,,,,87.00,,1,1,GB,United Kingdom,300,0,
identify the form of ownership of green design,0,,0,,,,64.00,,1,1,ZA,South Africa,0,0,
haystack ai,350,,0,,,,89.00,,1,1,US,United States,350,0,
developer portal,1350,0,,,,94.00,,,0,-2,ES,Spain,1350,0,
what is tech debt,200,0,0,0,,70.00,88.00,18.00,1,,US,United States,200,0,0
fake job postings,500,,0,,,,94.00,,1,1,US,United States,500,0,
what does sla stand for,600,0,0,0,,80.00,95.50,15.50,2,,US,United States,600,0,0
java sast,200,0,0,0,,87.00,87.00,0.00,1,,US,United States,200,0,0
devsecops lifecycle,450,,0,,,,92.00,,1,1,US,United States,450,0,
security assessment and testing,100,,0,,,,86.00,,1,1,US,United States,100,0,
usability tests,250,,0,,,,87.00,,1,1,US,United States,250,0,
how to make a graph in excel,350,,0,,,,89.00,,1,1,IN,India,350,0,
context model in software engineering,400,,0,,,,90.00,,1,1,IN,India,400,0,
l4-l5,1600,,0,,,,92.00,,1,1,US,United States,1600,0,
incident detection and response,200,,0,,,,88.00,,1,1,US,United States,200,0,
management cloud,150,0,,,,87.00,,,0,-1,US,United States,150,0,
how high up are clouds,400,,0,,,,87.00,,1,1,US,United States,400,0,
pipeline ci/cd,200,,0,,,,89.00,,1,1,BR,Brazil,200,0,
lightspeed logistics llc,30,0,,,,80.00,,,0,-1,US,United States,30,0,
l3 l4,600,,0,,,,91.00,,1,1,US,United States,600,0,
deployment icon,200,,0,,,,84.00,,1,1,US,United States,200,0,
ecs cost,200,,0,,,,89.00,,1,1,US,United States,200,0,
pipeline meaning in business,150,,0,,,,88.00,,1,1,IN,India,150,0,
ancestry cost uk,200,,0,,,,88.00,,1,1,GB,United Kingdom,200,0,
saas testing tools,200,,0,,,,89.00,,1,1,US,United States,200,0,
db step up,250,,0,,,,89.00,,1,1,BR,Brazil,250,0,
graph of e,400,,0,,,,83.00,,1,1,US,United States,400,0,
application programming interfaces,300,0,,,,87.00,,,0,-1,US,United States,300,0,
orchestration meaning,2800,,0,,,,93.00,,1,1,US,United States,2800,0,
sso scim,100,0,,,,87.00,,,0,-1,US,United States,100,0,
upload-artifact,150,0,,,,8.00,,,0,-1,US,United States,150,0,
deploy software,200,,0,,,,85.00,,1,1,US,United States,200,0,
define:remediate,10,0,,,,76.00,,,0,-1,US,United States,10,0,
what is jobvite,200,,0,,,,88.00,,1,1,US,United States,200,0,
pull request github,150,,0,,,,88.00,,1,1,IN,India,150,0,
calendar month means,3200,,0,,,,97.00,,1,1,IN,India,3200,0,
cicd devops,250,,0,,,,89.00,,1,1,US,United States,250,0,
complexity ai,1050,,0,,,,97.00,,2,2,IN,India,1050,0,
why application modernization,100,0,,,,87.00,,,0,-1,US,United States,100,0,
unique function in excel,600,,0,,,,95.00,,1,1,IN,India,600,0,
software testing life cycle phases,40,0,0,0,,3.00,3.00,0.00,1,,US,United States,40,0,0
mobile application security testing,900,,0,,,,97.00,,1,1,US,United States,900,0,
smoke test,200,0,,,,90.00,,,0,-1,JP,Japan,200,0,
supply chain software industry,350,0,0,0,,3.00,3.00,0.00,1,,US,United States,350,0,0
api security testing,200,0,,,,90.00,,,0,-1,IN,India,200,0,
data science pipeline,300,0,0,0,,91.00,91.00,0.00,1,,US,United States,300,0,0
ancestry definition,600,,0,,,,86.00,,1,1,US,United States,600,0,
kubernetes ingress,20,0,,,,79.00,,,0,-1,SK,Slovakia,20,0,
version artinya,1000,,0,,,,97.00,,1,1,ID,Indonesia,1000,0,
app modernization,150,,0,,,,90.00,,1,1,IN,India,150,0,
after everything 2018,7900,,0,,,,100.00,,1,1,US,United States,7900,0,
aws monitoring,150,,0,,,,90.00,,1,1,GB,United Kingdom,150,0,
what does deployed mean,250,,0,,,,85.00,,1,1,US,United States,250,0,
what is software supply chain,250,0,0,0,,1.00,1.00,0.00,1,,US,United States,250,0,0
blue green deployment azure,200,,0,,,,90.00,,1,1,US,United States,200,0,
cloud cost optimization services,400,0,0,0,,96.00,94.00,-2.00,1,,US,United States,400,0,0
multi-variate test,200,5,0,-5,,12.00,92.00,80.00,1,,US,United States,200,0,-5
supply chain management in software companies,350,,0,,,,1.00,,1,1,US,United States,350,0,
ai beauty test,20,,0,,,,80.00,,1,1,GB,United Kingdom,20,0,
slis,200,0,,,,84.00,,,0,-1,IN,India,200,0,
how to look for keywords in xcode,450,0,0,0,,96.00,96.00,0.00,1,,US,United States,450,0,0
software testing service providers,200,,0,,,,91.00,,1,1,US,United States,200,0,
horney means,500,,0,,,,92.00,,1,1,IN,India,500,0,
what does sla mean in business,700,0,,,,97.00,,,0,-1,US,United States,700,0,
static testing vs dynamic testing,150,0,0,0,,78.00,90.00,12.00,1,,IN,India,150,0,0
tagging characters,350,,0,,,,94.00,,1,1,US,United States,350,0,
software automation testing services,350,,0,,,,94.00,,1,1,US,United States,350,0,
the cloud provider is not running,200,,0,,,,92.00,,1,1,US,United States,200,0,
native products,1900,,0,,,,98.00,,1,1,US,United States,1900,0,
sdlc.,90,0,0,0,,8.00,8.00,0.00,1,,US,United States,90,0,0
git-flow,90,0,0,0,,17.50,9.00,-8.50,1,-1,US,United States,90,0,0
lightspeed logo,40,0,,,,83.00,,,0,-1,PH,Philippines,40,0,
sre tools,150,,0,,,,91.00,,1,1,US,United States,150,0,
apa itu uji t,350,0,0,0,,21.00,21.00,0.00,1,,ID,Indonesia,350,0,0
supply chain management diagram,100,,0,,,,89.00,,1,1,US,United States,100,0,
downtime,500,,0,,,,90.00,,1,1,TW,Taiwan,500,0,
iac scanning tools,200,0,,,,92.00,,,0,-1,US,United States,200,0,
ai simplifier,1100,,0,,,,99.00,,1,1,US,United States,1100,0,
what are sla's,250,1,0,-1,,19.00,93.00,74.00,1,,US,United States,250,0,-1
citibank cds,500,,0,,,,94.00,,1,1,US,United States,500,0,
multicloud kubernetes,200,,0,,,,91.00,,1,1,US,United States,200,0,
ecommerce optimizations services,600,,0,,,,97.00,,1,1,US,United States,600,0,
io meaning,1850,0,,,,95.00,,,0,-2,US,United States,1850,0,
calculate sensitivity,250,0,,,,92.00,,,0,-1,US,United States,250,0,
oci meaning,800,,0,,,,93.00,,1,1,US,United States,800,0,
dev ex,500,0,0,0,,86.00,92.00,6.00,1,,US,United States,500,0,0
api integration company,150,,0,,,,94.00,,1,1,US,United States,150,0,
cisco company bangalore,100,,0,,,,90.00,,1,1,IN,India,100,0,
aws cost optimization hub,200,,0,,,,92.00,,1,1,US,United States,200,0,
port idp,250,0,0,0,,96.00,93.00,-3.00,1,,US,United States,250,0,0
scope events,250,,0,,,,92.00,,1,1,US,United States,250,0,
team workflow management,250,0,,,,94.00,,,0,-1,US,United States,250,0,
sales hub,150,,0,,,,90.00,,1,1,BR,Brazil,150,0,
it cost optimization,450,0,,,,97.00,,,0,-1,US,United States,450,0,
devops maturity model,300,,0,,,,95.00,,1,1,US,United States,300,0,
continuous security testing,700,0,0,0,,99.00,99.00,0.00,1,,US,United States,700,0,0
devops automation services,450,0,0,0,,97.00,97.00,0.00,1,,US,United States,450,0,0
open source vulnerabilities,200,,0,,,,93.00,,1,1,US,United States,200,0,
type 1 and 2 error,250,,0,,,,91.00,,1,1,US,United States,250,0,
remote devops engineer jobs,150,,0,,,,92.00,,1,1,US,United States,150,0,
case in software engineering,350,,0,,,,94.00,,1,1,IN,India,350,0,
software company services,200,,0,,,,94.00,,1,1,US,United States,200,0,
api connector,300,,0,,,,93.00,,1,1,US,United States,300,0,
cd meaning,600,,0,,,,90.00,,1,1,IN,India,600,0,
devops consulting company,800,,0,,,,102.00,,1,1,US,United States,800,0,
cloud api security,250,,0,,,,95.00,,1,1,US,United States,250,0,
github actions vs jenkins,300,,0,,,,96.00,,1,1,US,United States,300,0,
sony innovation fund,150,,0,,,,92.00,,1,1,US,United States,150,0,
what is .io mean,200,,0,,,,91.00,,1,1,US,United States,200,0,
spring microservices,400,0,0,0,,24.00,24.00,0.00,1,,IN,India,400,0,0
observability maturity model,200,,0,,,,94.00,,1,1,US,United States,200,0,
arnés,500,0,0,0,,92.00,92.00,0.00,1,,AR,Argentina,500,0,0
definition of done is shared with,40,,0,,,,87.00,,1,1,IN,India,40,0,
server capacity planning,150,,0,,,,93.00,,1,1,US,United States,150,0,
sla stands for,700,0,0,0,,84.50,94.00,9.50,1,-1,US,United States,700,0,0
introduction to a/b testing,450,,0,,,,97.00,,1,1,US,United States,450,0,
blog 92,10,0,,,,78.00,,,0,-1,IN,India,10,0,
ai process optimization,500,,0,,,,99.00,,1,1,US,United States,500,0,
devsecops solutions,500,0,0,0,,90.00,99.00,9.00,1,,US,United States,500,0,0
cloudbees,50,0,,,,8.00,,,0,-1,SG,Singapore,50,0,
luan name,600,,0,,,,99.00,,1,1,DE,Germany,600,0,
vsm tools,30,0,,,,86.00,,,0,-1,IN,India,30,0,
roles/secretmanager.secretaccessor,50,,0,,,,8.00,,1,1,US,United States,50,0,
sas software meaning,200,,0,,,,94.00,,1,1,US,United States,200,0,
container scanning tool,600,,0,,,,100.00,,1,1,US,United States,600,0,
the cloud,10000,,0,,,,90.00,,1,1,US,United States,10000,0,
devops maturity assessment,50,,0,,,,89.00,,1,1,US,United States,50,0,
ux testing methodologies,200,,0,,,,96.00,,1,1,US,United States,200,0,
lineage meaning,600,,0,,,,89.00,,1,1,US,United States,600,0,
api latency,200,0,0,0,,31.00,90.00,59.00,1,,US,United States,200,0,0
where is the cloud,400,,0,,,,96.00,,1,1,US,United States,400,0,
the smallest multiple of a number is,70,,0,,,,92.00,,1,1,IN,India,70,0,
how to increase active users,300,0,,,,98.00,,,0,-1,US,United States,300,0,
what is service level agreement,600,0,,,,96.00,,,0,-2,IN,India,600,0,
how to create a pull request in github,150,,0,,,,95.00,,1,1,US,United States,150,0,
service level,400,,0,,,,94.00,,1,1,IN,India,400,0,
automation in itsm,200,,0,,,,96.00,,1,1,US,United States,200,0,
cdaas,150,0,0,0,,12.00,9.00,-3.00,4,3,IN,India,150,0,0
sessioncam,40,,0,,,,8.00,,1,1,US,United States,40,0,
apm tool,200,0,0,0,,76.50,93.00,16.50,1,-1,SG,Singapore,200,0,0
testing automation tools,350,,0,,,,97.00,,1,1,US,United States,350,0,
ci meaning in business,200,,0,,,,96.00,,1,1,PH,Philippines,200,0,
servicenow integration services,90,0,0,0,,93.00,93.00,0.00,1,,US,United States,90,0,0
tpm job,300,,0,,,,98.00,,1,1,US,United States,300,0,
c# .net application development,0,0,,,,75.00,,,0,-1,US,United States,0,0,
continuous discovery,150,0,0,0,,95.00,96.00,1.00,1,,US,United States,150,0,0
what is a pipeline in programming,150,,0,,,,96.00,,1,1,US,United States,150,0,
subscribe,700,,0,,,,95.00,,1,1,SG,Singapore,700,0,
programming companies,90,0,,,,91.00,,,0,-1,US,United States,90,0,
dast definition,200,0,0,0,,94.00,92.00,-2.00,1,,US,United States,200,0,0
integration testing tools,150,0,0,0,,97.00,97.00,0.00,1,,US,United States,150,0,0
pipeline optimization,40,,0,,,,90.00,,1,1,US,United States,40,0,
gitleak,70,0,0,0,,8.50,8.50,0.00,2,,US,United States,70,0,0
ghcr,3100,0,0,0,,18.00,17.00,-1.00,5,,IN,India,3100,0,0
mobile development news,500,,0,,,,100.00,,1,1,US,United States,500,0,
cost engineering,250,,0,,,,95.00,,1,1,US,United States,250,0,
what does sla mean,2200,0,,,,101.00,,,0,-1,US,United States,2200,0,
rolback,250,,0,,,,90.00,,1,1,BR,Brazil,250,0,
google forms email notification,350,,0,,,,96.00,,1,1,US,United States,350,0,
segment,56750,0,0,0,,41.73,52.74,11.01,23,1,IN,India,56750,0,0
ci devops,0,0,0,0,,79.00,79.00,0.00,1,,CO,Colombia,0,0,0
progressdeadlineexceeded,20,0,0,0,,8.00,8.00,0.00,1,,US,United States,20,0,0
best secrets management tools,150,,0,,,,97.00,,1,1,US,United States,150,0,
test management tool,200,,0,,,,95.00,,1,1,IN,India,200,0,
stripe soc 1 report,40,0,,,,90.00,,,0,-1,US,United States,40,0,
iacm,50,0,0,0,,10.00,9.00,-1.00,1,,US,United States,50,0,0
devops incident management,200,,0,,,,98.00,,1,1,US,United States,200,0,
a/b-testen,20,0,0,0,,8.00,8.00,0.00,1,,US,United States,20,0,0
workflow system,700,0,,,,100.00,,,0,-1,US,United States,700,0,
cisco software engineer,100,0,,,,92.00,,,0,-1,US,United States,100,0,
deployment tools,250,,0,,,,97.00,,1,1,US,United States,250,0,
sdet jobs remote,200,,0,,,,97.00,,1,1,US,United States,200,0,
zed attack proxy,200,0,0,0,,19.50,17.00,-2.50,1,-1,BR,Brazil,200,0,0
stages of,400,,0,,,,101.00,,1,1,IN,India,400,0,
error monitoring,300,,0,,,,100.00,,1,1,US,United States,300,0,
software development agency,300,0,,,,99.00,,,0,-1,BR,Brazil,300,0,
blue shift definition,300,,0,,,,93.00,,1,1,US,United States,300,0,
split in js,0,0,,,,80.00,,,0,-1,UZ,Uzbekistan,0,0,
lightspeed india partners,250,,0,,,,96.00,,1,1,IN,India,250,0,
technical debt meaning,400,0,0,0,,102.00,102.00,0.00,1,,US,United States,400,0,0
first gen,1200,,0,,,,100.00,,1,1,US,United States,1200,0,
maximum call stack size exceeded,520,0,0,0,,13.75,17.33,3.58,3,-1,JP,Japan,520,0,0
service level agreement meaning,200,0,0,0,,99.00,99.00,0.00,1,,IN,India,200,0,0
commercial scanners,200,,0,,,,99.00,,1,1,US,United States,200,0,
what are service level agreements,150,0,,,,97.00,,,0,-1,US,United States,150,0,
cloudcustodian,20,0,,,,8.00,,,0,-1,US,United States,20,0,
argo-cd,20,0,,,,8.00,,,0,-1,GB,United Kingdom,20,0,
sdlc stlc,150,0,,,,97.00,,,0,-1,IN,India,150,0,
element bi,350,,0,,,,92.00,,1,1,US,United States,350,0,
what is chaos,500,,0,,,,97.00,,1,1,US,United States,500,0,
cloudchecker,40,0,0,0,,10.50,9.50,-1.00,2,,US,United States,40,0,0
cloud layers,200,,0,,,,95.00,,1,1,US,United States,200,0,
what is developer,250,,0,,,,94.00,,1,1,US,United States,250,0,
devops coding,40,,0,,,,92.00,,1,1,US,United States,40,0,
work flow management,250,0,,,,101.00,,,0,-1,US,United States,250,0,
slo.pages.def,20,0,,,,8.00,,,0,-1,US,United States,20,0,
knowledge,800,,0,,,,90.00,,2,2,CO,Colombia,800,0,
click ops,150,0,,,,98.00,,,0,-1,US,United States,150,0,
define orchestration,250,,0,,,,94.00,,1,1,US,United States,250,0,
what does .io mean in url,500,,0,,,,99.00,,1,1,US,United States,500,0,
work harness,150,,0,,,,97.00,,1,1,US,United States,150,0,
best ai applications,200,,0,,,,101.00,,1,1,US,United States,200,0,
i/o meaning,600,,0,,,,99.50,,2,2,IN,India,600,0,
software development analytics tools,150,,0,,,,99.00,,1,1,US,United States,150,0,
tech debt means,200,0,0,0,,101.00,101.00,0.00,1,,IN,India,200,0,0
dev information technology ltd.,150,0,,,,99.00,,,0,-1,IN,India,150,0,
cve-2022-3786,160,,0,,,,9.00,,2,2,IN,India,160,0,
integration best practices,200,0,0,0,,101.00,101.00,0.00,1,,US,United States,200,0,0
rubrik headquarters,200,,0,,,,101.00,,1,1,US,United States,200,0,
shiptalk,10,0,0,0,,7.00,8.00,1.00,1,,US,United States,10,0,0
define nudge,300,,0,,,,92.00,,1,1,US,United States,300,0,
digital hardness tester,200,,0,,,,100.00,,1,1,IN,India,200,0,
static testing and dynamic testing difference,30,0,,,,92.00,,,0,-1,IN,India,30,0,
informatica developer,200,0,,,,97.00,,,0,-1,IN,India,200,0,
io company,330,,0,,,,76.50,,2,2,US,United States,330,0,
h harness,400,,0,,,,103.00,,1,1,US,United States,400,0,
sdm compile,400,0,,,,105.00,,,0,-1,US,United States,400,0,
true positive,350,0,0,0,,13.00,17.00,4.00,1,,US,United States,350,0,0
mock full form,150,0,0,0,,101.00,101.00,0.00,1,,IN,India,150,0,0
interactions,200,0,,,,96.00,,,0,-1,AU,Australia,200,0,
94108,500,,0,,,,97.00,,1,1,US,United States,500,0,
cirlceci,10,,0,,,,8.00,,1,1,GB,United Kingdom,10,0,
shopping cart system,100,0,,,,100.00,,,0,-1,US,United States,100,0,
cd logo,10,0,,,,90.00,,,0,-1,RU,Russian Federation,10,0,
processing null pointer exception,0,0,0,0,,85.00,85.00,0.00,1,,US,United States,0,0,0
declarative definition,400,,0,,,,97.00,,1,1,US,United States,400,0,
arnes en h,200,,0,,,,97.00,,1,1,CO,Colombia,200,0,
sla means,450,0,,,,97.00,,,0,-1,US,United States,450,0,
tool cd,400,,0,,,,104.00,,1,1,US,United States,400,0,
osv-scanner,100,0,0,0,,9.00,9.00,0.00,1,,US,United States,100,0,0
senior cloud engineer salary,150,0,,,,104.00,,,0,-1,US,United States,150,0,
logo delivery,350,0,0,0,,54.00,100.00,46.00,1,,ID,Indonesia,350,0,0
what does accelerate mean,700,,0,,,,98.00,,1,1,US,United States,700,0,
pipeline tools,200,,0,,,,106.00,,1,1,US,United States,200,0,
lightspeed price,20,0,0,0,,97.00,97.00,0.00,1,,CA,Canada,20,0,0
deploying meaning,200,,0,,,,96.00,,1,1,US,United States,200,0,
cloud checker,60,0,,,,100.00,,,0,-1,US,United States,60,0,
define session,250,0,0,0,,54.00,99.00,45.00,1,,US,United States,250,0,0
incident response,200,0,0,0,,108.00,108.00,0.00,1,,SA,Saudi Arabia,200,0,0
citibank dublin,150,0,0,0,,104.00,104.00,0.00,1,,IE,Ireland,150,0,0
hanna city il zip code,10,,0,,,,92.00,,1,1,US,United States,10,0,
cde meaning,200,0,,,,101.00,,,0,-1,US,United States,200,0,
developer on demand,30,0,,,,99.00,,,0,-1,US,United States,30,0,
buenos aires open,10,,0,,,,95.00,,1,1,IT,Italy,10,0,
openterraform,0,0,,,,8.00,,,0,-1,US,United States,0,0,
cloudchekr,20,0,0,0,,9.00,9.00,0.00,1,,US,United States,20,0,0
arneses,500,0,0,0,,5.00,109.00,104.00,1,,IN,India,500,0,0
aws_iam_roles,20,0,0,0,,8.00,9.00,1.00,1,,US,United States,20,0,0
castro street mountain view,900,,0,,,,83.00,,1,1,US,United States,900,0,
h associated graphs,0,,0,,,,90.00,,1,1,US,United States,0,0,
agrocd,200,0,0,0,,10.00,10.00,0.00,1,,IN,India,200,0,0
everything software,250,,0,,,,72.00,,1,1,IN,India,250,0,
wiz-cli,10,0,0,0,,10.00,10.00,0.00,1,,US,United States,10,0,0
page load time,450,0,0,0,,52.00,52.00,0.00,1,,IN,India,450,0,0
spdx,650,0,0,0,,31.00,32.50,1.50,2,,US,United States,650,0,0
no pull harness,3700,,0,,,,106.00,,1,1,US,United States,3700,0,
vivun,700,0,0,0,,21.00,11.00,-10.00,1,,US,United States,700,0,0
azure/webapps-deploy,30,0,0,0,,10.00,11.00,1.00,1,,US,United States,30,0,0
dbops,30,,0,,,,10.00,,1,1,US,United States,30,0,
secretmanager,30,0,0,0,,10.00,10.00,0.00,1,,US,United States,30,0,0
vuclip,1500,0,0,0,,21.67,22.00,0.33,3,,IN,India,1500,0,0
gremlin.tool,30,0,,,,10.00,,,0,-1,US,United States,30,0,
aws-ecr/build-and-push-image,20,0,0,0,,8.00,10.00,2.00,1,,US,United States,20,0,0
imbracatura,1000,0,0,0,,115.00,115.00,0.00,1,,IT,Italy,1000,0,0
react-split,20,0,0,0,,11.00,10.00,-1.00,1,,US,United States,20,0,0
twistlock,2300,0,0,0,,16.00,15.00,-1.00,2,1,IN,India,2300,0,0
kyverno,1150,,0,,,,16.50,,2,2,IN,India,1150,0,
cd y ci,400,,0,,,,52.00,,1,1,ES,Spain,400,0,
what is security testing,150,0,0,0,,40.00,40.00,0.00,1,,IN,India,150,0,0
a/b-testing,600,0,0,0,,11.00,38.50,27.50,2,1,US,United States,600,0,0
sonar.java.binaries,10,0,,,,10.00,,,0,-1,IN,India,10,0,
harness deutsch,1900,,0,,,,25.00,,1,1,DE,Germany,1900,0,
travis ci,900,0,0,0,,17.00,17.50,0.50,2,1,IN,India,900,0,0
semgrep,12600,0,0,0,,25.62,27.71,2.08,17,9,IN,India,12600,0,0
you can deploy arm template by using azure portal,0,0,0,0,,112.00,112.00,0.00,1,,IN,India,0,0,0
cuds,900,0,0,0,,20.00,26.50,6.50,2,,US,United States,900,0,0
tracable,40,0,,,,10.00,,,0,-1,US,United States,40,0,
cd.service,600,0,0,0,,21.00,12.00,-9.00,1,,IN,India,600,0,0
step in harness,500,,0,,,,89.00,,1,1,US,United States,500,0,
splits.io,20,0,0,0,,11.00,11.00,0.00,1,,US,United States,20,0,0
javascript null,250,0,,,,27.00,,,0,-1,US,United States,250,0,
whitebox and blackbox testing,300,,0,,,,24.00,,1,1,IN,India,300,0,
traceable,950,0,0,0,,12.00,14.00,2.00,2,1,US,United States,950,0,0
how to graph on excel,400,,0,,,,77.00,,1,1,US,United States,400,0,
ancestry login,22400,,0,,,,62.75,,4,4,CA,Canada,22400,0,
finout,200,0,,,,13.00,,,0,-1,IN,India,200,0,
split,22750,0,0,0,,75.52,89.09,13.57,11,-12,ID,Indonesia,22750,0,0
cisco bangalore,700,0,,,,70.00,,,0,-1,IN,India,700,0,
checkmarx,1900,0,0,0,,14.00,36.50,22.50,4,3,PL,Poland,1900,0,0
market place,1300,,0,,,,84.00,,1,1,IN,India,1300,0,
gitflow workflow,200,0,0,0,,41.00,30.00,-11.00,1,,US,United States,200,0,0
whitesource,350,0,0,0,,40.00,15.50,-24.50,2,1,IN,India,350,0,0
true positive rate,1530,4,0,-4,,11.17,10.80,-0.37,5,-1,IL,Israel,1530,0,-4
blackbox and whitebox testing,500,0,0,0,,33.00,26.00,-7.00,1,,IN,India,500,0,0
service level agreement adalah,1300,0,0,0,,45.00,44.00,-1.00,1,,ID,Indonesia,1300,0,0
google guava,650,0,0,0,,26.00,32.00,6.00,2,1,US,United States,650,0,0
zeronorth,450,,0,,,,23.50,,2,2,IN,India,450,0,
mlflow,800,0,,,,16.00,,,0,-1,IT,Italy,800,0,
try everything,1700,,0,,,,86.00,,2,2,TW,Taiwan,1700,0,
delivery optimization,1300,,0,,,,71.00,,2,2,JP,Japan,1300,0,
dev ops,8100,,0,,,,42.50,,2,2,CA,Canada,8100,0,
integration testing in software engineering,1400,,0,,,,52.00,,1,1,IN,India,1400,0,
chaos code,600,0,0,0,,98.00,51.00,-47.00,1,,US,United States,600,0,0
harnesslink,600,0,0,0,,15.00,19.50,4.50,2,1,NZ,New Zealand,600,0,0
jyoti serial,300,,0,,,,39.00,,1,1,IN,India,300,0,
sqlmesh,250,0,0,0,,10.00,17.00,7.00,1,,US,United States,250,0,0
trivy,3650,0,0,0,,32.50,33.20,0.70,5,3,PL,Poland,3650,0,0
goland,9800,0,0,0,,25.67,23.50,-2.17,6,3,US,United States,9800,0,0
if statement in sql,250,,0,,,,95.00,,1,1,US,United States,250,0,
google marketplace,200,,0,,,,17.00,,1,1,CA,Canada,200,0,
qrvey,250,0,0,0,,13.00,18.00,5.00,1,,US,United States,250,0,0
scaling techniques,200,,0,,,,81.00,,1,1,IN,India,200,0,
sales engineer jobs,2300,,0,,,,43.00,,1,1,US,United States,2300,0,
everything,350,,0,,,,50.00,,1,1,MA,Morocco,350,0,
argo io,350,0,0,0,,22.00,22.00,0.00,1,,US,United States,350,0,0
kustomize,7200,0,0,0,,29.75,40.25,10.50,8,4,IN,India,7200,0,0
false positive,700,,0,,,,25.00,,2,2,KR,South Korea,700,0,
cdservices,200,,0,,,,20.00,,1,1,AE,United Arab Emirates,200,0,
test management tools,800,,0,,,,81.00,,1,1,IN,India,800,0,
airplane repo,150,,0,,,,69.00,,1,1,GB,United Kingdom,150,0,
merge conflict,400,0,0,0,,39.00,39.00,0.00,1,,US,United States,400,0,0
cd case,900,,0,,,,88.00,,1,1,GB,United Kingdom,900,0,
cosign,200,0,0,0,,24.50,21.00,-3.50,1,-1,KR,South Korea,200,0,0
rider ide,1200,,0,,,,16.00,,1,1,US,United States,1200,0,
override,500,0,0,0,,87.00,87.00,0.00,1,-1,FR,France,500,0,0
lessonly,3350,,0,,,,44.33,,3,3,IN,India,3350,0,
sumo logic,1200,,0,,,,31.00,,1,1,IN,India,1200,0,
slsa,350,0,0,0,,19.00,20.00,1.00,1,,US,United States,350,0,0
armory,1300,0,,,,56.00,,,0,-1,GB,United Kingdom,1300,0,
statistical significance,14000,0,0,0,,79.00,73.50,-5.50,2,-3,PH,Philippines,14000,0,0
devsecops,25870,0,0,0,,83.46,78.55,-4.92,11,-2,US,United States,25870,0,0
sumologic,2600,0,0,0,,19.00,26.50,7.50,2,1,UA,Ukraine,2600,0,0
nutanix careers,700,,0,,,,70.00,,1,1,IN,India,700,0,
prosperops,1000,0,,,,23.00,,,0,-1,US,United States,1000,0,
openfeature,500,,0,,,,23.00,,1,1,US,United States,500,0,
cloudcheckr,400,0,0,0,,17.00,23.00,6.00,1,-1,IN,India,400,0,0
block quote google docs,350,,0,,,,68.00,,1,1,US,United States,350,0,
aws elasticache,1000,,0,,,,23.00,,1,1,US,United States,1000,0,
nobl9,200,0,0,0,,24.00,24.00,0.00,1,,US,United States,200,0,0
aws::elasticloadbalancingv2::targetgroup,200,0,,,,25.00,,,0,-1,US,United States,200,0,
sli',250,,0,,,,24.00,,1,1,US,United States,250,0,
mock test,1800,,0,,,,16.00,,3,3,BR,Brazil,1800,0,
crisis and security management,200,,0,,,,98.00,,1,1,NL,Netherlands,200,0,
idp bangalore,1100,,0,,,,78.00,,1,1,IN,India,1100,0,
seidata,200,0,0,0,,22.00,25.00,3.00,1,,US,United States,200,0,0
checkov,450,0,0,0,,14.33,26.00,11.67,1,-2,IN,India,450,0,0
podsecuritypolicy,70,0,0,0,,25.00,25.00,0.00,1,,US,United States,70,0,0
harness web,350,0,0,0,,20.00,20.00,0.00,1,,AU,Australia,350,0,0
tj-actions/changed-files,200,0,0,0,,27.00,26.00,-1.00,1,,US,United States,200,0,0
set graph,600,,0,,,,87.00,,1,1,TH,Thailand,600,0,
stackhawk,600,0,,,,27.00,,,0,-1,US,United States,600,0,
opensourcealternative.to,650,,0,,,,34.00,,2,2,US,United States,650,0,
static and dynamic testing,800,0,,,,90.00,,,0,-1,IN,India,800,0,
ux designer jobs,4300,,0,,,,60.00,,1,1,US,United States,4300,0,
twistcli,40,0,,,,27.00,,,0,-1,US,United States,40,0,
define chaos,250,,0,,,,57.00,,1,1,US,United States,250,0,
varchar sql,400,,0,,,,97.00,,1,1,US,United States,400,0,
type 1 error,43850,0,0,0,,62.60,48.71,-13.89,7,2,PK,Pakistan,43850,0,0
bitbucket.org,200,,0,,,,28.00,,1,1,US,United States,200,0,
chainsecurity,10,0,,,,27.00,,,0,-1,DE,Germany,10,0,
harness cycle,300,,0,,,,25.00,,1,1,US,United States,300,0,
finops,10150,0,0,0,,34.60,36.18,1.58,11,6,RU,Russian Federation,10150,0,0
cocd,400,0,0,0,,53.00,30.00,-23.00,1,,US,United States,400,0,0
testng,150,,0,,,,30.00,,1,1,DE,Germany,150,0,
san stefanos,150,,0,,,,83.00,,1,1,GB,United Kingdom,150,0,
devops jobs,1600,,0,,,,64.00,,1,1,US,United States,1600,0,
rider jetbrains,200,,0,,,,23.00,,1,1,FR,France,200,0,
mend,3400,0,,,,31.00,,,0,-1,IN,India,3400,0,
developer.servicenow.com,200,,0,,,,30.00,,1,1,US,United States,200,0,
type 1 and type 2 errors,6500,,0,,,,81.00,,1,1,US,United States,6500,0,
simpson paradox,350,0,,,,55.00,,,0,-1,US,United States,350,0,
who owns wikipedia,1200,,0,,,,78.00,,1,1,US,United States,1200,0,
docker_content_trust,20,0,0,0,,30.00,30.00,0.00,1,,US,United States,20,0,0
buildkite,2800,,0,,,,32.00,,2,2,GB,United Kingdom,2800,0,
crud,4500,,0,,,,88.00,,1,1,IN,India,4500,0,
weaveworks,350,0,0,0,,35.00,32.00,-3.00,1,,US,United States,350,0,0
automation tools,3100,,0,,,,87.00,,1,1,US,United States,3100,0,
cd nedir,1000,0,0,0,,64.00,73.00,9.00,1,,TR,Turkey,1000,0,0
codefresh,450,0,,,,36.50,,,0,-2,BR,Brazil,450,0,
kustomization.yaml,90,0,0,0,,33.00,33.00,0.00,1,,US,United States,90,0,0
git large file storage,350,,0,,,,1.00,,1,1,US,United States,350,0,
github lfs,600,,0,,,,38.00,,1,1,US,United States,600,0,
segement,200,0,0,0,,32.00,33.00,1.00,1,,US,United States,200,0,0
backstage.io,200,,0,,,,33.00,,1,1,US,United States,200,0,
cloud platform,400,,0,,,,89.00,,1,1,BR,Brazil,400,0,
testng latest version,150,,0,,,,40.00,,1,1,IN,India,150,0,
google io,200,,0,,,,74.00,,1,1,AU,Australia,200,0,
number of onto functions,500,,0,,,,81.00,,1,1,IN,India,500,0,
finsweet,950,0,0,0,,35.00,38.33,3.33,3,2,GB,United Kingdom,950,0,0
aws reserved instances,400,0,0,0,,29.00,23.00,-6.00,1,,US,United States,400,0,0
codegen international,800,,0,,,,59.00,,1,1,LK,Sri Lanka,800,0,
cidc,550,0,0,0,,75.00,55.00,-20.00,2,1,CA,Canada,550,0,0
devex incorporated,800,,0,,,,67.00,,1,1,PH,Philippines,800,0,
git-lfs,450,,0,,,,1.00,,1,1,US,United States,450,0,
gitlabci,20,0,,,,35.00,,,0,-1,PL,Poland,20,0,
snyk.io,200,0,0,0,,48.00,36.00,-12.00,1,,US,United States,200,0,0
elasticache,3200,,0,,,,38.00,,2,2,CA,Canada,3200,0,
ccoe,400,0,0,0,,51.00,55.00,4.00,1,-1,US,United States,400,0,0
remotejobs.io,200,0,0,0,,30.00,37.00,7.00,1,,IN,India,200,0,0
spinnaker,200,0,0,0,,36.00,37.00,1.00,1,,KR,South Korea,200,0,0
terrafom,70,0,,,,37.00,,,0,-1,IN,India,70,0,
rafay,700,0,,,,38.00,,,0,-1,US,United States,700,0,
cko,800,0,0,0,,52.00,63.50,11.50,2,1,US,United States,800,0,0
gocd,600,0,0,0,,36.00,38.50,2.50,2,1,US,United States,600,0,0
devportal,450,0,0,0,,68.00,46.50,-21.50,2,,US,United States,450,0,0
kustomization,150,0,0,0,,31.33,38.00,6.67,1,-2,IN,India,150,0,0
codespaces,2250,,0,,,,41.50,,2,2,IN,India,2250,0,
mongodb commands,1100,,0,,,,80.00,,2,2,IN,India,1100,0,
mobile test,200,0,,,,94.00,,,0,-1,IN,India,200,0,
google sre,400,,0,,,,61.00,,1,1,US,United States,400,0,
aws::ecs::taskdefinition,100,,0,,,,39.00,,1,1,US,United States,100,0,
okta sso,700,,0,,,,49.00,,1,1,US,United States,700,0,
idp share price,1800,,0,,,,90.00,,1,1,GB,United Kingdom,1800,0,
veracode,1050,,0,,,,41.50,,2,2,BR,Brazil,1050,0,
simpson's paradox,200,,0,,,,61.00,,1,1,GB,United Kingdom,200,0,
knowledge kit,500,,0,,,,64.00,,1,1,IN,India,500,0,
cdservice.in,500,0,,,,41.00,,,0,-1,IN,India,500,0,
nowpower,450,,0,,,,41.00,,1,1,US,United States,450,0,
cast.ai,150,0,0,0,,41.00,41.00,0.00,1,,US,United States,150,0,0
shell infrastructure host,200,,0,,,,84.00,,1,1,BR,Brazil,200,0,
maven skip tests,300,,0,,,,90.00,,1,1,DE,Germany,300,0,
balance harness,700,,0,,,,75.00,,1,1,US,United States,700,0,
optimization company,500,0,0,0,,68.00,73.00,5.00,1,,US,United States,500,0,0
typerun,10,,0,,,,43.00,,1,1,RU,Russian Federation,10,0,
sql is not null,700,,0,,,,98.00,,1,1,US,United States,700,0,
keller williams command,1900,,0,,,,76.00,,1,1,US,United States,1900,0,
medallia,9000,,0,,,,52.00,,8,8,NL,Netherlands,9000,0,
bayesian statistics,5600,0,,,,75.00,,,0,-3,US,United States,5600,0,
gigaom,450,,0,,,,46.00,,1,1,US,United States,450,0,
scs,400,,0,,,,47.00,,1,1,HU,Hungary,400,0,
google subscriptions,1100,,0,,,,36.00,,1,1,CA,Canada,1100,0,
lightspeed technologies,300,0,0,0,,82.00,82.00,0.00,1,,US,United States,300,0,0
gitla,300,0,,,,48.00,,,0,-1,US,United States,300,0,
schemachange,150,,0,,,,48.00,,1,1,US,United States,150,0,
uses of technology,450,,0,,,,85.00,,1,1,IN,India,450,0,
stealthai,700,,0,,,,49.00,,1,1,US,United States,700,0,
it hub,1200,,0,,,,64.00,,1,1,IN,India,1200,0,
gatling,450,,0,,,,50.00,,1,1,ID,Indonesia,450,0,
liquibase,5700,,0,,,,65.80,,5,5,PL,Poland,5700,0,
aws signin,30,,0,,,,38.00,,1,1,IN,India,30,0,
google cloud,1050,,0,,,,49.00,,2,2,NO,Norway,1050,0,
vercel.app,450,,0,,,,51.00,,1,1,US,United States,450,0,
tagged sign in,200,,0,,,,48.00,,1,1,GB,United Kingdom,200,0,
the cluster,300,,0,,,,70.00,,1,1,AU,Australia,300,0,
trunk.io,10,,0,,,,51.00,,1,1,US,United States,10,0,
citi,200,,0,,,,53.00,,1,1,CZ,Czech Republic,200,0,
fast enterprises,2300,,0,,,,86.00,,1,1,US,United States,2300,0,
ulta labs,4100,,0,,,,50.00,,1,1,US,United States,4100,0,
choice hotels corporate office,250,0,0,0,,99.00,75.00,-24.00,1,,US,United States,250,0,0
tag.io,300,0,,,,54.00,,,0,-1,US,United States,300,0,
medalia,150,,0,,,,54.00,,1,1,PE,Peru,150,0,
lightspeed india,600,,0,,,,65.00,,1,1,IN,India,600,0,
ghcr.io,750,0,0,0,,67.50,68.50,1.00,2,,US,United States,750,0,0
shiftleft,250,0,0,0,,57.00,57.00,0.00,1,,US,United States,250,0,0
excel enforcement,300,,0,,,,80.00,,1,1,GB,United Kingdom,300,0,
devops,300,0,0,0,,57.33,58.00,0.67,1,-2,AE,United Arab Emirates,300,0,0
citi home depot,2200,,0,,,,62.00,,1,1,US,United States,2200,0,
ops careers,1000,,0,,,,88.00,,1,1,US,United States,1000,0,
github pull request,1700,,0,,,,71.00,,1,1,US,United States,1700,0,
rags,2800,,0,,,,60.00,,1,1,IN,India,2800,0,
sops,200,,0,,,,61.00,,1,1,RU,Russian Federation,200,0,
terraform.io,250,0,0,0,,60.00,62.00,2.00,1,,IN,India,250,0,0
tagged,4300,,0,,,,48.33,,3,3,EC,Ecuador,4300,0,
cice,500,0,0,0,,96.33,70.00,-26.33,2,-1,HR,Croatia,500,0,0
chaos software,500,0,0,0,,79.00,64.00,-15.00,1,,US,United States,500,0,0
bitrise,350,,0,,,,64.00,,1,1,HU,Hungary,350,0,
hashicorp,2900,0,0,0,,85.25,84.25,-1.00,4,,HK,Hong Kong,2900,0,0
jenkins pipeline,900,,0,,,,70.00,,1,1,US,United States,900,0,
doscovery,250,,0,,,,65.00,,1,1,US,United States,250,0,
app3,22350,0,0,0,,93.00,80.00,-13.00,2,1,VN,Vietnam,22350,0,0
www.accountinfo.com,150,,0,,,,66.00,,1,1,US,United States,150,0,
iologo,0,,0,,,,68.00,,1,1,FR,France,0,0,
edge pipeline,600,,0,,,,46.00,,1,1,MX,Mexico,600,0,
jenkins,2200,,0,,,,74.00,,2,2,CO,Colombia,2200,0,
toml,1450,,0,,,,79.50,,2,2,KR,South Korea,1450,0,
go/artifactory,10,0,,,,70.00,,,0,-1,FR,France,10,0,
ancestry trial,250,,0,,,,86.00,,1,1,US,United States,250,0,
twilio.com,400,,0,,,,73.00,,1,1,US,United States,400,0,
productivity inc,800,,0,,,,96.00,,1,1,US,United States,800,0,
flyway,250,,0,,,,73.00,,1,1,NZ,New Zealand,250,0,
angular.io,600,,0,,,,57.00,,1,1,IN,India,600,0,
apikey,450,0,0,0,,60.50,75.00,14.50,1,-1,US,United States,450,0,0
looker,3550,,0,,,,83.00,,3,3,CA,Canada,3550,0,
dora.run,600,0,,,,75.00,,,0,-1,IN,India,600,0,
lightspeed systems,900,,0,,,,85.00,,1,1,US,United States,900,0,
plangrid,15000,,0,,,,78.00,,1,1,US,United States,15000,0,
cncf,3400,0,0,0,,90.00,84.17,-5.83,6,5,MY,Malaysia,3400,0,0
bi,3000,,0,,,,79.00,,1,1,EG,Egypt,3000,0,
devex,1200,0,0,0,,98.50,81.50,-17.00,2,,GB,United Kingdom,1200,0,0
aiven,3000,,0,,,,80.00,,1,1,IN,India,3000,0,
youtube data api,500,,0,,,,79.00,,1,1,IN,India,500,0,
cds code,200,,0,,,,62.00,,1,1,US,United States,200,0,
ancestry free trial,1500,0,,,,101.00,,,0,-1,US,United States,1500,0,
alerts,6100,,0,,,,88.00,,1,1,US,United States,6100,0,
sla's,1050,0,0,0,,84.50,89.50,5.00,2,,US,United States,1050,0,0
plan grid,4400,,0,,,,77.00,,1,1,US,United States,4400,0,
google cloud database,450,,0,,,,88.00,,1,1,US,United States,450,0,
groups.io,200,,0,,,,77.00,,1,1,GB,United Kingdom,200,0,
dora no more,250,,0,,,,77.00,,1,1,US,United States,250,0,
cockroachdb,600,,0,,,,84.00,,1,1,GB,United Kingdom,600,0,
discovery,2500,,0,,,,88.50,,2,2,KE,Kenya,2500,0,
career.io,150,,0,,,,89.00,,1,1,US,United States,150,0,
define:yaml,10,0,0,0,,89.00,89.00,0.00,1,,US,United States,10,0,0
tooling u,2400,,0,,,,79.00,,1,1,US,United States,2400,0,
on.cloud,250,,0,,,,92.00,,1,1,US,United States,250,0,
sf shipping,3100,,0,,,,94.00,,1,1,US,United States,3100,0,
aiops,450,,0,,,,96.00,,1,1,AU,Australia,450,0,
ccm,450,,0,,,,96.00,,1,1,AR,Argentina,450,0,
plan hub,1600,,0,,,,82.00,,1,1,CA,Canada,1600,0,
forescout,450,,0,,,,96.00,,1,1,GB,United Kingdom,450,0,
jobvite login,7700,0,0,0,,52.00,64.00,12.00,1,,CA,Canada,7700,0,0
dev.azure.com,400,0,0,0,,12.00,100.00,88.00,1,,IN,India,400,0,0
aws fargate,800,,0,,,,79.00,,1,1,GB,United Kingdom,800,0,
incident.io,500,0,,,,102.00,,,0,-1,US,United States,500,0,
the rag company,9200,,0,,,,81.00,,1,1,US,United States,9200,0,
download ci,200,,0,,,,79.00,,1,1,ID,Indonesia,200,0,
basics of software testing,60,,0,,,,4.00,,1,1,IN,India,60,0,
what is a/b testing in software,70,2,0,-2,,10.00,1.00,-9.00,1,,US,United States,70,0,-2
life cycle of web application,20,,0,,,,1.00,,1,1,IN,India,20,0,
why is software bixiros.5a8 development process,600,,0,,,,1.00,,1,1,US,United States,600,0,
what are cloud deployment models,70,,0,,,,1.00,,1,1,IN,India,70,0,
how to ci,250,,0,,,,22.00,,1,1,US,United States,250,0,
development methodology,70,,0,,,,1.00,,1,1,IN,India,70,0,
software engineering models,500,,0,,,,2.00,,1,1,IN,India,500,0,
7 principles of software testing,150,,0,,,,3.00,,1,1,IN,India,150,0,
repository manager,70,0,0,0,,1.00,1.00,0.00,1,,US,United States,70,0,0
fases de la programación,20,,0,,,,1.00,,1,1,MX,Mexico,20,0,
what is the work flow of conversion,0,,0,,,,11.00,,1,1,IN,India,0,0,
which stage is called as mute phase in sdlc,0,0,0,0,,8.00,8.00,0.00,1,,IN,India,0,0,0
define software development process,10,0,0,0,,1.00,1.00,0.00,1,,IN,India,10,0,0
feature toggles,150,0,,,,1.00,,,0,-1,US,United States,150,0,
software testing interview questions,3900,,0,,,,5.00,,1,1,IN,India,3900,0,
software developer roles,70,0,,,,4.00,,,0,-1,IN,India,70,0,
mobile app development life cycle,30,0,,,,8.00,,,0,-1,IN,India,30,0,
safe definition of devops includes which concept,0,0,0,0,,10.00,10.00,0.00,1,,US,United States,0,0,0
platform vs portal,40,0,,,,1.00,,,0,-1,US,United States,40,0,
release acceptance testing,0,0,0,0,,4.00,3.00,-1.00,1,,US,United States,0,0,0
create a system,20,0,,,,1.00,,,0,-1,US,United States,20,0,
benefits of blue green deployment,40,2,0,-2,,9.00,1.00,-8.00,1,,US,United States,40,0,-2
secure repository,30,1,0,-1,,10.00,1.00,-9.00,1,,US,United States,30,0,-1
ssdlc meaning,100,0,,,,3.00,,,0,-1,US,United States,100,0,
release software,20,0,0,0,,1.00,1.00,0.00,1,-2,GB,United Kingdom,20,0,0
the software development life cycle,50,0,0,0,,1.00,1.00,0.00,1,-1,GB,United Kingdom,50,0,0
software design life cycle,100,,0,,,,1.00,,2,2,US,United States,100,0,
supply chain software companies,800,,0,,,,4.00,,1,1,US,United States,800,0,
java.lang.noclassdeffounderror,200,,0,,,,6.00,,1,1,IN,India,200,0,
software development,15040,0,0,0,,1.90,1.65,-0.24,23,-6,IQ,Iraq,15040,0,0
release management and change management,20,,0,,,,1.00,,1,1,US,United States,20,0,
agile process in software engineering,600,,0,,,,3.00,,1,1,IN,India,600,0,
software models,200,,0,,,,3.00,,1,1,US,United States,200,0,
scalable software lifecycle model types,0,0,0,0,,3.00,9.00,6.00,1,,UA,Ukraine,0,0,0
waterfall methodology stages,50,0,,,,1.00,,,0,-1,GB,United Kingdom,50,0,
feature engineering definition,100,0,,,,1.00,,,0,-1,US,United States,100,0,
whats devops,100,0,,,,1.00,,,0,-1,US,United States,100,0,
software design and development,290,0,,,,2.00,,,0,-2,IN,India,290,0,
java.lang.nosuchmethoderror,20,0,,,,7.00,,,0,-1,MX,Mexico,20,0,
drone ci download artifacts,0,0,0,0,,11.00,6.00,-5.00,1,,RU,Russian Federation,0,0,0
agile lifecycle,200,,0,,,,4.00,,1,1,IN,India,200,0,
sw development,410,0,0,0,,1.00,1.00,0.00,3,1,IN,India,410,0,0
software churn,30,,0,,,,1.00,,1,1,IN,India,30,0,
triggershort.net,0,0,,,,6.00,,,0,-1,US,United States,0,0,
fases del desarrollo de software,110,0,0,0,,1.00,1.00,0.00,2,-1,ES,Spain,110,0,0
redis expire,250,0,,,,5.00,,,0,-1,US,United States,250,0,
sdlc models types,70,,0,,,,1.00,,1,1,IN,India,70,0,
what are the primary stakeholders for devops,0,0,0,0,,9.00,9.00,0.00,1,,IN,India,0,0,0
modern data stack,800,,0,,,,4.50,,2,2,US,United States,800,0,
kaniko build,0,,0,,,,4.00,,1,1,RU,Russian Federation,0,0,
role chaining is generally used in identity federation,0,0,,,,66.00,,,0,-1,IN,India,0,0,
what is gitflow,20,0,0,0,,1.00,1.00,0.00,1,-1,GB,United Kingdom,20,0,0
a.srm check,0,0,0,0,,4.00,5.00,1.00,1,,IN,India,0,0,0
true postive rate,20,0,0,0,,1.00,1.00,0.00,1,,US,United States,20,0,0
what is wiring harness,250,,0,,,,2.00,,1,1,IN,India,250,0,
how to calculate false negative rate,40,0,,,,1.00,,,0,-1,US,United States,40,0,
which of the following are phases of nist sdlc model,0,0,0,0,,10.00,11.00,1.00,1,,IN,India,0,0,0
hub harness delivery,0,0,0,0,,1.00,1.00,0.00,1,,NL,Netherlands,0,0,0
alpha testing and beta testing,20,0,0,0,,1.00,1.00,0.00,1,,PK,Pakistan,20,0,0
development software,350,0,,,,1.00,,,0,-1,US,United States,350,0,
the most creative and challenging phase of sdlc is,0,0,0,0,,8.00,3.00,-5.00,1,,IN,India,0,0,0
probabilty,350,,0,,,,1.00,,1,1,US,United States,350,0,
what is sdlc process,240,0,,,,1.00,,,0,-2,IN,India,240,0,
system development lifecycle,20,,0,,,,1.00,,1,1,AU,Australia,20,0,
java.lang.exceptionininitializererror,150,0,0,0,,5.00,5.00,0.00,1,,US,United States,150,0,0
crud operation in express js,0,0,0,0,,7.00,7.00,0.00,1,,IN,India,0,0,0
product life cycle development,20,0,,,,1.00,,,0,-1,US,United States,20,0,
software developer tools,60,0,0,0,,4.00,3.00,-1.00,1,-1,IN,India,60,0,0
cto position,150,,0,,,,2.00,,1,1,US,United States,150,0,
development program,200,,0,,,,2.00,,1,1,IN,India,200,0,
harness.io bengaluru photos,0,0,0,0,,4.00,4.00,0.00,1,,IN,India,0,0,0
software development contract,300,0,,,,7.00,,,0,-1,US,United States,300,0,
software testing tools,1500,,0,,,,4.00,,1,1,IN,India,1500,0,
vp engineering responsibilities,40,,0,,,,1.00,,1,1,US,United States,40,0,
sdlc and agile methodologies,60,0,,,,1.00,,,0,-1,IN,India,60,0,
software build process,20,0,,,,1.00,,,0,-1,IN,India,20,0,
remote usability testing,300,,0,,,,1.00,,1,1,US,United States,300,0,
tpr formula,30,1,0,-1,,11.00,1.00,-10.00,1,,US,United States,30,0,-1
environment in testing,30,,0,,,,1.00,,1,1,US,United States,30,0,
canary deploys,60,0,0,0,,1.00,1.00,0.00,1,,US,United States,60,0,0
software maintenance process in software engineering,30,0,,,,8.00,,,0,-1,IN,India,30,0,
kill switch,900,0,,,,1.00,,,0,-1,IN,India,900,0,
standard featurecomplete,0,0,,,,9.00,,,0,-1,US,United States,0,0,
nebunet.bitbucket,0,0,0,0,,9.00,9.00,0.00,1,,US,United States,0,0,0
program phases,30,0,0,0,,1.00,1.00,0.00,1,,US,United States,30,0,0
what is dast?,50,,0,,,,1.00,,1,1,US,United States,50,0,
hub harness agency,0,0,0,0,,5.00,4.50,-0.50,2,,NL,Netherlands,0,0,0
security software development life cycle,200,,0,,,,7.00,,1,1,US,United States,200,0,
what are ci cd pipelines,150,,0,,,,1.00,,1,1,US,United States,150,0,
blue green upgrade,30,,0,,,,1.00,,1,1,US,United States,30,0,
computer software development,80,0,,,,1.00,,,0,-1,US,United States,80,0,
software dev life cycle,30,0,,,,1.00,,,0,-1,GB,United Kingdom,30,0,
red-black deployment can be implemented on,0,0,0,0,,11.00,11.00,0.00,1,,IN,India,0,0,0
development of life cycle,10,,0,,,,1.00,,1,1,IN,India,10,0,
what is an sdlc,90,,0,,,,1.00,,1,1,US,United States,90,0,
software application development,200,0,,,,1.00,,,0,-1,IN,India,200,0,
phases of product development,150,0,,,,3.00,,,0,-1,US,United States,150,0,
what is a cto,2800,,0,,,,3.00,,1,1,US,United States,2800,0,
defect lifecycle,200,0,0,0,,3.00,3.00,0.00,1,,IN,India,200,0,0
what is a blue/green deployment,30,,0,,,,1.00,,1,1,US,United States,30,0,
jira vs azure devops,250,,0,,,,4.00,,1,1,US,United States,250,0,
why ci cd,50,0,,,,1.00,,,0,-1,US,United States,50,0,
azure application development,200,,0,,,,4.00,,1,1,US,United States,200,0,
best ci cd pipeline,80,0,,,,2.00,,,0,-1,US,United States,80,0,
supply chain management software companies,500,0,0,0,,10.00,11.00,1.00,1,,US,United States,500,0,0
agile workflow,500,,0,,,,2.00,,2,2,GB,United Kingdom,500,0,
error code ws-44750-0,0,0,0,0,,30.00,30.00,0.00,1,,US,United States,0,0,0
which aspect of devops handles continuous release to production,0,0,0,0,,8.00,7.00,-1.00,1,,US,United States,0,0,0
diff between sdlc and stlc,0,0,,,,1.00,,,0,-1,IN,India,0,0,
development process,400,0,0,0,,56.00,1.00,-55.00,1,-2,US,United States,400,0,0
software development course,40,0,,,,10.00,,,0,-1,CA,Canada,40,0,
which of the following is an artefact repository,0,0,0,0,,5.00,4.00,-1.00,1,,IN,India,0,0,0
open documentation offers to oss,0,,0,,,,10.00,,1,1,US,United States,0,0,
waht is devops,50,0,,,,1.00,,,0,-1,US,United States,50,0,
monolith vs microservice,20,0,0,0,,1.00,1.00,0.00,1,,IN,India,20,0,0
unhandled exception java,0,0,,,,5.00,,,0,-1,RU,Russian Federation,0,0,
technology life cycle,200,,0,,,,5.00,,1,1,IN,India,200,0,
agile phases,100,,0,,,,3.00,,1,1,US,United States,100,0,
bitbucket server snippets,0,0,0,0,,83.00,83.00,0.00,1,,US,United States,0,0,0
software developments,0,,0,,,,1.00,,1,1,RU,Russian Federation,0,0,
sdlc system development life cycle,30,,0,,,,1.00,,1,1,IN,India,30,0,
software testing strategies,500,,0,,,,6.00,,1,1,IN,India,500,0,
software development services,250,,0,,,,5.00,,1,1,VN,Vietnam,250,0,
챠키덱,0,0,,,,38.00,,,0,-1,KR,South Korea,0,0,
clocksynchroserver,0,0,,,,10.00,,,0,-1,US,United States,0,0,
cloud cost optimization best practices,800,0,0,0,,44.00,1.00,-43.00,1,,US,United States,800,0,0
what are the software development models,20,0,,,,2.00,,,0,-1,IN,India,20,0,
java developer string,0,0,,,,9.00,,,0,-1,IN,India,0,0,
sign in via ldap,40,0,0,0,,1.00,1.00,0.00,1,,US,United States,40,0,0
vscode share screen,0,0,,,,70.00,,,0,-1,US,United States,0,0,
java lang numberformatexception,10,0,0,0,,3.00,3.00,0.00,1,,IN,India,10,0,0
system development,40,0,,,,1.00,,,0,-1,DE,Germany,40,0,
vice president of engineering job description,40,,0,,,,1.00,,1,1,US,United States,40,0,
desarrollo software,80,0,0,0,,3.00,3.00,0.00,1,,US,United States,80,0,0
what is software development lifecycle,150,0,0,0,,1.00,1.00,0.00,1,,US,United States,150,0,0
junit vs testng,70,0,0,0,,1.00,1.00,0.00,1,,US,United States,70,0,0
software development solutions,150,0,0,0,,1.00,7.00,6.00,1,,IN,India,150,0,0
scm code,30,0,,,,1.00,,,0,-1,US,United States,30,0,
model in sdlc,20,0,0,0,,2.00,2.00,0.00,1,,IN,India,20,0,0
cloud environments,10,,0,,,,1.00,,1,1,CA,Canada,10,0,
creating software,20,,0,,,,1.00,,1,1,IN,India,20,0,
stages of engineering,40,0,,,,1.00,,,0,-1,US,United States,40,0,
white vs black box testing,40,0,0,0,,1.00,1.00,0.00,1,,US,United States,40,0,0
software development tools,400,,0,,,,4.00,,1,1,IN,India,400,0,
agility process in software engineering,10,0,0,0,,4.00,4.00,0.00,1,,IN,India,10,0,0
application lifecycle stages,30,,0,,,,1.00,,1,1,US,United States,30,0,
software development plan,250,,0,,,,7.00,,1,1,US,United States,250,0,
software life cycle model in software engineering,70,0,0,0,,2.00,2.00,0.00,1,,IN,India,70,0,0
harness statement,10,1,0,-1,,1.00,1.00,0.00,1,,CA,Canada,10,0,-1
monolith microservices,10,,0,,,,1.00,,1,1,IN,India,10,0,
software testing strategies in software engineering,200,,0,,,,5.00,,1,1,IN,India,200,0,
canary deployment software services,0,0,0,0,,9.00,9.00,0.00,1,,US,United States,0,0,0
how is software developed,150,0,0,0,,1.00,1.00,0.00,1,,US,United States,150,0,0
terraform opensource,30,0,0,0,,1.00,1.00,0.00,1,,US,United States,30,0,0
beta software definition,30,0,,,,1.00,,,0,-1,US,United States,30,0,
which statement best describes the use of acceptance tdd,0,0,,,,49.00,,,0,-1,IN,India,0,0,
software development project in software engineering,60,0,0,0,,1.00,1.00,0.00,1,,IN,India,60,0,0
types of software models,80,0,,,,2.00,,,0,-1,IN,India,80,0,
software development team augmentation,150,0,,,,10.00,,,0,-1,US,United States,150,0,
agile process models in software engineering,40,0,0,0,,5.00,5.00,0.00,1,,IN,India,40,0,0
monolith and microservices,30,,0,,,,1.00,,1,1,IN,India,30,0,
continuous deployment focuses on enabling feedback,0,0,0,0,,8.00,8.00,0.00,1,,IN,India,0,0,0
tools for software development,30,0,,,,3.00,,,0,-1,IN,India,30,0,
sdlc standard,20,0,0,0,,1.00,1.00,0.00,1,,US,United States,20,0,0
stlc,1700,0,,,,3.00,,,0,-1,US,United States,1700,0,
production environment meaning,30,1,0,-1,,10.00,1.00,-9.00,1,,US,United States,30,0,-1
resilience testing production is used,0,0,0,0,,9.00,9.00,0.00,1,,IN,India,0,0,0
contract sla,80,0,,,,1.00,,,0,-1,US,United States,80,0,
what does sdlc mean,100,0,,,,1.00,,,0,-1,US,United States,100,0,
what is the full form of sast,0,,0,,,,10.00,,1,1,IN,India,0,0,
software project management phases,10,0,0,0,,1.00,1.00,0.00,1,,IN,India,10,0,0
protecting your privacy while testing article,0,0,0,0,,5.00,5.00,0.00,1,,US,United States,0,0,0
flyway java,60,0,0,0,,7.00,7.00,0.00,1,,BR,Brazil,60,0,0
testng vs junit,180,0,,,,1.00,,,0,-2,US,United States,180,0,
what is a cloud deployment model?,40,0,0,0,,1.00,1.00,0.00,1,,US,United States,40,0,0
how is software made,70,,0,,,,1.00,,1,1,US,United States,70,0,
software development for manufacturing,100,0,,,,11.00,,,0,-1,US,United States,100,0,
supply chain management softwares,40,0,,,,2.00,,,0,-1,GB,United Kingdom,40,0,
software development for startups,1700,0,,,,6.00,,,0,-2,GB,United Kingdom,1700,0,
sdlc in it,10,0,,,,1.00,,,0,-1,US,United States,10,0,
path testing in software testing,300,,0,,,,5.00,,1,1,IN,India,300,0,
github action,800,0,,,,2.00,,,0,-1,IN,India,800,0,
traditional system development life cycle,20,,0,,,,1.00,,1,1,US,United States,20,0,
software testing roadmap,250,,0,,,,6.00,,1,1,IN,India,250,0,
which shows the correct order of stages of technological design?,0,0,,,,52.00,,,0,-1,US,United States,0,0,
sdlc testing,150,0,0,0,,3.00,3.00,0.00,1,,US,United States,150,0,0
software development team,10,0,0,0,,2.00,2.00,0.00,1,,ES,Spain,10,0,0
steps in threat modelling process,0,0,0,0,,4.00,4.00,0.00,1,,IN,India,0,0,0
software life development cycle,40,0,0,0,,1.00,1.00,0.00,1,,US,United States,40,0,0
type 1 error and type 2 error,2400,,0,,,,3.00,,1,1,US,United States,2400,0,
secure software development life cycle,850,,0,,,,4.50,,2,2,US,United States,850,0,
to roll back key aspects runtime,0,0,0,0,,4.00,3.00,-1.00,1,,US,United States,0,0,0
open source software meaning,150,0,,,,1.00,,,0,-1,US,United States,150,0,
ci infrastructure,80,0,,,,1.00,,,0,-1,US,United States,80,0,
system development models,70,,0,,,,1.00,,1,1,IN,India,70,0,
stlc vs sdlc,200,,0,,,,1.00,,1,1,IN,India,200,0,
cykl wytwarzania oprogramowania,40,0,0,0,,1.00,1.00,0.00,1,,PL,Poland,40,0,0
cd pipeline,20,0,,,,1.00,,,0,-1,CA,Canada,20,0,
stages of system development life cycle,40,1,0,-1,,5.00,1.00,-4.00,1,-1,US,United States,40,0,-1
enables continuous value delivery.,0,0,0,0,,6.00,8.00,2.00,1,,IN,India,0,0,0
5 phases of system development life cycle,150,0,0,0,,1.00,1.00,0.00,3,1,ZA,South Africa,150,0,0
can software developer productivity,0,0,0,0,,8.50,9.00,0.50,1,-1,US,United States,0,0,0
system development software,30,0,0,0,,1.00,1.00,0.00,1,,IN,India,30,0,0
database rollback,100,0,0,0,,1.00,1.00,0.00,1,,US,United States,100,0,0
agile development processes,150,,0,,,,3.00,,1,1,US,United States,150,0,
aqwa scans,0,0,,,,7.00,,,0,-1,US,United States,0,0,
information security is considered in which phase of sdlc,0,0,,,,10.00,,,0,-1,IN,India,0,0,
sdlc software development life cycle,60,0,,,,1.00,,,0,-1,IN,India,60,0,
sdlc and agile methodology,200,,0,,,,3.00,,1,1,US,United States,200,0,
what is software development,200,0,0,0,,2.20,2.00,-0.20,1,-4,ZA,South Africa,200,0,0
sdlc vs stlc,500,0,0,0,,3.00,4.00,1.00,1,,IN,India,500,0,0
codes of governance,0,,0,,,,1.00,,1,1,IN,India,0,0,
monolith,500,0,0,0,,1.00,1.00,0.00,1,,MY,Malaysia,500,0,0
software test version,80,0,,,,1.00,,,0,-1,US,United States,80,0,
split in nodejs,0,0,0,0,,10.00,8.00,-2.00,1,,IN,India,0,0,0
which statement is true about a rolling update?,10,0,0,0,,1.00,1.00,0.00,1,,US,United States,10,0,0
strategy deployment,160,,0,,,,1.00,,2,2,US,United States,160,0,
smoke testing and sanity testing are same,0,,0,,,,8.00,,1,1,IN,India,0,0,
agile churn,40,,0,,,,1.00,,1,1,US,United States,40,0,
business software development,1210,0,,,,1.00,,,0,-2,NL,Netherlands,1210,0,
strategic approach to software testing,250,,0,,,,7.00,,1,1,IN,India,250,0,
custom business software development,150,0,0,0,,6.50,4.00,-2.50,1,-1,GB,United Kingdom,150,0,0
which is an open source system for automating deployment,0,0,0,0,,5.00,5.00,0.00,1,,IN,India,0,0,0
testing process in software testing,250,,0,,,,3.00,,1,1,IN,India,250,0,
types of model in software engineering,200,0,0,0,,3.00,3.00,0.00,1,,IN,India,200,0,0
what does pr stand for in software development,50,0,,,,1.00,,,0,-1,US,United States,50,0,
what is sdlc in hindi,30,,0,,,,1.00,,1,1,IN,India,30,0,
define ci/cd,100,,0,,,,1.00,,1,1,US,United States,100,0,
define feature engineering,20,0,0,0,,1.00,1.00,0.00,1,,US,United States,20,0,0
which section of serverless.yaml file specifies the cloud vendor details,0,0,0,0,,9.00,9.00,0.00,1,,IN,India,0,0,0
phases of sdlc in devops,0,0,0,0,,10.00,10.00,0.00,1,,IN,India,0,0,0
software developement,230,0,0,0,,3.00,2.00,-1.00,2,1,US,United States,230,0,0
repository manager helps in storing and retrieving artifacts.,0,0,0,0,,8.00,6.00,-2.00,1,,IN,India,0,0,0
one of the best practice to implement continuous deployment is,0,0,0,0,,8.00,8.00,0.00,1,,IN,India,0,0,0
agile process model in software engineering,600,,0,,,,5.00,,1,1,IN,India,600,0,
source evolves hashicorp ceo predicts silicon,0,0,0,0,,44.00,44.00,0.00,1,,US,United States,0,0,0
software project planning,200,,0,,,,1.00,,1,1,GB,United Kingdom,200,0,
java.lang.arrayindexoutofboundsexception,210,,0,,,,5.50,,2,2,PH,Philippines,210,0,
sdlc best practices,350,0,0,0,,4.00,3.00,-1.00,1,,US,United States,350,0,0
software developer course,1600,0,,,,4.00,,,0,-1,IN,India,1600,0,
what does dast stand for,90,0,0,0,,1.00,1.00,0.00,1,,US,United States,90,0,0
what is software life cycle,50,0,0,0,,1.00,1.00,0.00,1,,US,United States,50,0,0
the release cycle:,40,0,,,,1.00,,,0,-1,US,United States,40,0,
n test,20,0,,,,1.00,,,0,-1,IN,India,20,0,
software engineering process,250,0,,,,1.00,,,0,-1,IN,India,250,0,
harness-id,0,0,0,0,,1.00,1.00,0.00,1,,DE,Germany,0,0,0
dash is the automated system used for continuous integration,0,,0,,,,6.00,,1,1,IN,India,0,0,
instantiationexception in java,10,,0,,,,5.00,,1,1,IN,India,10,0,
sldc process,20,0,,,,1.00,,,0,-1,US,United States,20,0,
stage environment meaning,40,,0,,,,1.00,,1,1,IN,India,40,0,
scm control enables team to,30,,0,,,,1.00,,1,1,IN,India,30,0,
development process in software engineering,20,,0,,,,1.00,,1,1,IN,India,20,0,
hyperscalercloud.nl aws iam permission sets,0,0,,,,6.00,,,0,-1,US,United States,0,0,
what's terraform,20,0,0,0,,1.00,1.00,0.00,1,,US,United States,20,0,0
which stage is called as requirement analysis stage in sdlc,0,0,0,0,,5.00,5.00,0.00,1,,IN,India,0,0,0
which is not a software life cycle model?,0,0,0,0,,1.00,1.00,0.00,1,,IN,India,0,0,0
threat modelling process,120,0,0,0,,1.00,1.00,0.00,2,1,GB,United Kingdom,120,0,0
what is feature engineering?,30,0,,,,1.00,,,0,-1,US,United States,30,0,
feature branches,10,9,0,-9,,3.67,1.00,-2.67,1,-2,US,United States,10,0,-9
jsonbackreference,10,0,,,,3.00,,,0,-1,BR,Brazil,10,0,
software product life cycle,90,0,0,0,,1.00,1.00,0.00,1,,IN,India,90,0,0
what is feature flags,150,,0,,,,1.00,,1,1,US,United States,150,0,
software development keywords,500,0,0,0,,3.00,3.00,0.00,1,,US,United States,500,0,0
software development methodologies,280,,0,,,,3.00,,2,2,LK,Sri Lanka,280,0,
steps of waterfall model,30,0,0,0,,1.00,1.00,0.00,1,,IN,India,30,0,0
what is a developer platform,200,,0,,,,1.00,,1,1,US,United States,200,0,
software development deliverables,40,0,,,,1.00,,,0,-1,US,United States,40,0,
software product development lifecycle,10,2,0,-2,,4.50,1.00,-3.50,1,-1,US,United States,10,0,-2
which phase is analysis phase in sdlc,0,0,0,0,,1.00,1.00,0.00,1,,IN,India,0,0,0
harnessing statement,10,0,,,,1.00,,,0,-1,CA,Canada,10,0,
staging software,80,0,,,,1.00,,,0,-1,US,United States,80,0,
services software development,150,0,,,,1.00,,,0,-1,US,United States,150,0,
features,1100,0,,,,1.00,,,0,-1,AE,United Arab Emirates,1100,0,
alpha beta testing,10,0,0,0,,1.00,1.00,0.00,1,,SG,Singapore,10,0,0
feature engineer,20,0,0,0,,1.00,1.00,0.00,1,,US,United States,20,0,0
flag features,100,0,0,0,,1.00,1.00,0.00,1,,US,United States,100,0,0
automation testing in software engineering,50,0,,,,1.00,,,0,-1,IN,India,50,0,
what are the types of machine learning,150,,0,,,,1.00,,1,1,IN,India,150,0,
k8s infrastructure,40,0,0,0,,1.00,1.00,0.00,1,,US,United States,40,0,0
versi,1600,,0,,,,2.00,,1,1,ID,Indonesia,1600,0,
who open source software,0,,0,,,,9.00,,1,1,US,United States,0,0,
ciclo de vida del desarrollo de software,250,0,0,0,,5.00,1.00,-4.00,2,1,MX,Mexico,250,0,0
human life cycle stages,500,0,0,0,,3.00,3.00,0.00,1,,PH,Philippines,500,0,0
the functionality of continuous integration server includes,0,0,0,0,,2.00,2.00,0.00,1,,IN,India,0,0,0
how aigenerated authored content migration from,0,0,0,0,,9.00,9.00,0.00,1,,US,United States,0,0,0
what is beta software,60,0,,,,1.00,,,0,-1,US,United States,60,0,
open source initiative is an organisation that,0,,0,,,,11.00,,1,1,IN,India,0,0,
software developer life cycle,60,1,0,-1,,1.00,1.00,0.00,1,,IN,India,60,0,-1
sanity testing definition,80,,0,,,,1.00,,1,1,US,United States,80,0,
how to develop software,150,0,,,,1.00,,,0,-1,US,United States,150,0,
software making,90,0,0,0,,1.00,1.00,0.00,1,,IN,India,90,0,0
sdlc cyber security,400,0,0,0,,1.00,1.00,0.00,1,,US,United States,400,0,0
company software development,60,0,0,0,,7.50,6.00,-1.50,1,-1,GB,United Kingdom,60,0,0
difference between sdlc and stlc,250,0,0,0,,1.00,1.00,0.00,1,,IN,India,250,0,0
principles of testing,300,,0,,,,3.00,,1,1,IN,India,300,0,
dora framework,250,,0,,,,1.00,,1,1,US,United States,250,0,
testng and junit difference,40,0,0,0,,1.00,1.00,0.00,1,,IN,India,40,0,0
ciclo de vida de un sistema de información,20,0,,,,1.00,,,0,-1,AR,Argentina,20,0,
sdlc projects,50,0,0,0,,1.00,1.00,0.00,1,,US,United States,50,0,0
slo s,10,,0,,,,1.00,,1,1,US,United States,10,0,
sdlc & stlc,40,,0,,,,1.00,,1,1,IN,India,40,0,
what is gameday,20,,0,,,,1.00,,1,1,US,United States,20,0,
the analysis phase of the sdlc includes:,0,0,0,0,,4.00,5.00,1.00,1,,US,United States,0,0,0
what is cloud deployment model,200,,0,,,,1.00,,1,1,US,United States,200,0,
software developer description,500,,0,,,,3.00,,1,1,US,United States,500,0,
true positive and true negative,100,0,0,0,,1.00,1.00,0.00,1,-1,IN,India,100,0,0
sdlc methods,30,,0,,,,1.00,,1,1,PH,Philippines,30,0,
an online shipment company uses a cloud deployment model,0,0,0,0,,7.00,7.00,0.00,1,,IN,India,0,0,0
software development lifecycle model,20,0,0,0,,1.00,1.00,0.00,1,,IN,India,20,0,0
life cycle models in software engineering,40,0,,,,2.00,,,0,-1,IN,India,40,0,
software monitoring,30,0,0,0,,1.00,1.00,0.00,1,-1,IN,India,30,0,0
sldc,150,0,0,0,,1.00,3.00,2.00,1,,PH,Philippines,150,0,0
sso via saml,30,,0,,,,1.00,,1,1,US,United States,30,0,
software development platforms,30,0,,,,2.00,,,0,-1,IN,India,30,0,
supply chain software development company,350,,0,,,,3.00,,1,1,US,United States,350,0,
software development strategies,60,,0,,,,1.00,,1,1,US,United States,60,0,
beta phase,100,0,,,,1.00,,,0,-1,US,United States,100,0,
waterfall model phases,20,0,0,0,,1.00,1.00,0.00,2,1,LK,Sri Lanka,20,0,0
perbedaan black box and whitebox testing,20,0,0,0,,4.00,4.00,0.00,1,,ID,Indonesia,20,0,0
devops sdlc,150,,0,,,,3.00,,1,1,US,United States,150,0,
deployment of which resource is difficult to master,0,0,0,0,,9.00,9.00,0.00,1,,IN,India,0,0,0
unit testing report,10,,0,,,,1.00,,1,1,IN,India,10,0,
cd tool,30,,0,,,,1.00,,1,1,IN,India,30,0,
t test formula,5500,,0,,,,1.00,,1,1,US,United States,5500,0,
fdr meaning,300,0,0,0,,1.00,1.00,0.00,1,,IN,India,300,0,0
skills for software developer,150,,0,,,,3.00,,1,1,IN,India,150,0,
who needs continuous deployment,0,,0,,,,6.00,,1,1,IN,India,0,0,
sprint cycle,300,,0,,,,3.00,,1,1,US,United States,300,0,
product development cycle,240,0,,,,4.67,,,0,-3,KR,South Korea,240,0,
angular utilities télécharger,0,0,0,0,,2.00,2.00,0.00,1,,US,United States,0,0,0
what is canary in software,60,,0,,,,1.00,,1,1,US,United States,60,0,
hyperscalercloud.online aws iam permission sets,0,0,,,,11.00,,,0,-1,DE,Germany,0,0,
blue green development,100,0,0,0,,1.00,1.00,0.00,1,,US,United States,100,0,0
software development life cycle.,40,,0,,,,1.00,,1,1,US,United States,40,0,
staging site,200,0,0,0,,3.00,1.00,-2.00,1,,US,United States,200,0,0
alpha and beta testing,230,0,0,0,,1.00,2.00,1.00,2,1,LK,Sri Lanka,230,0,0
stg environment,20,,0,,,,1.00,,1,1,US,United States,20,0,
is terraform open source,150,,0,,,,1.00,,1,1,US,United States,150,0,
developmental steps,30,,0,,,,1.00,,1,1,US,United States,30,0,
testing fundamentals in software engineering,200,,0,,,,5.00,,1,1,IN,India,200,0,
life cycle software development,70,,0,,,,1.00,,1,1,US,United States,70,0,
slo.pages dev,0,,0,,,,3.00,,1,1,US,United States,0,0,
software testing in software engineering,1400,,0,,,,9.00,,1,1,IN,India,1400,0,
sdlc interview questions,300,0,0,0,,3.00,3.00,0.00,1,,IN,India,300,0,0
software deployment strategies,150,0,0,0,,1.00,1.00,0.00,1,,US,United States,150,0,0
software development life cycle management,90,,0,,,,1.00,,1,1,US,United States,90,0,
etapas del ciclo de vida del desarrollo de software,10,0,,,,10.00,,,0,-1,CO,Colombia,10,0,
metrics dashboard,450,0,,,,1.00,,,0,-1,US,United States,450,0,
nearshore software development,700,0,,,,6.00,,,0,-1,US,United States,700,0,
dropwizard,600,,0,,,,3.00,,1,1,IN,India,600,0,
process of software engineering,60,,0,,,,1.00,,1,1,IN,India,60,0,
java.lang.illegalargumentexception,300,0,0,0,,4.33,4.00,-0.33,2,-1,US,United States,300,0,0
stlc and sdlc difference,70,0,0,0,,1.00,1.00,0.00,1,,IN,India,70,0,0
documentation academy offers oss,0,0,0,0,,9.00,6.00,-3.00,1,,US,United States,0,0,0
microservices continuous integration,0,0,0,0,,5.00,3.00,-2.00,2,,US,United States,0,0,0
what are ml,150,,0,,,,1.00,,1,1,US,United States,150,0,
what is the sprint retrospective,10,,0,,,,1.00,,1,1,US,United States,10,0,
software development solution,350,,0,,,,1.00,,1,1,US,United States,350,0,
stage testing,10,,0,,,,1.00,,1,1,IN,India,10,0,
out of bounds exception java,30,0,0,0,,4.00,4.00,0.00,1,,US,United States,30,0,0
cve-2023-20214,0,0,,,,97.00,,,0,-1,US,United States,0,0,
different types of model in software engineering,30,0,0,0,,2.00,2.00,0.00,1,,IN,India,30,0,0
beta released,40,,0,,,,1.00,,1,1,US,United States,40,0,
mttr is __________________.,0,0,,,,11.00,,,0,-1,IN,India,0,0,
a type ii error is when:,0,0,0,0,,6.00,7.00,1.00,1,,US,United States,0,0,0
development in software engineering,30,0,0,0,,1.00,1.00,0.00,1,,IN,India,30,0,0
propelo harness,0,0,0,0,,1.00,1.00,0.00,1,,US,United States,0,0,0
software testing process,500,,0,,,,5.00,,2,2,US,United States,500,0,
information development life cycle,50,,0,,,,1.00,,1,1,IN,India,50,0,
life cycle model,100,,0,,,,1.00,,1,1,US,United States,100,0,
full cycle software development services,100,,0,,,,1.00,,1,1,US,United States,100,0,
explain cloud deployment model,80,0,0,0,,2.00,2.00,0.00,1,,IN,India,80,0,0
dynamic application,40,,0,,,,1.00,,1,1,IN,India,40,0,
feature flag meaning,150,3,0,-3,,1.00,1.00,0.00,1,,US,United States,150,0,-3
development steps,80,0,0,0,,1.00,1.00,0.00,1,,US,United States,80,0,0
staging testing,10,0,0,0,,1.00,1.00,0.00,1,,IN,India,10,0,0
what is a canary in software,30,,0,,,,1.00,,1,1,US,United States,30,0,
process of software development,160,6,0,-6,,1.00,1.00,0.00,3,1,US,United States,160,0,-6
fpr,400,0,0,0,,2.67,1.00,-1.67,1,-2,IL,Israel,400,0,0
kaniko executor,10,0,,,,9.00,,,0,-1,RU,Russian Federation,10,0,
how to design software,20,,0,,,,1.00,,1,1,IN,India,20,0,
how long is 33 weeks pregnant,20,0,,,,1.00,,,0,-1,US,United States,20,0,
what is no such element exception in java,10,,0,,,,3.00,,1,1,US,United States,10,0,
supply chain security software,200,,0,,,,1.00,,1,1,US,United States,200,0,
harness design training,0,0,0,0,,5.00,6.00,1.00,1,,US,United States,0,0,0
ado full form in azure,150,,0,,,,1.00,,1,1,IN,India,150,0,
software developer job description,1100,,0,,,,4.00,,1,1,US,United States,1100,0,
json java library,10,0,,,,1.00,,,0,-1,US,United States,10,0,
the software development process,80,0,0,0,,1.00,1.00,0.00,1,,US,United States,80,0,0
change and release management,50,,0,,,,1.00,,1,1,IN,India,50,0,
what is opensource,70,0,,,,1.00,,,0,-1,US,United States,70,0,
how to resolve null pointer exception,0,,0,,,,9.00,,1,1,IN,India,0,0,
a lambda function is packaged for deployment to multiple environments,0,0,0,0,,10.00,10.00,0.00,1,,IN,India,0,0,0
testing environment vs production environment,10,0,,,,1.00,,,0,-1,US,United States,10,0,
how to develop a software,400,0,0,0,,1.00,1.00,0.00,1,-1,IN,India,400,0,0
code drift,30,,0,,,,1.00,,1,1,US,United States,30,0,
desarrollo de software,150,0,,,,3.00,,,0,-1,GB,United Kingdom,150,0,
software development model,200,0,0,0,,3.00,1.00,-2.00,1,,IN,India,200,0,0
monolithic application vs microservices,90,,0,,,,1.00,,1,1,US,United States,90,0,
syllabus of software engineering,40,0,,,,1.00,,,0,-1,IN,India,40,0,
www harness,0,0,,,,6.00,,,0,-1,AU,Australia,0,0,
development processes,100,0,,,,1.00,,,0,-1,US,United States,100,0,
custom software application development,350,0,,,,1.00,,,0,-1,GB,United Kingdom,350,0,
delivery vs deployment,70,,0,,,,1.00,,1,1,US,United States,70,0,
make a application,100,0,,,,1.00,,,0,-2,US,United States,100,0,
whats a feature flag,100,,0,,,,1.00,,1,1,US,United States,100,0,
what is open-source software,80,,0,,,,1.00,,1,1,US,United States,80,0,
oss stands for in computer open source,0,,0,,,,9.00,,1,1,BD,Bangladesh,0,0,
whats dev ops,80,0,,,,1.00,,,0,-1,US,United States,80,0,
fase sdlc,30,0,0,0,,1.00,1.00,0.00,1,,ID,Indonesia,30,0,0
project lifecycle,300,,0,,,,4.00,,1,1,IN,India,300,0,
manufacturing software development,10,0,,,,5.00,,,0,-1,KR,South Korea,10,0,
sdlc policy,200,0,0,0,,8.00,7.00,-1.00,1,,US,United States,200,0,0
how to develop a software for beginners,20,,0,,,,1.00,,1,1,US,United States,20,0,
how software is developed,50,,0,,,,1.00,,1,1,IN,India,50,0,
what is important for successful devops transition,0,0,,,,62.00,,,0,-1,RU,Russian Federation,0,0,
java invalidargumentexception,20,0,0,0,,5.00,5.00,0.00,1,,US,United States,20,0,0
software development planning,10,0,,,,3.00,,,0,-1,RU,Russian Federation,10,0,
software development.,20,0,,,,1.00,,,0,-1,IN,India,20,0,
java.lang.numberformatexception: null,10,0,0,0,,4.00,4.00,0.00,1,,US,United States,10,0,0
środowisko produkcyjne,30,0,0,0,,1.00,1.00,0.00,1,,PL,Poland,30,0,0
open-source software,700,0,,,,1.00,,,0,-1,IN,India,700,0,
sdlc and stlc,870,0,0,0,,1.00,1.00,0.00,2,1,US,United States,870,0,0
funciones del software,150,0,,,,2.00,,,0,-1,MX,Mexico,150,0,
changing nature of software,200,0,,,,4.00,,,0,-1,IN,India,200,0,
to roll back some aspects runtime,0,0,0,0,,5.00,5.00,0.00,1,,US,United States,0,0,0
feature flag software,250,0,0,0,,1.00,1.00,0.00,1,,US,United States,250,0,0
harnest,300,,0,,,,1.00,,1,1,ID,Indonesia,300,0,
mobile application development lifecycle,40,0,0,0,,5.00,5.00,0.00,1,,IN,India,40,0,0
software developing,10,0,0,0,,2.00,1.00,-1.00,1,-1,US,United States,10,0,0
цикл разработки по,200,0,,,,5.00,,,0,-1,RU,Russian Federation,200,0,
mocks que es,30,0,0,0,,1.00,1.00,0.00,1,,CO,Colombia,30,0,0
what is reserved instance in aws,30,,0,,,,1.00,,1,1,IN,India,30,0,
release candidate meaning,200,0,0,0,,1.00,1.00,0.00,2,1,US,United States,200,0,0
different types of testing,800,,0,,,,5.00,,1,1,IN,India,800,0,
calculate true positive rate,20,0,,,,1.00,,,0,-1,US,United States,20,0,
dry programming,310,,0,,,,2.00,,2,2,US,United States,310,0,
chaos engineer,100,0,0,0,,1.00,1.00,0.00,1,,US,United States,100,0,0
caused by: java.lang.exceptionininitializererror,20,0,,,,6.00,,,0,-1,IN,India,20,0,
what is ci cd process,150,0,0,0,,1.00,1.00,0.00,1,,US,United States,150,0,0
software product development,2300,0,0,0,,5.00,1.00,-4.00,2,,US,United States,2300,0,0
describe the software development process in brief,20,0,0,0,,1.00,1.00,0.00,1,,IN,India,20,0,0
software development methodology,100,0,,,,6.00,,,0,-1,US,United States,100,0,
test planning in software testing,450,,0,,,,7.00,,1,1,IN,India,450,0,
the life cycle,400,,0,,,,2.00,,1,1,US,United States,400,0,
features software,50,0,,,,1.00,,,0,-1,BR,Brazil,50,0,
bayesian model,800,0,,,,1.00,,,0,-1,US,United States,800,0,
software product development process,100,0,,,,1.00,,,0,-1,US,United States,100,0,
branch,3500,,0,,,,1.00,,1,1,PH,Philippines,3500,0,
developing a software,200,,0,,,,1.00,,1,1,US,United States,200,0,
personalized notifications,70,,0,,,,1.00,,1,1,US,United States,70,0,
primary stakeholders for devops,0,0,0,0,,3.00,12.00,9.00,1,,IN,India,0,0,0
project life cycle,600,0,,,,3.00,,,0,-1,CA,Canada,600,0,
terraform by hashicorp forked to,0,0,0,0,,7.00,7.00,0.00,1,,US,United States,0,0,0
slis meaning,30,,0,,,,1.00,,1,1,US,United States,30,0,
software testing model answer paper,300,,0,,,,11.00,,1,1,IN,India,300,0,
how does software development work?,40,0,,,,1.00,,,0,-1,US,United States,40,0,
softwaredevelopment,150,0,0,0,,3.00,3.00,0.00,1,,US,United States,150,0,0
what is a service level,30,0,,,,1.00,,,0,-1,US,United States,30,0,
threat modelling comes under which phase of devops pipeline,0,0,0,0,,40.00,40.00,0.00,1,,IN,India,0,0,0
threat modeling steps,200,0,,,,1.00,,,0,-1,US,United States,200,0,
sprint delivery,60,0,,,,1.00,,,0,-1,US,United States,60,0,
a type i error occurs when,20,0,,,,1.00,,,0,-1,US,United States,20,0,
strategic deployment,50,,0,,,,1.00,,1,1,US,United States,50,0,
ip allowlist,20,,0,,,,1.00,,1,1,US,United States,20,0,
phases of waterfall model,150,0,,,,4.00,,,0,-1,IN,India,150,0,
what is systems development life cycle,30,0,,,,1.00,,,0,-1,US,United States,30,0,
typescript check type,200,,0,,,,1.00,,1,1,US,United States,200,0,
environmental production,60,0,,,,1.00,,,0,-1,IN,India,60,0,
difference between ldap and sso,10,0,,,,1.00,,,0,-1,US,United States,10,0,
guard rails,300,0,0,0,,2.00,3.00,1.00,1,,IN,India,300,0,0
system development life cycle phases,100,2,0,-2,,3.67,1.00,-2.67,3,,IN,India,100,0,-2
product development life cycle,2700,0,0,0,,6.00,5.00,-1.00,1,,CA,Canada,2700,0,0
ssdlc,1750,0,0,0,,4.50,6.33,1.83,3,1,US,United States,1750,0,0
unit testing in software engineering,3100,,0,,,,3.00,,1,1,IN,India,3100,0,
7 principles of testing,350,,0,,,,5.00,,1,1,IN,India,350,0,
different types of software models,30,0,,,,2.00,,,0,-1,IN,India,30,0,
what is the last step in the sdlc?,0,0,0,0,,4.00,4.00,0.00,1,,US,United States,0,0,0
infrastructure provisioning can be done with dash tools,0,,0,,,,10.00,,1,1,IN,India,0,0,
java.lang.reflect.invocationtargetexception null,10,0,,,,7.00,,,0,-1,IN,India,10,0,
how do you develop software,50,0,,,,1.00,,,0,-1,US,United States,50,0,
why ci/cd,40,0,,,,1.00,,,0,-1,US,United States,40,0,
difference between jvm and dvm,30,0,,,,7.00,,,0,-1,IN,India,30,0,
difference between junit and testng,100,0,0,0,,1.00,1.00,0.00,1,-1,IN,India,100,0,0
application monitoring strategy,100,,0,,,,1.00,,1,1,US,United States,100,0,
how to design a software,40,0,,,,1.00,,,0,-1,IN,India,40,0,
slo's,150,0,,,,1.00,,,0,-1,US,United States,150,0,
change log,200,0,0,0,,4.00,4.00,0.00,1,,BR,Brazil,200,0,0
characteristics of open source software,30,0,0,0,,1.00,1.00,0.00,1,,US,United States,30,0,0
spiral model in software engineering,200,0,0,0,,4.00,4.00,0.00,1,,IN,India,200,0,0
life cycle of software engineering,60,0,,,,1.00,,,0,-1,IN,India,60,0,
fractional cto,2200,,0,,,,6.00,,1,1,US,United States,2200,0,
sdlc in system analysis and design,150,0,,,,1.00,,,0,-1,IN,India,150,0,
compass software,50,0,,,,1.00,,,0,-1,CA,Canada,50,0,
list and describe the major phases of system installation,20,0,0,0,,1.00,1.00,0.00,1,,US,United States,20,0,0
npm ci vs npm install,600,,0,,,,5.00,,1,1,US,United States,600,0,
code development process,70,0,0,0,,1.00,1.00,0.00,1,,US,United States,70,0,0
software development life cycle pdf,100,0,,,,1.00,,,0,-1,IN,India,100,0,
how to develop a software project step by step,20,0,0,0,,1.00,1.00,0.00,1,,IN,India,20,0,0
software developer skills,1000,,0,,,,3.00,,1,1,IN,India,1000,0,
process models in software engineering,700,,0,,,,1.00,,1,1,IN,India,700,0,
under continuous deployment principles,0,0,0,0,,1.00,1.00,0.00,1,,IN,India,0,0,0
head of engineering vs vp of engineering,40,0,0,0,,1.00,1.00,0.00,1,,US,United States,40,0,0
software process,20,0,0,0,,1.00,1.00,0.00,1,,ID,Indonesia,20,0,0
agile sdlc,1300,0,0,0,,5.00,4.00,-1.00,2,1,RU,Russian Federation,1300,0,0
deploy strategies,10,0,,,,1.00,,,0,-1,BR,Brazil,10,0,
java invalid argument exception,10,0,,,,4.00,,,0,-1,CA,Canada,10,0,
define sdlc in software engineering,20,0,0,0,,1.00,1.00,0.00,1,,US,United States,20,0,0
software evolution,200,0,,,,5.00,,,0,-1,IN,India,200,0,
software development process model,50,0,,,,4.00,,,0,-1,IN,India,50,0,
finally reaches stable state release candidate,0,0,0,0,,5.50,7.00,1.50,2,,CA,Canada,0,0,0
java.util.nosuchelementexception,250,0,0,0,,3.00,3.00,0.00,1,,US,United States,250,0,0
difference between white box and black box testing,1000,12,0,-12,,15.00,1.00,-14.00,1,,IN,India,1000,0,-12
ssdlc vs sdlc,90,,0,,,,1.00,,1,1,US,United States,90,0,
unit test and integration test,20,0,,,,1.00,,,0,-1,IN,India,20,0,
open documentation academy offers oss,0,0,,,,10.00,,,0,-1,US,United States,0,0,
retro meeting meaning,40,,0,,,,1.00,,1,1,US,United States,40,0,
true positive true negative,60,0,,,,1.00,,,0,-1,IN,India,60,0,
software deployment strategy,150,,0,,,,1.00,,1,1,US,United States,150,0,
define pull request,20,0,,,,1.00,,,0,-1,US,United States,20,0,
software product lifecycle,30,0,,,,1.00,,,0,-1,IN,India,30,0,
fases del ciclo de vida de un sistema de información,20,0,,,,1.00,,,0,-1,MX,Mexico,20,0,
project life cycle phases,400,,0,,,,3.00,,1,1,IN,India,400,0,
branch strategy,10,0,0,0,,3.00,3.00,0.00,1,,MX,Mexico,10,0,0
whitebox vs blackbox,30,,0,,,,1.00,,1,1,US,United States,30,0,
git mercurial and subversion are centralized version control tools,0,0,,,,56.00,,,0,-1,IN,India,0,0,
software development life cycle in ooad,100,,0,,,,1.00,,1,1,IN,India,100,0,
phasen der softwareentwicklung,80,,0,,,,1.00,,1,1,DE,Germany,80,0,
what is a cicd pipeline,100,0,,,,1.00,,,0,-1,US,United States,100,0,
software engineer steps,20,0,0,0,,1.00,1.00,0.00,1,,IN,India,20,0,0
software management,200,,0,,,,1.00,,1,1,IN,India,200,0,
артефакт в программировании это,70,0,0,0,,3.00,1.00,-2.00,1,,RU,Russian Federation,70,0,0
flux cd vs argo cd,50,1,0,-1,,12.00,1.00,-11.00,1,,US,United States,50,0,-1
advantages of white box testing,90,,0,,,,1.00,,1,1,IN,India,90,0,
example of sdlc,30,,0,,,,1.00,,1,1,PH,Philippines,30,0,
which of the following are benefits of continuous integration,0,,0,,,,10.00,,1,1,IN,India,0,0,
ab testing multiple variants,50,0,,,,1.00,,,0,-1,US,United States,50,0,
developing software,250,0,0,0,,1.00,1.00,0.00,1,,US,United States,250,0,0
software development courses,2350,0,,,,3.00,,,0,-2,PK,Pakistan,2350,0,
kubernetes pricing,60,0,,,,3.00,,,0,-1,IN,India,60,0,
the different categories of lifecycle models are,100,,0,,,,1.00,,1,1,IN,India,100,0,
github actions documentation,800,0,,,,5.00,,,0,-1,US,United States,800,0,
development cycles,150,6,0,-6,,1.00,1.00,0.00,1,,US,United States,150,0,-6
characteristics of open-source software,10,0,0,0,,1.00,1.00,0.00,1,,US,United States,10,0,0
cicd adalah,40,0,0,0,,1.00,1.00,0.00,1,,ID,Indonesia,40,0,0
spiral model diagram,2600,0,,,,2.00,,,0,-1,IN,India,2600,0,
flag proxy,0,0,0,0,,1.00,1.00,0.00,1,,IN,India,0,0,0
which a sdlc phase is used to ensure quality software,0,0,0,0,,1.00,1.00,0.00,1,,NP,Nepal,0,0,0
throws illegalargumentexception,20,0,0,0,,6.00,6.00,0.00,1,,US,United States,20,0,0
terraform meaning,450,,0,,,,2.00,,1,1,IN,India,450,0,
what is devoos,50,0,,,,1.00,,,0,-1,US,United States,50,0,
harnex recruitment group,0,0,0,0,,5.00,5.00,0.00,1,,US,United States,0,0,0
dbms sql queries,200,,0,,,,3.00,,1,1,IN,India,200,0,
prod environment meaning,20,0,0,0,,1.00,1.00,0.00,1,,IN,India,20,0,0
and express,20,,0,,,,1.00,,1,1,US,United States,20,0,
process software,10,0,0,0,,1.00,1.00,0.00,1,,ID,Indonesia,10,0,0
what is testing in software engineering,600,,0,,,,3.00,,1,1,IN,India,600,0,
how many steps are there in the sdlc process?,0,0,0,0,,1.00,1.00,0.00,1,,US,United States,0,0,0
what is the full form of sdlc,50,0,,,,1.00,,,0,-1,IN,India,50,0,
argocd vs fluxcd,80,0,,,,1.00,,,0,-1,US,United States,80,0,
guard rail,50,0,0,0,,3.00,3.00,0.00,1,,KR,South Korea,50,0,0
what are sprint points,60,0,,,,1.00,,,0,-1,US,United States,60,0,
differentiate between white box and black box testing,70,2,0,-2,,10.00,1.00,-9.00,1,,IN,India,70,0,-2
automation of builds happen through cl tools,0,0,0,0,,6.00,6.00,0.00,1,,IN,India,0,0,0
interview questions on manual testing,200,,0,,,,6.00,,1,1,IN,India,200,0,
rapid application development model,600,0,,,,4.00,,,0,-1,IN,India,600,0,
software building,150,,0,,,,1.00,,1,1,US,United States,150,0,
ci/cd pipelines explained,80,0,,,,1.00,,,0,-1,US,United States,80,0,
difference between microservices and monolithic,100,0,,,,1.00,,,0,-1,IN,India,100,0,
software lifecycle models,10,0,0,0,,3.00,3.00,0.00,1,,IN,India,10,0,0
sdlc waterfall model,250,,0,,,,3.00,,1,1,IN,India,250,0,
release candidate is created after,0,0,0,0,,9.00,6.00,-3.00,1,,IN,India,0,0,0
operations phase in sdlc,0,0,0,0,,4.00,3.00,-1.00,1,,IN,India,0,0,0
types of software engineering models,20,0,0,0,,2.00,2.00,0.00,1,,IN,India,20,0,0
freeze period,30,,0,,,,1.00,,1,1,US,United States,30,0,
production deployment,100,0,,,,1.00,,,0,-1,IN,India,100,0,
life cycle of sdlc,50,0,0,0,,1.00,1.00,0.00,1,,IN,India,50,0,0
error: java.lang.runtimeexception: null,60,0,0,0,,4.00,4.00,0.00,1,,US,United States,60,0,0
construction software development,300,0,,,,3.00,,,0,-1,US,United States,300,0,
principles of software testing,700,,0,,,,4.00,,1,1,IN,India,700,0,
model of sdlc,30,0,0,0,,2.00,2.00,0.00,1,,IN,India,30,0,0
what is software testing in software engineering,150,,0,,,,3.00,,1,1,IN,India,150,0,
monolith vs microservices architecture,40,,0,,,,1.00,,1,1,US,United States,40,0,
java.lang.reflect.invocationtargetexception,300,0,0,0,,4.33,5.00,0.67,1,-5,US,United States,300,0,0
blameless.io,0,,0,,,,7.00,,1,1,US,United States,0,0,
ci/cd deployment,20,0,,,,1.00,,,0,-1,IN,India,20,0,
the first step in threat modeling is to,0,0,0,0,,7.00,7.00,0.00,1,,IN,India,0,0,0
github branching strategy,200,1,0,-1,,20.00,1.00,-19.00,1,,US,United States,200,0,-1
knowledge of the software lifecycle process,20,0,,,,1.00,,,0,-1,US,United States,20,0,
cloud enterprise,800,,0,,,,1.00,,1,1,US,United States,800,0,
secure sdlc,800,0,0,0,,5.50,6.00,0.50,1,-1,US,United States,800,0,0
identify the external dependency for an e-commerce web application,0,0,0,0,,9.00,9.00,0.00,1,,IN,India,0,0,0
software development models,600,,0,,,,5.00,,1,1,IN,India,600,0,
custom software development process,300,0,0,0,,5.00,1.00,-4.00,1,,US,United States,300,0,0
nexus artifactory,150,0,0,0,,1.00,1.00,0.00,1,,IN,India,150,0,0
program lifecycle,70,0,0,0,,1.00,1.00,0.00,1,,US,United States,70,0,0
vice president engineering,40,0,,,,1.00,,,0,-1,US,United States,40,0,
what is ado in azure,100,,0,,,,1.00,,1,1,IN,India,100,0,
tahapan pengembangan perangkat lunak,50,,0,,,,1.00,,1,1,ID,Indonesia,50,0,
software process in software engineering,500,0,,,,4.00,,,0,-1,IN,India,500,0,
canary meaning in software,60,0,,,,1.00,,,0,-1,US,United States,60,0,
stlc and sdlc,150,,0,,,,1.00,,1,1,IN,India,150,0,
software development project management,500,0,,,,6.00,,,0,-1,US,United States,500,0,
containerization security,250,,0,,,,3.00,,1,1,US,United States,250,0,
what is the correct order of sdlc stages?,0,0,0,0,,1.00,1.00,0.00,1,,US,United States,0,0,0
sdlc in software,30,0,,,,1.00,,,0,-1,IN,India,30,0,
smtp setup,90,,0,,,,1.00,,1,1,US,United States,90,0,
mock test kya hota hai,1900,,0,,,,3.00,,1,1,IN,India,1900,0,
what is software life cycle model,20,0,0,0,,13.00,1.00,-12.00,1,,IN,India,20,0,0
important phases in sdlc,0,0,0,0,,1.00,3.00,2.00,1,,IN,India,0,0,0
media software development,250,0,,,,3.00,,,0,-1,US,United States,250,0,
a type ii error is committed when:,0,0,0,0,,9.00,1.00,-8.00,1,,US,United States,0,0,0
match the secure sdlc phases,40,,0,,,,4.00,,1,1,IN,India,40,0,
ab testing software,0,0,0,0,,18.00,37.00,19.00,1,,US,United States,0,0,0
levels of testing in software engineering,250,,0,,,,4.00,,1,1,IN,India,250,0,
software development for dummies,20,0,,,,1.00,,,0,-1,GB,United Kingdom,20,0,
vice president of information technology,20,0,,,,1.00,,,0,-1,US,United States,20,0,
cloudwatch live tail,10,0,0,0,,3.00,3.00,0.00,1,,US,United States,10,0,0
which 2 of these tools and reports would you use to identify errors in clients’ workflows?,0,0,,,,12.00,,,0,-1,US,United States,0,0,
waterfall sdlc,150,0,0,0,,4.00,3.00,-1.00,1,,MY,Malaysia,150,0,0
software process models,350,0,0,0,,5.00,5.00,0.00,1,,IN,India,350,0,0
monolithic vs microservice architecture,60,0,0,0,,1.00,1.00,0.00,1,,US,United States,60,0,0
rollback in dbms,300,,0,,,,3.00,,1,1,IN,India,300,0,
diff between sanity and smoke testing,0,0,,,,10.00,,,0,-1,IN,India,0,0,
maximum call stack size exceeded javascript,50,,0,,,,5.00,,1,1,IN,India,50,0,
software development system,100,0,,,,3.00,,,0,-1,US,United States,100,0,
test environment vs production environment,20,0,,,,1.00,,,0,-1,US,United States,20,0,
open source softwares,250,0,,,,1.00,,,0,-1,IN,India,250,0,
supply chain software,200,0,0,0,,3.00,1.00,-2.00,1,,PS,"Palestine, State of",200,0,0
tahap tahap sdlc,0,0,,,,1.00,,,0,-1,ID,Indonesia,0,0,
amazon web server price,30,0,0,0,,3.00,3.00,0.00,1,,IN,India,30,0,0
sdlc approach,70,,0,,,,1.00,,1,1,IN,India,70,0,
application development lifecycle,20,0,,,,1.00,,,0,-1,IN,India,20,0,
program design,1250,,0,,,,3.50,,2,2,PH,Philippines,1250,0,
fintech software development,200,0,,,,1.00,,,0,-1,IN,India,200,0,
which are threat modelling methods,20,,0,,,,1.00,,1,1,IN,India,20,0,
software testing life cycle,450,0,0,0,,3.00,3.00,0.00,1,,US,United States,450,0,0
how to make a software,90,0,,,,1.00,,,0,-1,US,United States,90,0,
what are ci/cd pipeline,60,,0,,,,1.00,,1,1,US,United States,60,0,
full form of ti,400,,0,,,,1.00,,1,1,IN,India,400,0,
java 9 main goals,0,0,,,,7.00,,,0,-1,IN,India,0,0,
what is trunk in trunk based devops delivery,0,0,0,0,,6.00,6.00,0.00,1,,IN,India,0,0,0
software process model,1000,,0,,,,4.00,,1,1,IN,India,1000,0,
in what phase of the sdlc does testing occur?,0,0,0,0,,4.00,4.00,0.00,1,,US,United States,0,0,0
false positive false negative true positive true negative,10,0,,,,1.00,,,0,-1,US,United States,10,0,
sdlc security,600,0,0,0,,3.00,3.00,0.00,1,,US,United States,600,0,0
azure devops updates,1000,,0,,,,4.00,,1,1,US,United States,1000,0,
new secret hub,0,0,0,0,,8.00,8.00,0.00,1,,MX,Mexico,0,0,0
mok test,400,,0,,,,8.00,,1,1,IN,India,400,0,
artifacts meaning in devops,40,0,0,0,,1.00,1.00,0.00,1,,IN,India,40,0,0
open offers to oss,0,0,0,0,,11.00,3.00,-8.00,1,,US,United States,0,0,0
what is devops lifecycle,50,0,0,0,,1.00,1.00,0.00,1,,IN,India,50,0,0
sdlc model example,20,,0,,,,1.00,,1,1,IN,India,20,0,
application lifecycle,300,0,,,,4.00,,,0,-1,US,United States,300,0,
argo cd vs jenkins,100,0,,,,1.00,,,0,-1,US,United States,100,0,
software implementation techniques in software engineering,20,0,0,0,,2.00,2.00,0.00,1,,IN,India,20,0,0
agile software development process,200,0,0,0,,4.50,3.00,-1.50,1,-1,US,United States,200,0,0
software development workflow,200,0,0,0,,4.00,1.00,-3.00,1,,US,United States,200,0,0
what is a ci?,10,,0,,,,1.00,,1,1,CA,Canada,10,0,
difference between black and white box testing,150,0,,,,1.00,,,0,-1,IN,India,150,0,
ci cd tools meaning,50,,0,,,,1.00,,1,1,US,United States,50,0,
spinnaker calls,0,0,0,0,,9.00,3.00,-6.00,1,,US,United States,0,0,0
which of the following is not a string method in java,0,0,,,,38.00,,,0,-1,IN,India,0,0,
what is a blue-green deployment,20,,0,,,,1.00,,1,1,US,United States,20,0,
java exception tostring,10,,0,,,,5.00,,1,1,US,United States,10,0,
fases de desarrollo de software,60,0,0,0,,2.00,1.00,-1.00,1,-1,ES,Spain,60,0,0
whats sdlc,50,0,0,0,,1.00,1.00,0.00,1,,US,United States,50,0,0
what is database migration,150,,0,,,,1.00,,1,1,US,United States,150,0,
ado tool,150,,0,,,,1.00,,1,1,IN,India,150,0,
software development definition,250,0,0,0,,2.00,2.00,0.00,1,,US,United States,250,0,0
prometheus connectors,0,0,0,0,,5.00,5.00,0.00,1,,US,United States,0,0,0
ci/cd branching strategy,100,0,,,,1.00,,,0,-1,US,United States,100,0,
spiral model,12950,,0,,,,4.33,,3,3,PK,Pakistan,12950,0,
which cloud deployment model best characterizes aws,0,,0,,,,9.00,,1,1,IN,India,0,0,
index out of bounds exception java,0,0,,,,2.00,,,0,-1,AU,Australia,0,0,
features flags,20,,0,,,,1.00,,1,1,BR,Brazil,20,0,
agile development process,700,,0,,,,5.00,,1,1,US,United States,700,0,
first step in system development life cycle,0,,0,,,,1.00,,1,1,IN,India,0,0,
green deployment,150,3,0,-3,,11.00,1.00,-10.00,1,,US,United States,150,0,-3
software tools for program development,350,0,0,0,,4.00,5.00,1.00,1,,IN,India,350,0,0
performance testing life cycle,150,0,,,,4.00,,,0,-1,IN,India,150,0,
software developement cycle,20,,0,,,,1.00,,1,1,US,United States,20,0,
software lifecycle management,890,0,0,0,,2.33,2.33,0.00,3,,NL,Netherlands,890,0,0
secure software development lifecycle,400,0,,,,7.00,,,0,-1,US,United States,400,0,
roadmap for software engineer,150,0,,,,7.00,,,0,-1,IN,India,150,0,
sdlc vs agile,40,0,,,,1.00,,,0,-1,PH,Philippines,40,0,
performance metrics software,50,,0,,,,1.00,,1,1,US,United States,50,0,
ci cd vs devops,30,0,,,,1.00,,,0,-1,IN,India,30,0,
plan driven development in software engineering,60,0,0,0,,3.00,3.00,0.00,1,,IN,India,60,0,0
agile software development lifecycle,350,,0,,,,5.00,,1,1,US,United States,350,0,
software development time estimation,100,,0,,,,6.00,,1,1,US,United States,100,0,
software development interview questions,100,0,,,,6.00,,,0,-1,IN,India,100,0,
what is a cloud deployment model,100,0,,,,1.00,,,0,-1,US,United States,100,0,
harness | deployments - citiprod,0,0,0,0,,1.00,1.00,0.00,1,,US,United States,0,0,0
merge master into branch,50,,0,,,,1.00,,1,1,US,United States,50,0,
choas engineering,100,0,0,0,,1.00,1.00,0.00,1,,US,United States,100,0,0
software engineering project,90,0,0,0,,3.00,3.00,0.00,1,,IN,India,90,0,0
illegalargumentexception,200,0,,,,4.00,,,0,-1,IN,India,200,0,
software custom development,250,0,,,,3.00,,,0,-1,US,United States,250,0,
cycles of development,20,0,0,0,,1.00,1.00,0.00,1,,US,United States,20,0,0
mttr software,50,0,0,0,,1.00,1.00,0.00,1,,US,United States,50,0,0
it product development life cycle,100,0,,,,1.00,,,0,-1,US,United States,100,0,
software testing fundamentals,200,,0,,,,7.00,,1,1,IN,India,200,0,
ai and devops,150,,0,,,,1.00,,1,1,US,United States,150,0,
bitbucket server,150,,0,,,,1.00,,1,1,US,United States,150,0,
7 etapas del desarrollo de software,50,0,0,0,,1.00,1.00,0.00,1,,MX,Mexico,50,0,0
software devlopment life cycle,20,0,0,0,,1.00,1.00,0.00,1,,IN,India,20,0,0
which of these is a continuous integration tool,0,0,0,0,,6.00,10.00,4.00,1,,IN,India,0,0,0
an artifact repository ensures,0,0,0,0,,3.00,3.00,0.00,1,,IN,India,0,0,0
throw new illegalargumentexception,10,0,,,,4.00,,,0,-1,CA,Canada,10,0,
trunk branching strategy,30,0,,,,1.00,,,0,-1,US,United States,30,0,
specialized process model in software engineering,150,,0,,,,8.00,,1,1,IN,India,150,0,
split nodejs,0,0,0,0,,10.00,9.00,-1.00,1,,BR,Brazil,0,0,0
does alpha or beta come first,30,0,,,,1.00,,,0,-1,US,United States,30,0,
what is spiral model in software engineering,450,,0,,,,3.00,,1,1,IN,India,450,0,
what is difference between sdlc and stlc,20,0,0,0,,1.00,1.00,0.00,1,,IN,India,20,0,0
sdlc agile,400,0,0,0,,4.00,4.00,0.00,1,,US,United States,400,0,0
how to create software,20,,0,,,,1.00,,1,1,ZA,South Africa,20,0,
guardrails,3470,0,0,0,,2.71,2.83,0.12,6,-1,BH,Bahrain,3470,0,0
bayesian,200,0,0,0,,1.00,1.00,0.00,1,-2,HK,Hong Kong,200,0,0
how does ci cd work,100,0,0,0,,1.00,1.00,0.00,1,,US,United States,100,0,0
process life cycle,400,,0,,,,4.00,,1,1,IN,India,400,0,
what is an ab test,20,0,,,,1.00,,,0,-1,CA,Canada,20,0,
epics and features,30,0,,,,1.00,,,0,-1,US,United States,30,0,
illegalargumentexception in java,40,0,0,0,,6.00,6.00,0.00,1,,IN,India,40,0,0
software testing services,700,,0,,,,7.00,,1,1,IN,India,700,0,
agile development cycle,300,0,0,0,,3.00,2.00,-1.00,1,,US,United States,300,0,0
types of sdlc models,350,,0,,,,1.00,,1,1,IN,India,350,0,
java se,1200,0,,,,4.00,,,0,-1,US,United States,1200,0,
mock test ka matlab kya hota hai,250,,0,,,,3.00,,1,1,IN,India,250,0,
adlc full form,150,0,0,0,,2.00,2.00,0.00,1,,IN,India,150,0,0
how to make a computer application,10,0,,,,1.00,,,0,-1,US,United States,10,0,
alpha vs beta game development,20,0,0,0,,1.00,1.00,0.00,1,,US,United States,20,0,0
azure application development services,300,,0,,,,5.00,,1,1,US,United States,300,0,
feature in agile,40,,0,,,,1.00,,1,1,IN,India,40,0,
software company development,200,0,,,,1.00,,,0,-1,US,United States,200,0,
industrial project,350,,0,,,,3.00,,1,1,IN,India,350,0,
software development code,10,0,,,,1.00,,,0,-1,IN,India,10,0,
which of the following changes in secure sdlc,150,0,,,,5.00,,,0,-1,IN,India,150,0,
software development ads,10,0,,,,2.00,,,0,-1,IN,India,10,0,
what is correct software process cycle,0,0,0,0,,6.00,5.00,-1.00,1,,IN,India,0,0,0
levels of software testing,250,,0,,,,3.00,,1,1,IN,India,250,0,
continuous delivery focuses on manual delivery pipeline. true false,10,0,,,,3.00,,,0,-1,IN,India,10,0,
ciclo de vida del software,150,0,0,0,,1.00,3.00,2.00,1,,ES,Spain,150,0,0
"accelerate innovation by shifting left finops, part 2",0,0,,,,45.00,,,0,-1,US,United States,0,0,
a type ii error,20,,0,,,,1.00,,1,1,US,United States,20,0,
multivariate-testen,0,0,0,0,,8.00,6.00,-2.00,1,,US,United States,0,0,0
product development lifecycle,500,0,0,0,,5.00,5.00,0.00,1,,US,United States,500,0,0
what is alpha testing and beta testing,50,,0,,,,1.00,,1,1,US,United States,50,0,
